plan,kpi,mean,ci95,change_pct,p_value,instance,version
Hiện trạng,distance_m,29.421111111111113,0.6269862392533949,0.0,,grid_small,model
Hiện trạng,trip_time_min,3.0230775278666098,0.16285202252039305,0.0,,grid_small,model
Hiện trạng,exposed_slots,9.805555555555555,0.41257825141950055,0.0,,grid_small,model
Hiện trạng,impulse_revenue,0.6632222222222222,0.10244147179620586,0.0,,grid_small,model
Hiện trạng,impulse_items,1.4800000000000002,0.2383060869380319,0.0,,grid_small,model
Hiện trạng,basket_value,2.992888888888889,0.22468350176246701,0.0,,grid_small,model
Hiện trạng,congestion_cells,22.666666666666668,5.171145012478181,0.0,,grid_small,model
Tiện lợi – theo mô hình,distance_m,29.73555555555556,0.9105618871225498,1.0687714792854814,0.25,grid_small,model
Tiện lợi – theo mô hình,trip_time_min,2.7966154441735327,0.13336904287578474,-7.491110684577504,0.25,grid_small,model
Tiện lợi – theo mô hình,exposed_slots,8.323333333333332,0.31258047396491523,-15.116147308781876,0.25,grid_small,model
Tiện lợi – theo mô hình,impulse_revenue,0.4535555555555555,0.014210600274874495,-31.613335567096673,0.25,grid_small,model
Tiện lợi – theo mô hình,impulse_items,0.9766666666666666,0.03679916490191461,-34.00900900900903,0.25,grid_small,model
Tiện lợi – theo mô hình,basket_value,2.7832222222222227,0.1282003424067116,-7.00549450549449,0.25,grid_small,model
Tiện lợi – theo mô hình,congestion_cells,27.333333333333332,2.8684351531307613,20.588235294117634,0.25,grid_small,model
Tiện lợi – chọn bằng mô phỏng,distance_m,29.421111111111113,0.6269862392533949,0.0,,grid_small,model
Tiện lợi – chọn bằng mô phỏng,trip_time_min,3.0230775278666098,0.16285202252039305,0.0,,grid_small,model
Tiện lợi – chọn bằng mô phỏng,exposed_slots,9.805555555555555,0.41257825141950055,0.0,,grid_small,model
Tiện lợi – chọn bằng mô phỏng,impulse_revenue,0.6632222222222222,0.10244147179620586,0.0,,grid_small,model
Tiện lợi – chọn bằng mô phỏng,impulse_items,1.4800000000000002,0.2383060869380319,0.0,,grid_small,model
Tiện lợi – chọn bằng mô phỏng,basket_value,2.992888888888889,0.22468350176246701,0.0,,grid_small,model
Tiện lợi – chọn bằng mô phỏng,congestion_cells,22.666666666666668,5.171145012478181,0.0,,grid_small,model
Tiện lợi – tinh chỉnh,distance_m,29.438888888888886,0.49726437453013045,0.06042524264510029,0.75,grid_small,model
Tiện lợi – tinh chỉnh,trip_time_min,3.0443847657028296,0.13713309469280813,0.7048194311859526,0.25,grid_small,model
Tiện lợi – tinh chỉnh,exposed_slots,9.807777777777778,0.3194780237483055,0.02266288951841714,1.0,grid_small,model
Tiện lợi – tinh chỉnh,impulse_revenue,0.68175,0.09909754168513797,2.793600268051605,0.5,grid_small,model
Tiện lợi – tinh chỉnh,impulse_items,1.5255555555555558,0.1807689512546747,3.0780780780780788,0.5,grid_small,model
Tiện lợi – tinh chỉnh,basket_value,3.011416666666667,0.18537551145192277,0.6190599940599988,0.5,grid_small,model
Tiện lợi – tinh chỉnh,congestion_cells,26.666666666666668,1.4342175765653808,17.64705882352941,0.25,grid_small,model
Cân bằng – theo mô hình,distance_m,30.435555555555553,0.7946796416237114,3.448015408436858,0.25,grid_small,model
Cân bằng – theo mô hình,trip_time_min,2.9015635642835655,0.14131111224077045,-4.019545065018455,0.25,grid_small,model
Cân bằng – theo mô hình,exposed_slots,8.421666666666665,0.3365830902397926,-14.113314447592083,0.25,grid_small,model
Cân bằng – theo mô hình,impulse_revenue,0.5420000000000001,0.012063637056366143,-18.277768470430527,0.25,grid_small,model
Cân bằng – theo mô hình,impulse_items,1.1911111111111112,0.022802606160782,-19.519519519519523,0.25,grid_small,model
Cân bằng – theo mô hình,basket_value,2.871666666666666,0.14724192377265263,-4.050341550341569,0.25,grid_small,model
Cân bằng – theo mô hình,congestion_cells,29.666666666666668,3.794583033549736,30.882352941176467,0.25,grid_small,model
Cân bằng – chọn bằng mô phỏng,distance_m,29.421111111111113,0.6269862392533949,0.0,,grid_small,model
Cân bằng – chọn bằng mô phỏng,trip_time_min,3.0230775278666098,0.16285202252039305,0.0,,grid_small,model
Cân bằng – chọn bằng mô phỏng,exposed_slots,9.805555555555555,0.41257825141950055,0.0,,grid_small,model
Cân bằng – chọn bằng mô phỏng,impulse_revenue,0.6632222222222222,0.10244147179620586,0.0,,grid_small,model
Cân bằng – chọn bằng mô phỏng,impulse_items,1.4800000000000002,0.2383060869380319,0.0,,grid_small,model
Cân bằng – chọn bằng mô phỏng,basket_value,2.992888888888889,0.22468350176246701,0.0,,grid_small,model
Cân bằng – chọn bằng mô phỏng,congestion_cells,22.666666666666668,5.171145012478181,0.0,,grid_small,model
Cân bằng – tinh chỉnh,distance_m,29.438888888888886,0.49726437453013045,0.06042524264510029,0.75,grid_small,model
Cân bằng – tinh chỉnh,trip_time_min,3.0443847657028296,0.13713309469280813,0.7048194311859526,0.25,grid_small,model
Cân bằng – tinh chỉnh,exposed_slots,9.807777777777778,0.3194780237483055,0.02266288951841714,1.0,grid_small,model
Cân bằng – tinh chỉnh,impulse_revenue,0.68175,0.09909754168513797,2.793600268051605,0.5,grid_small,model
Cân bằng – tinh chỉnh,impulse_items,1.5255555555555558,0.1807689512546747,3.0780780780780788,0.5,grid_small,model
Cân bằng – tinh chỉnh,basket_value,3.011416666666667,0.18537551145192277,0.6190599940599988,0.5,grid_small,model
Cân bằng – tinh chỉnh,congestion_cells,26.666666666666668,1.4342175765653808,17.64705882352941,0.25,grid_small,model
Giá trị – theo mô hình,distance_m,31.895555555555557,0.39489485138349434,8.410438460666942,0.25,grid_small,model
Giá trị – theo mô hình,trip_time_min,3.2090450738321294,0.12031722536169563,6.151596981925808,0.25,grid_small,model
Giá trị – theo mô hình,exposed_slots,9.957222222222223,0.4181905088275108,1.5467422096317343,0.25,grid_small,model
Giá trị – theo mô hình,impulse_revenue,0.7874444444444445,0.08056293388843007,18.730105545317496,0.25,grid_small,model
Giá trị – theo mô hình,impulse_items,1.7355555555555557,0.17847863097565286,17.267267267267265,0.25,grid_small,model
Giá trị – theo mô hình,basket_value,3.117111111111111,0.1518866678417083,4.150579150579143,0.25,grid_small,model
Giá trị – theo mô hình,congestion_cells,24.333333333333332,6.251609479298304,7.352941176470577,0.75,grid_small,model
Giá trị – chọn bằng mô phỏng,distance_m,32.01777777777778,0.2992825651658952,8.82586200385211,0.25,grid_small,model
Giá trị – chọn bằng mô phỏng,trip_time_min,3.2005827987114714,0.13841260940501635,5.87167445123802,0.25,grid_small,model
Giá trị – chọn bằng mô phỏng,exposed_slots,10.011666666666667,0.41647910307786745,2.101983002832864,0.25,grid_small,model
Giá trị – chọn bằng mô phỏng,impulse_revenue,0.8081666666666667,0.0942236559506722,21.85458200703637,0.25,grid_small,model
Giá trị – chọn bằng mô phỏng,impulse_items,1.7944444444444445,0.17809404737707546,21.246246246246233,0.25,grid_small,model
Giá trị – chọn bằng mô phỏng,basket_value,3.137833333333333,0.13446809629677647,4.842961092961081,0.25,grid_small,model
Giá trị – chọn bằng mô phỏng,congestion_cells,28.0,8.605305459392284,23.529411764705877,0.25,grid_small,model
Giá trị – tinh chỉnh,distance_m,31.93777777777778,0.21850581835438782,8.553948411949088,0.25,grid_small,model
Giá trị – tinh chỉnh,trip_time_min,3.2361246506967802,0.07874966562105337,7.047358887303103,0.25,grid_small,model
Giá trị – tinh chỉnh,exposed_slots,10.083333333333334,0.38712806491877805,2.832861189801708,0.25,grid_small,model
Giá trị – tinh chỉnh,impulse_revenue,0.8076666666666666,0.09313193000415987,21.77919249455521,0.25,grid_small,model
Giá trị – tinh chỉnh,impulse_items,1.8105555555555555,0.14987020869728312,22.334834834834815,0.25,grid_small,model
Giá trị – tinh chỉnh,basket_value,3.1373333333333338,0.20053749918469196,4.826254826254838,0.25,grid_small,model
Giá trị – tinh chỉnh,congestion_cells,32.333333333333336,12.253960345774848,42.64705882352941,0.25,grid_small,model
Hiện trạng,distance_m,36.32333333333333,0.6003761087650555,0.0,,racetrack_small,model
Hiện trạng,trip_time_min,3.2300402148300003,0.09030345646932696,0.0,,racetrack_small,model
Hiện trạng,exposed_slots,10.122777777777777,0.35273038468035545,0.0,,racetrack_small,model
Hiện trạng,impulse_revenue,0.6523055555555556,0.033918521325725336,0.0,,racetrack_small,model
Hiện trạng,impulse_items,1.5527777777777778,0.07902670438640558,0.0,,racetrack_small,model
Hiện trạng,basket_value,2.981972222222222,0.16429283346853232,0.0,,racetrack_small,model
Hiện trạng,congestion_cells,24.666666666666668,7.589166067099472,0.0,,racetrack_small,model
Tiện lợi – theo mô hình,distance_m,35.18333333333333,0.9540871245295197,-3.138478480315685,0.25,racetrack_small,model
Tiện lợi – theo mô hình,trip_time_min,2.970446753015635,0.13764166606120415,-8.036849220096405,0.25,racetrack_small,model
Tiện lợi – theo mô hình,exposed_slots,8.638333333333334,0.33423219263219145,-14.664398221831945,0.25,racetrack_small,model
Tiện lợi – theo mô hình,impulse_revenue,0.49272222222222223,0.04269976560291901,-24.464506238555554,0.25,racetrack_small,model
Tiện lợi – theo mô hình,impulse_items,1.1211111111111112,0.10220023298606776,-27.799642218246866,0.25,racetrack_small,model
Tiện lợi – theo mô hình,basket_value,2.8223888888888893,0.17703358705546576,-5.3516036180379984,0.25,racetrack_small,model
Tiện lợi – theo mô hình,congestion_cells,31.666666666666668,10.342290024956363,28.378378378378375,0.25,racetrack_small,model
Tiện lợi – chọn bằng mô phỏng,distance_m,34.50888888888889,1.028722765676975,-4.995258633874756,0.25,racetrack_small,model
Tiện lợi – chọn bằng mô phỏng,trip_time_min,2.927634158215273,0.15783278785559776,-9.362300048968367,0.25,racetrack_small,model
Tiện lợi – chọn bằng mô phỏng,exposed_slots,8.373333333333333,0.5002829683557544,-17.28225673673234,0.25,racetrack_small,model
Tiện lợi – chọn bằng mô phỏng,impulse_revenue,0.4583333333333333,0.03313929814652387,-29.73640505897884,0.25,racetrack_small,model
Tiện lợi – chọn bằng mô phỏng,impulse_items,1.0377777777777777,0.07793462004418973,-33.16636851520573,0.25,racetrack_small,model
Tiện lợi – chọn bằng mô phỏng,basket_value,2.7880000000000003,0.1512854539593267,-6.504829950349765,0.25,racetrack_small,model
Tiện lợi – chọn bằng mô phỏng,congestion_cells,33.666666666666664,3.7945830335497357,36.48648648648647,0.25,racetrack_small,model
Tiện lợi – tinh chỉnh,distance_m,34.50888888888889,1.028722765676975,-4.995258633874756,0.25,racetrack_small,model
Tiện lợi – tinh chỉnh,trip_time_min,2.927634158215273,0.15783278785559776,-9.362300048968367,0.25,racetrack_small,model
Tiện lợi – tinh chỉnh,exposed_slots,8.373333333333333,0.5002829683557544,-17.28225673673234,0.25,racetrack_small,model
Tiện lợi – tinh chỉnh,impulse_revenue,0.4583333333333333,0.03313929814652387,-29.73640505897884,0.25,racetrack_small,model
Tiện lợi – tinh chỉnh,impulse_items,1.0377777777777777,0.07793462004418973,-33.16636851520573,0.25,racetrack_small,model
Tiện lợi – tinh chỉnh,basket_value,2.7880000000000003,0.1512854539593267,-6.504829950349765,0.25,racetrack_small,model
Tiện lợi – tinh chỉnh,congestion_cells,33.666666666666664,3.7945830335497357,36.48648648648647,0.25,racetrack_small,model
Cân bằng – theo mô hình,distance_m,35.946666666666665,1.042187140613644,-1.0369826557768151,0.25,racetrack_small,model
Cân bằng – theo mô hình,trip_time_min,3.1427808019995207,0.14567068464388547,-2.7014961742534247,0.25,racetrack_small,model
Cân bằng – theo mô hình,exposed_slots,9.386666666666667,0.4814252049015344,-7.2718292080566345,0.25,racetrack_small,model
Cân bằng – theo mô hình,impulse_revenue,0.6133611111111112,0.01969584830159909,-5.970276370140085,0.25,racetrack_small,model
Cân bằng – theo mô hình,impulse_items,1.433888888888889,0.05990231575359131,-7.656529516994628,0.25,racetrack_small,model
Cân bằng – theo mô hình,basket_value,2.9430277777777776,0.15556004508489354,-1.305996218013798,0.25,racetrack_small,model
Cân bằng – theo mô hình,congestion_cells,40.666666666666664,7.589166067099471,64.86486486486484,0.25,racetrack_small,model
Cân bằng – chọn bằng mô phỏng,distance_m,36.66444444444444,0.8970964382977513,0.9390963873849073,0.25,racetrack_small,model
Cân bằng – chọn bằng mô phỏng,trip_time_min,3.4196083868645446,0.09741437791305894,5.868910583966877,0.25,racetrack_small,model
Cân bằng – chọn bằng mô phỏng,exposed_slots,10.24111111111111,0.26711165981286067,1.1689808462762643,0.25,racetrack_small,model
Cân bằng – chọn bằng mô phỏng,impulse_revenue,0.7782777777777778,0.012761604095512838,19.311842609547337,0.25,racetrack_small,model
Cân bằng – chọn bằng mô phỏng,impulse_items,1.8244444444444443,0.045416889924570485,17.495527728085857,0.25,racetrack_small,model
Cân bằng – chọn bằng mô phỏng,basket_value,3.107944444444444,0.13824497501182023,4.224459949138812,0.25,racetrack_small,model
Cân bằng – chọn bằng mô phỏng,congestion_cells,36.333333333333336,7.589166067099471,47.2972972972973,0.25,racetrack_small,model
Cân bằng – tinh chỉnh,distance_m,36.66444444444444,0.8970964382977513,0.9390963873849073,0.25,racetrack_small,model
Cân bằng – tinh chỉnh,trip_time_min,3.4196083868645446,0.09741437791305894,5.868910583966877,0.25,racetrack_small,model
Cân bằng – tinh chỉnh,exposed_slots,10.24111111111111,0.26711165981286067,1.1689808462762643,0.25,racetrack_small,model
Cân bằng – tinh chỉnh,impulse_revenue,0.7782777777777778,0.012761604095512838,19.311842609547337,0.25,racetrack_small,model
Cân bằng – tinh chỉnh,impulse_items,1.8244444444444443,0.045416889924570485,17.495527728085857,0.25,racetrack_small,model
Cân bằng – tinh chỉnh,basket_value,3.107944444444444,0.13824497501182023,4.224459949138812,0.25,racetrack_small,model
Cân bằng – tinh chỉnh,congestion_cells,36.333333333333336,7.589166067099471,47.2972972972973,0.25,racetrack_small,model
Giá trị – theo mô hình,distance_m,39.85,0.7447351135470769,9.709094246122799,0.25,racetrack_small,model
Giá trị – theo mô hình,trip_time_min,3.6616342200765595,0.23231969282382117,13.361877145213017,0.25,racetrack_small,model
Giá trị – theo mô hình,exposed_slots,11.091666666666667,0.6942635319818453,9.571373689698705,0.25,racetrack_small,model
Giá trị – theo mô hình,impulse_revenue,0.9783333333333334,0.1341282611221542,49.98083720137973,0.25,racetrack_small,model
Giá trị – theo mô hình,impulse_items,2.2583333333333333,0.2874106657488143,45.43828264758496,0.25,racetrack_small,model
Giá trị – theo mô hình,basket_value,3.308,0.26547177830087026,10.933293588322428,0.25,racetrack_small,model
Giá trị – theo mô hình,congestion_cells,38.666666666666664,18.644828495349948,56.75675675675674,0.25,racetrack_small,model
Giá trị – chọn bằng mô phỏng,distance_m,38.114444444444445,0.7714763455903512,4.931020770242583,0.25,racetrack_small,model
Giá trị – chọn bằng mô phỏng,trip_time_min,3.5374137064249234,0.15860556337826842,9.516088690898867,0.25,racetrack_small,model
Giá trị – chọn bằng mô phỏng,exposed_slots,10.743333333333334,0.4540493653841139,6.130289226716437,0.25,racetrack_small,model
Giá trị – chọn bằng mô phỏng,impulse_revenue,0.9167222222222223,0.07341916219569362,40.535706681429126,0.25,racetrack_small,model
Giá trị – chọn bằng mô phỏng,impulse_items,2.072777777777778,0.14820248291175608,33.488372093023266,0.25,racetrack_small,model
Giá trị – chọn bằng mô phỏng,basket_value,3.2463888888888888,0.2060587212901061,8.867174036571631,0.25,racetrack_small,model
Giá trị – chọn bằng mô phỏng,congestion_cells,34.0,6.57241060764698,37.83783783783783,0.25,racetrack_small,model
Giá trị – tinh chỉnh,distance_m,38.42444444444444,0.5696289812795513,5.7844666727845535,0.25,racetrack_small,model
Giá trị – tinh chỉnh,trip_time_min,3.6971754215038253,0.11253488430245706,14.462210239026723,0.25,racetrack_small,model
Giá trị – tinh chỉnh,exposed_slots,11.285000000000002,0.3331534414827456,11.481257889248692,0.25,racetrack_small,model
Giá trị – tinh chỉnh,impulse_revenue,1.0221111111111112,0.016774743362303765,56.6920751181706,0.25,racetrack_small,model
Giá trị – tinh chỉnh,impulse_items,2.328333333333333,0.02484137711719548,49.946332737030396,0.25,racetrack_small,model
Giá trị – tinh chỉnh,basket_value,3.351777777777778,0.12197128344438139,12.401374928971341,0.25,racetrack_small,model
Giá trị – tinh chỉnh,congestion_cells,37.0,13.14482121529396,49.99999999999999,0.25,racetrack_small,model
Hiện trạng,distance_m,42.10444444444445,0.6647271406843062,0.0,,free_small,model
Hiện trạng,trip_time_min,3.4793144012828265,0.1758426549872696,0.0,,free_small,model
Hiện trạng,exposed_slots,10.643333333333333,0.7453908068101031,0.0,,free_small,model
Hiện trạng,impulse_revenue,0.6046944444444445,0.05894425345817588,0.0,,free_small,model
Hiện trạng,impulse_items,1.4405555555555554,0.1417587824069423,0.0,,free_small,model
Hiện trạng,basket_value,2.934361111111111,0.1817693181865473,0.0,,free_small,model
Hiện trạng,congestion_cells,33.0,17.210610918784568,0.0,,free_small,model
Tiện lợi – theo mô hình,distance_m,43.49444444444445,0.9809228104002371,3.3013141922204055,0.25,free_small,model
Tiện lợi – theo mô hình,trip_time_min,3.115427048377926,0.11132030352340824,-10.458593588746531,0.25,free_small,model
Tiện lợi – theo mô hình,exposed_slots,8.41611111111111,0.21193500200873538,-20.92598392316526,0.25,free_small,model
Tiện lợi – theo mô hình,impulse_revenue,0.38938888888888884,0.02233070830458098,-35.6056777987046,0.25,free_small,model
Tiện lợi – theo mô hình,impulse_items,0.8616666666666667,0.051711450124781844,-40.18511376783647,0.25,free_small,model
Tiện lợi – theo mô hình,basket_value,2.719055555555556,0.12875670043595697,-7.337391254958004,0.25,free_small,model
Tiện lợi – theo mô hình,congestion_cells,31.0,12.907958189088427,-6.0606060606060606,0.75,free_small,model
Tiện lợi – chọn bằng mô phỏng,distance_m,42.10444444444445,0.6647271406843062,0.0,,free_small,model
Tiện lợi – chọn bằng mô phỏng,trip_time_min,3.4793144012828265,0.1758426549872696,0.0,,free_small,model
Tiện lợi – chọn bằng mô phỏng,exposed_slots,10.643333333333333,0.7453908068101031,0.0,,free_small,model
Tiện lợi – chọn bằng mô phỏng,impulse_revenue,0.6046944444444445,0.05894425345817588,0.0,,free_small,model
Tiện lợi – chọn bằng mô phỏng,impulse_items,1.4405555555555554,0.1417587824069423,0.0,,free_small,model
Tiện lợi – chọn bằng mô phỏng,basket_value,2.934361111111111,0.1817693181865473,0.0,,free_small,model
Tiện lợi – chọn bằng mô phỏng,congestion_cells,33.0,17.210610918784568,0.0,,free_small,model
Tiện lợi – tinh chỉnh,distance_m,42.10444444444445,0.6647271406843062,0.0,,free_small,model
Tiện lợi – tinh chỉnh,trip_time_min,3.4793144012828265,0.1758426549872696,0.0,,free_small,model
Tiện lợi – tinh chỉnh,exposed_slots,10.643333333333333,0.7453908068101031,0.0,,free_small,model
Tiện lợi – tinh chỉnh,impulse_revenue,0.6046944444444445,0.05894425345817588,0.0,,free_small,model
Tiện lợi – tinh chỉnh,impulse_items,1.4405555555555554,0.1417587824069423,0.0,,free_small,model
Tiện lợi – tinh chỉnh,basket_value,2.934361111111111,0.1817693181865473,0.0,,free_small,model
Tiện lợi – tinh chỉnh,congestion_cells,33.0,17.210610918784568,0.0,,free_small,model
Cân bằng – theo mô hình,distance_m,43.85999999999999,1.0118097520451141,4.169525518551726,0.25,free_small,model
Cân bằng – theo mô hình,trip_time_min,3.0641655749039436,0.14480753858126563,-11.931914696349866,0.25,free_small,model
Cân bằng – theo mô hình,exposed_slots,8.399444444444443,0.2692528910518272,-21.082576469360067,0.25,free_small,model
Cân bằng – theo mô hình,impulse_revenue,0.3773611111111111,0.03071685733349655,-37.594744820616484,0.25,free_small,model
Cân bằng – theo mô hình,impulse_items,0.8238888888888889,0.035212240309996076,-42.80755881218665,0.25,free_small,model
Cân bằng – theo mô hình,basket_value,2.707027777777778,0.15207586791516065,-7.7472855154917255,0.25,free_small,model
Cân bằng – theo mô hình,congestion_cells,26.333333333333332,5.171145012478181,-20.202020202020204,0.25,free_small,model
Cân bằng – chọn bằng mô phỏng,distance_m,42.10444444444445,0.6647271406843062,0.0,,free_small,model
Cân bằng – chọn bằng mô phỏng,trip_time_min,3.4793144012828265,0.1758426549872696,0.0,,free_small,model
Cân bằng – chọn bằng mô phỏng,exposed_slots,10.643333333333333,0.7453908068101031,0.0,,free_small,model
Cân bằng – chọn bằng mô phỏng,impulse_revenue,0.6046944444444445,0.05894425345817588,0.0,,free_small,model
Cân bằng – chọn bằng mô phỏng,impulse_items,1.4405555555555554,0.1417587824069423,0.0,,free_small,model
Cân bằng – chọn bằng mô phỏng,basket_value,2.934361111111111,0.1817693181865473,0.0,,free_small,model
Cân bằng – chọn bằng mô phỏng,congestion_cells,33.0,17.210610918784568,0.0,,free_small,model
Cân bằng – tinh chỉnh,distance_m,42.10444444444445,0.6647271406843062,0.0,,free_small,model
Cân bằng – tinh chỉnh,trip_time_min,3.4793144012828265,0.1758426549872696,0.0,,free_small,model
Cân bằng – tinh chỉnh,exposed_slots,10.643333333333333,0.7453908068101031,0.0,,free_small,model
Cân bằng – tinh chỉnh,impulse_revenue,0.6046944444444445,0.05894425345817588,0.0,,free_small,model
Cân bằng – tinh chỉnh,impulse_items,1.4405555555555554,0.1417587824069423,0.0,,free_small,model
Cân bằng – tinh chỉnh,basket_value,2.934361111111111,0.1817693181865473,0.0,,free_small,model
Cân bằng – tinh chỉnh,congestion_cells,33.0,17.210610918784568,0.0,,free_small,model
Giá trị – theo mô hình,distance_m,44.99777777777778,0.655691762364103,6.871800285005536,0.25,free_small,model
Giá trị – theo mô hình,trip_time_min,4.242596188104189,0.15132811774195368,21.937706651055727,0.25,free_small,model
Giá trị – theo mô hình,exposed_slots,13.34111111111111,0.6282016696534127,25.347113477398466,0.25,free_small,model
Giá trị – theo mô hình,impulse_revenue,1.0913611111111112,0.051426556226116256,80.48141853093848,0.25,free_small,model
Giá trị – theo mô hình,impulse_items,2.463888888888889,0.14344167596198215,71.03740840725033,0.25,free_small,model
Giá trị – theo mô hình,basket_value,3.4210277777777782,0.1477203973847588,16.585098024366484,0.25,free_small,model
Giá trị – theo mô hình,congestion_cells,42.666666666666664,1.4342175765653808,29.292929292929283,0.25,free_small,model
Giá trị – chọn bằng mô phỏng,distance_m,44.99777777777778,0.655691762364103,6.871800285005536,0.25,free_small,model
Giá trị – chọn bằng mô phỏng,trip_time_min,4.242596188104189,0.15132811774195368,21.937706651055727,0.25,free_small,model
Giá trị – chọn bằng mô phỏng,exposed_slots,13.34111111111111,0.6282016696534127,25.347113477398466,0.25,free_small,model
Giá trị – chọn bằng mô phỏng,impulse_revenue,1.0913611111111112,0.051426556226116256,80.48141853093848,0.25,free_small,model
Giá trị – chọn bằng mô phỏng,impulse_items,2.463888888888889,0.14344167596198215,71.03740840725033,0.25,free_small,model
Giá trị – chọn bằng mô phỏng,basket_value,3.4210277777777782,0.1477203973847588,16.585098024366484,0.25,free_small,model
Giá trị – chọn bằng mô phỏng,congestion_cells,42.666666666666664,1.4342175765653808,29.292929292929283,0.25,free_small,model
Giá trị – tinh chỉnh,distance_m,44.99777777777778,0.655691762364103,6.871800285005536,0.25,free_small,model
Giá trị – tinh chỉnh,trip_time_min,4.242596188104189,0.15132811774195368,21.937706651055727,0.25,free_small,model
Giá trị – tinh chỉnh,exposed_slots,13.34111111111111,0.6282016696534127,25.347113477398466,0.25,free_small,model
Giá trị – tinh chỉnh,impulse_revenue,1.0913611111111112,0.051426556226116256,80.48141853093848,0.25,free_small,model
Giá trị – tinh chỉnh,impulse_items,2.463888888888889,0.14344167596198215,71.03740840725033,0.25,free_small,model
Giá trị – tinh chỉnh,basket_value,3.4210277777777782,0.1477203973847588,16.585098024366484,0.25,free_small,model
Giá trị – tinh chỉnh,congestion_cells,42.666666666666664,1.4342175765653808,29.292929292929283,0.25,free_small,model
Hiện trạng,distance_m,46.682222222222215,0.5386967378449193,0.0,,grid_medium,model
Hiện trạng,trip_time_min,4.678184829857003,0.15670354411937218,0.0,,grid_medium,model
Hiện trạng,exposed_slots,14.755555555555555,0.3665058138024005,0.0,,grid_medium,model
Hiện trạng,impulse_revenue,0.7358055555555555,0.04926931114310363,0.0,,grid_medium,model
Hiện trạng,impulse_items,1.4455555555555557,0.07363713725698941,0.0,,grid_medium,model
Hiện trạng,basket_value,3.686027777777778,0.12017302950025212,0.0,,grid_medium,model
Hiện trạng,congestion_cells,35.666666666666664,18.809587177601763,0.0,,grid_medium,model
Tiện lợi – theo mô hình,distance_m,44.89333333333334,1.0563672092998846,-3.832055981339529,0.25,grid_medium,model
Tiện lợi – theo mô hình,trip_time_min,4.243797957856651,0.220304733860605,-9.28537216460577,0.25,grid_medium,model
Tiện lợi – theo mô hình,exposed_slots,12.502222222222223,0.5816003290018011,-15.27108433734939,0.25,grid_medium,model
Tiện lợi – theo mô hình,impulse_revenue,0.5913055555555555,0.03931274560948951,-19.638340443202836,0.25,grid_medium,model
Tiện lợi – theo mô hình,impulse_items,1.0877777777777777,0.05242474520106806,-24.75019215987703,0.25,grid_medium,model
Tiện lợi – theo mô hình,basket_value,3.541527777777778,0.1743209128750683,-3.9202091983993568,0.25,grid_medium,model
Tiện lợi – theo mô hình,congestion_cells,31.333333333333332,14.973671099809458,-12.14953271028037,0.25,grid_medium,model
Tiện lợi – chọn bằng mô phỏng,distance_m,44.92666666666667,0.7890803908553463,-3.7606512115009076,0.25,grid_medium,model
Tiện lợi – chọn bằng mô phỏng,trip_time_min,4.399036183755555,0.17999810368787533,-5.96702901347273,0.25,grid_medium,model
Tiện lợi – chọn bằng mô phỏng,exposed_slots,12.75277777777778,0.5515111043772402,-13.573042168674679,0.25,grid_medium,model
Tiện lợi – chọn bằng mô phỏng,impulse_revenue,0.7045277777777779,0.08896589635156447,-4.2508210955490755,0.25,grid_medium,model
Tiện lợi – chọn bằng mô phỏng,impulse_items,1.2716666666666667,0.15530000375883243,-12.029208301306694,0.25,grid_medium,model
Tiện lợi – chọn bằng mô phỏng,basket_value,3.65475,0.19026111568211593,-0.8485497034597667,0.25,grid_medium,model
Tiện lợi – chọn bằng mô phỏng,congestion_cells,38.666666666666664,13.681563696469265,8.41121495327103,0.75,grid_medium,model
Tiện lợi – tinh chỉnh,distance_m,44.346666666666664,0.5758343383100456,-5.003094206692999,0.25,grid_medium,model
Tiện lợi – tinh chỉnh,trip_time_min,4.338762816075202,0.13582044901296236,-7.255421197032429,0.25,grid_medium,model
Tiện lợi – tinh chỉnh,exposed_slots,12.612777777777778,0.3004544147316349,-14.521837349397588,0.25,grid_medium,model
Tiện lợi – tinh chỉnh,impulse_revenue,0.6440555555555556,0.009732475260941521,-12.469326890407324,0.25,grid_medium,model
Tiện lợi – tinh chỉnh,impulse_items,1.1816666666666666,0.007171087882827069,-18.255188316679487,0.25,grid_medium,model
Tiện lợi – tinh chỉnh,basket_value,3.5942777777777777,0.1461911955661901,-2.489129369917939,0.25,grid_medium,model
Tiện lợi – tinh chỉnh,congestion_cells,34.0,12.907958189088427,-4.672897196261676,0.75,grid_medium,model
Cân bằng – theo mô hình,distance_m,45.75666666666666,1.4574313612609187,-1.9826724425191584,0.25,grid_medium,model
Cân bằng – theo mô hình,trip_time_min,4.53607825949145,0.22257713752776329,-3.0376433495872788,0.25,grid_medium,model
Cân bằng – theo mô hình,exposed_slots,12.823888888888888,0.5361930247497446,-13.091114457831326,0.25,grid_medium,model
Cân bằng – theo mô hình,impulse_revenue,0.7627222222222222,0.0048119964904581106,3.6581222394201416,0.25,grid_medium,model
Cân bằng – theo mô hình,impulse_items,1.3116666666666665,0.05570109142438803,-9.262106072252132,0.25,grid_medium,model
Cân bằng – theo mô hình,basket_value,3.7129444444444446,0.1563451117275206,0.7302350467606662,0.25,grid_medium,model
Cân bằng – theo mô hình,congestion_cells,29.333333333333332,13.681563696469263,-17.75700934579439,0.5,grid_medium,model
Cân bằng – chọn bằng mô phỏng,distance_m,46.70666666666667,0.9945862000737716,0.05236349788168191,1.0,grid_medium,model
Cân bằng – chọn bằng mô phỏng,trip_time_min,4.650660484421909,0.21020341647926108,-0.5883552368309239,0.25,grid_medium,model
Cân bằng – chọn bằng mô phỏng,exposed_slots,13.055000000000001,0.5503079945643016,-11.524849397590346,0.25,grid_medium,model
Cân bằng – chọn bằng mô phỏng,impulse_revenue,0.8671111111111109,0.09319479462371934,17.845143267016486,0.25,grid_medium,model
Cân bằng – chọn bằng mô phỏng,impulse_items,1.4594444444444443,0.13931938978664257,0.9607993850883747,1.0,grid_medium,model
Cân bằng – chọn bằng mô phỏng,basket_value,3.8173333333333326,0.23376270805799668,3.562250842144109,0.25,grid_medium,model
Cân bằng – chọn bằng mô phỏng,congestion_cells,34.333333333333336,7.9853855113451635,-3.738317757009333,0.75,grid_medium,model
Cân bằng – tinh chỉnh,distance_m,46.70666666666667,0.9945862000737716,0.05236349788168191,1.0,grid_medium,model
Cân bằng – tinh chỉnh,trip_time_min,4.650660484421909,0.21020341647926108,-0.5883552368309239,0.25,grid_medium,model
Cân bằng – tinh chỉnh,exposed_slots,13.055000000000001,0.5503079945643016,-11.524849397590346,0.25,grid_medium,model
Cân bằng – tinh chỉnh,impulse_revenue,0.8671111111111109,0.09319479462371934,17.845143267016486,0.25,grid_medium,model
Cân bằng – tinh chỉnh,impulse_items,1.4594444444444443,0.13931938978664257,0.9607993850883747,1.0,grid_medium,model
Cân bằng – tinh chỉnh,basket_value,3.8173333333333326,0.23376270805799668,3.562250842144109,0.25,grid_medium,model
Cân bằng – tinh chỉnh,congestion_cells,34.333333333333336,7.9853855113451635,-3.738317757009333,0.75,grid_medium,model
Giá trị – theo mô hình,distance_m,52.53333333333333,0.6294782958660601,12.533917265673361,0.25,grid_medium,model
Giá trị – theo mô hình,trip_time_min,5.0128721130961855,0.26285668681874413,7.1542124865000964,0.25,grid_medium,model
Giá trị – theo mô hình,exposed_slots,14.977222222222222,0.6180786304396622,1.5022590361445844,0.25,grid_medium,model
Giá trị – theo mô hình,impulse_revenue,0.9629722222222221,0.07167421722984185,30.873192646003996,0.25,grid_medium,model
Giá trị – theo mô hình,impulse_items,1.705,0.1263278945509454,17.947732513451182,0.25,grid_medium,model
Giá trị – theo mô hình,basket_value,3.9131944444444446,0.11272460765626341,6.1629124999058025,0.25,grid_medium,model
Giá trị – theo mô hình,congestion_cells,45.0,10.828105247223876,26.16822429906543,0.25,grid_medium,model
Giá trị – chọn bằng mô phỏng,distance_m,50.132222222222225,0.5110011649303363,7.390393678297733,0.25,grid_medium,model
Giá trị – chọn bằng mô phỏng,trip_time_min,5.1091438712344335,0.16153991679398558,9.21209950122052,0.25,grid_medium,model
Giá trị – chọn bằng mô phỏng,exposed_slots,14.562222222222223,0.11446318270928943,-1.3102409638554098,0.25,grid_medium,model
Giá trị – chọn bằng mô phỏng,impulse_revenue,1.1004444444444443,0.08332316913218814,49.55641964589074,0.25,grid_medium,model
Giá trị – chọn bằng mô phỏng,impulse_items,1.8627777777777776,0.13481729984080298,28.86241352805532,0.25,grid_medium,model
Giá trị – chọn bằng mô phỏng,basket_value,4.050666666666667,0.13341371686454198,9.892461773815548,0.25,grid_medium,model
Giá trị – chọn bằng mô phỏng,congestion_cells,42.666666666666664,20.68458004991272,19.626168224299068,0.25,grid_medium,model
Giá trị – tinh chỉnh,distance_m,50.132222222222225,0.5110011649303363,7.390393678297733,0.25,grid_medium,model
Giá trị – tinh chỉnh,trip_time_min,5.1091438712344335,0.16153991679398558,9.21209950122052,0.25,grid_medium,model
Giá trị – tinh chỉnh,exposed_slots,14.562222222222223,0.11446318270928943,-1.3102409638554098,0.25,grid_medium,model
Giá trị – tinh chỉnh,impulse_revenue,1.1004444444444443,0.08332316913218814,49.55641964589074,0.25,grid_medium,model
Giá trị – tinh chỉnh,impulse_items,1.8627777777777776,0.13481729984080298,28.86241352805532,0.25,grid_medium,model
Giá trị – tinh chỉnh,basket_value,4.050666666666667,0.13341371686454198,9.892461773815548,0.25,grid_medium,model
Giá trị – tinh chỉnh,congestion_cells,42.666666666666664,20.68458004991272,19.626168224299068,0.25,grid_medium,model
Hiện trạng,distance_m,51.83222222222222,0.21819179785437884,0.0,,racetrack_medium,model
Hiện trạng,trip_time_min,4.972963567356623,0.06303896275587399,0.0,,racetrack_medium,model
Hiện trạng,exposed_slots,15.371666666666668,0.18566517566317373,0.0,,racetrack_medium,model
Hiện trạng,impulse_revenue,0.7515833333333335,0.10042489208541519,0.0,,racetrack_medium,model
Hiện trạng,impulse_items,1.4388888888888889,0.19878851180841423,0.0,,racetrack_medium,model
Hiện trạng,basket_value,3.7018055555555556,0.13267067092701115,0.0,,racetrack_medium,model
Hiện trạng,congestion_cells,39.0,22.07949894114879,0.0,,racetrack_medium,model
Tiện lợi – theo mô hình,distance_m,47.36222222222222,1.1980176989741296,-8.623979077793734,0.25,racetrack_medium,model
Tiện lợi – theo mô hình,trip_time_min,4.4654795750022425,0.2935069076316395,-10.204860451534204,0.25,racetrack_medium,model
Tiện lợi – theo mô hình,exposed_slots,13.296666666666667,0.8296280302333942,-13.498861541797686,0.25,racetrack_medium,model
Tiện lợi – theo mô hình,impulse_revenue,0.5740833333333333,0.017225544206556323,-23.61680895886464,0.25,racetrack_medium,model
Tiện lợi – theo mô hình,impulse_items,1.1488888888888888,0.038469245824302854,-20.154440154440156,0.25,racetrack_medium,model
Tiện lợi – theo mô hình,basket_value,3.5243055555555554,0.158727233200112,-4.7949574156755395,0.25,racetrack_medium,model
Tiện lợi – theo mô hình,congestion_cells,38.333333333333336,7.9853855113451635,-1.7094017094017033,1.0,racetrack_medium,model
Tiện lợi – chọn bằng mô phỏng,distance_m,47.04444444444445,1.0094125239627445,-9.237068318720642,0.25,racetrack_medium,model
Tiện lợi – chọn bằng mô phỏng,trip_time_min,4.38561142973603,0.1761725943400941,-11.810907714588387,0.25,racetrack_medium,model
Tiện lợi – chọn bằng mô phỏng,exposed_slots,13.023333333333332,0.6269680126443024,-15.277024829231287,0.25,racetrack_medium,model
Tiện lợi – chọn bằng mô phỏng,impulse_revenue,0.5464166666666667,0.07288185860184043,-27.29792659940128,0.25,racetrack_medium,model
Tiện lợi – chọn bằng mô phỏng,impulse_items,1.1127777777777776,0.17370882150441053,-22.66409266409267,0.25,racetrack_medium,model
Tiện lợi – chọn bằng mô phỏng,basket_value,3.496638888888889,0.20047053040744003,-5.5423404494803545,0.25,racetrack_medium,model
Tiện lợi – chọn bằng mô phỏng,congestion_cells,41.333333333333336,16.90917584961317,5.982905982905989,1.0,racetrack_medium,model
Tiện lợi – tinh chỉnh,distance_m,47.11333333333334,1.1059606267186548,-9.10416086089733,0.25,racetrack_medium,model
Tiện lợi – tinh chỉnh,trip_time_min,4.313194844858715,0.19009691099211667,-13.267113534246302,0.25,racetrack_medium,model
Tiện lợi – tinh chỉnh,exposed_slots,12.786111111111111,0.5489565485296631,-16.82026817015433,0.25,racetrack_medium,model
Tiện lợi – tinh chỉnh,impulse_revenue,0.5023055555555556,0.06716312858947837,-33.167017777285004,0.25,racetrack_medium,model
Tiện lợi – tinh chỉnh,impulse_items,1.0394444444444444,0.18424409019781665,-27.760617760617766,0.25,racetrack_medium,model
Tiện lợi – tinh chỉnh,basket_value,3.452527777777778,0.15572799749326002,-6.733951149964349,0.25,racetrack_medium,model
Tiện lợi – tinh chỉnh,congestion_cells,37.333333333333336,20.833213674611862,-4.273504273504267,1.0,racetrack_medium,model
Cân bằng – theo mô hình,distance_m,47.910000000000004,1.2524040320161502,-7.567150421230885,0.25,racetrack_medium,model
Cân bằng – theo mô hình,trip_time_min,4.541522053618088,0.24132987949206713,-8.675742500318925,0.25,racetrack_medium,model
Cân bằng – theo mô hình,exposed_slots,13.403333333333334,0.6789976412033405,-12.804944161335792,0.25,racetrack_medium,model
Cân bằng – theo mô hình,impulse_revenue,0.5959722222222222,0.029681672821220376,-20.704438777395882,0.25,racetrack_medium,model
Cân bằng – theo mô hình,impulse_items,1.2011111111111112,0.05651577586596086,-16.525096525096515,0.25,racetrack_medium,model
Cân bằng – theo mô hình,basket_value,3.546194444444445,0.13417543207620575,-4.203654372866077,0.25,racetrack_medium,model
Cân bằng – theo mô hình,congestion_cells,40.0,22.357239405475912,2.5641025641025643,1.0,racetrack_medium,model
Cân bằng – chọn bằng mô phỏng,distance_m,50.76444444444444,1.7472815044600272,-2.060065596261442,0.25,racetrack_medium,model
Cân bằng – chọn bằng mô phỏng,trip_time_min,4.8187703669305035,0.32119206518847365,-3.1006300033700196,0.25,racetrack_medium,model
Cân bằng – chọn bằng mô phỏng,exposed_slots,14.242222222222223,0.8252084352936917,-7.347573096244899,0.25,racetrack_medium,model
Cân bằng – chọn bằng mô phỏng,impulse_revenue,0.7985555555555556,0.05750163746444516,6.249769006172135,0.25,racetrack_medium,model
Cân bằng – chọn bằng mô phỏng,impulse_items,1.5038888888888888,0.12087295908385759,4.517374517374514,0.25,racetrack_medium,model
Cân bằng – chọn bằng mô phỏng,basket_value,3.7487777777777773,0.1764929551439247,1.2689003114095847,0.25,racetrack_medium,model
Cân bằng – chọn bằng mô phỏng,congestion_cells,42.0,15.110419792948413,7.6923076923076925,0.75,racetrack_medium,model
Cân bằng – tinh chỉnh,distance_m,50.76444444444444,1.7472815044600272,-2.060065596261442,0.25,racetrack_medium,model
Cân bằng – tinh chỉnh,trip_time_min,4.8187703669305035,0.32119206518847365,-3.1006300033700196,0.25,racetrack_medium,model
Cân bằng – tinh chỉnh,exposed_slots,14.242222222222223,0.8252084352936917,-7.347573096244899,0.25,racetrack_medium,model
Cân bằng – tinh chỉnh,impulse_revenue,0.7985555555555556,0.05750163746444516,6.249769006172135,0.25,racetrack_medium,model
Cân bằng – tinh chỉnh,impulse_items,1.5038888888888888,0.12087295908385759,4.517374517374514,0.25,racetrack_medium,model
Cân bằng – tinh chỉnh,basket_value,3.7487777777777773,0.1764929551439247,1.2689003114095847,0.25,racetrack_medium,model
Cân bằng – tinh chỉnh,congestion_cells,42.0,15.110419792948413,7.6923076923076925,0.75,racetrack_medium,model
Giá trị – theo mô hình,distance_m,56.643333333333324,0.5382298375392348,9.282085360886606,0.25,racetrack_medium,model
Giá trị – theo mô hình,trip_time_min,5.949348949334971,0.2050589414807567,19.63387361989755,0.25,racetrack_medium,model
Giá trị – theo mô hình,exposed_slots,17.627222222222223,0.6602768323961817,14.673461274350348,0.25,racetrack_medium,model
Giá trị – theo mô hình,impulse_revenue,1.3414722222222224,0.1247725215660444,78.48615884983552,0.25,racetrack_medium,model
Giá trị – theo mô hình,impulse_items,2.292777777777778,0.16375292539514227,59.34362934362934,0.25,racetrack_medium,model
Giá trị – theo mô hình,basket_value,4.2916944444444445,0.06410819322308088,15.935166772971149,0.25,racetrack_medium,model
Giá trị – theo mô hình,congestion_cells,45.0,17.38896398203682,15.384615384615385,1.0,racetrack_medium,model
Giá trị – chọn bằng mô phỏng,distance_m,56.643333333333324,0.5382298375392348,9.282085360886606,0.25,racetrack_medium,model
Giá trị – chọn bằng mô phỏng,trip_time_min,5.949348949334971,0.2050589414807567,19.63387361989755,0.25,racetrack_medium,model
Giá trị – chọn bằng mô phỏng,exposed_slots,17.627222222222223,0.6602768323961817,14.673461274350348,0.25,racetrack_medium,model
Giá trị – chọn bằng mô phỏng,impulse_revenue,1.3414722222222224,0.1247725215660444,78.48615884983552,0.25,racetrack_medium,model
Giá trị – chọn bằng mô phỏng,impulse_items,2.292777777777778,0.16375292539514227,59.34362934362934,0.25,racetrack_medium,model
Giá trị – chọn bằng mô phỏng,basket_value,4.2916944444444445,0.06410819322308088,15.935166772971149,0.25,racetrack_medium,model
Giá trị – chọn bằng mô phỏng,congestion_cells,45.0,17.38896398203682,15.384615384615385,1.0,racetrack_medium,model
Giá trị – tinh chỉnh,distance_m,56.69888888888889,0.6040385347238098,9.389268794615106,0.25,racetrack_medium,model
Giá trị – tinh chỉnh,trip_time_min,6.0703962149387065,0.2536179531859514,22.067980847191755,0.25,racetrack_medium,model
Giá trị – tinh chỉnh,exposed_slots,18.02722222222222,0.6351486329972189,17.27565145108242,0.25,racetrack_medium,model
Giá trị – tinh chỉnh,impulse_revenue,1.4298333333333335,0.1362841621861745,90.24282071183056,0.25,racetrack_medium,model
Giá trị – tinh chỉnh,impulse_items,2.4483333333333333,0.18483238473140196,70.15444015444015,0.25,racetrack_medium,model
Giá trị – tinh chỉnh,basket_value,4.380055555555556,0.10063490537516807,18.322140096799615,0.25,racetrack_medium,model
Giá trị – tinh chỉnh,congestion_cells,54.333333333333336,22.540498531786763,39.31623931623932,0.5,racetrack_medium,model
Hiện trạng,distance_m,66.90666666666665,1.2468072806264785,0.0,,free_medium,model
Hiện trạng,trip_time_min,5.162830758978178,0.3347942798033632,0.0,,free_medium,model
Hiện trạng,exposed_slots,15.455,1.2804224581654153,0.0,,free_medium,model
Hiện trạng,impulse_revenue,0.7129722222222222,0.1143959601527263,0.0,,free_medium,model
Hiện trạng,impulse_items,1.4188888888888886,0.2340725301048852,0.0,,free_medium,model
Hiện trạng,basket_value,3.6631944444444446,0.21554351928122378,0.0,,free_medium,model
Hiện trạng,congestion_cells,36.666666666666664,23.081547494581685,0.0,,free_medium,model
Tiện lợi – theo mô hình,distance_m,64.88666666666667,1.5818927919603636,-3.0191311279393918,0.25,free_medium,model
Tiện lợi – theo mô hình,trip_time_min,4.287340820690654,0.22898322621524378,-16.957556409631373,0.25,free_medium,model
Tiện lợi – theo mô hình,exposed_slots,11.10277777777778,0.47499699270381,-28.160609655271568,0.25,free_medium,model
Tiện lợi – theo mô hình,impulse_revenue,0.39683333333333337,0.053382877405768456,-44.34098258464176,0.25,free_medium,model
Tiện lợi – theo mô hình,impulse_items,0.7505555555555556,0.09316283096569355,-47.10258418167579,0.25,free_medium,model
Tiện lợi – theo mô hình,basket_value,3.347055555555556,0.15311578783206137,-8.630142180094781,0.25,free_medium,model
Tiện lợi – theo mô hình,congestion_cells,46.0,12.907958189088427,25.454545454545464,0.5,free_medium,model
Tiện lợi – chọn bằng mô phỏng,distance_m,64.57888888888888,1.010227314805136,-3.479141756343816,0.25,free_medium,model
Tiện lợi – chọn bằng mô phỏng,trip_time_min,4.4395378122116,0.3494178925147454,-14.009619538830888,0.25,free_medium,model
Tiện lợi – chọn bằng mô phỏng,exposed_slots,11.618333333333332,0.7122638893279708,-24.82476005607679,0.25,free_medium,model
Tiện lợi – chọn bằng mô phỏng,impulse_revenue,0.52175,0.09682451438407817,-26.820430903494756,0.25,free_medium,model
Tiện lợi – chọn bằng mô phỏng,impulse_items,0.9122222222222223,0.1366484827948076,-35.708692247454955,0.25,free_medium,model
Tiện lợi – chọn bằng mô phỏng,basket_value,3.4719722222222225,0.2459259160543444,-5.220094786729857,0.25,free_medium,model
Tiện lợi – chọn bằng mô phỏng,congestion_cells,38.333333333333336,18.809587177601763,4.545454545454558,0.5,free_medium,model
Tiện lợi – tinh chỉnh,distance_m,64.38222222222221,1.263966257282561,-3.7730835658296757,0.25,free_medium,model
Tiện lợi – tinh chỉnh,trip_time_min,4.356304735044102,0.2950348827832602,-15.621779244487625,0.25,free_medium,model
Tiện lợi – tinh chỉnh,exposed_slots,11.485555555555557,0.7592816722329148,-25.68388511449009,0.25,free_medium,model
Tiện lợi – tinh chỉnh,impulse_revenue,0.45822222222222225,0.003852490427514561,-35.73070479604161,0.25,free_medium,model
Tiện lợi – tinh chỉnh,impulse_items,0.8144444444444444,0.006324305055916221,-42.59984338292873,0.25,free_medium,model
Tiện lợi – tinh chỉnh,basket_value,3.4084444444444446,0.14919659503702332,-6.954312796208531,0.25,free_medium,model
Tiện lợi – tinh chỉnh,congestion_cells,39.666666666666664,6.251609479298303,8.181818181818182,0.5,free_medium,model
Cân bằng – theo mô hình,distance_m,66.63444444444445,1.8646728430379145,-0.4068686063504344,0.75,free_medium,model
Cân bằng – theo mô hình,trip_time_min,4.638359294575116,0.37570218297769614,-10.15860269080106,0.25,free_medium,model
Cân bằng – theo mô hình,exposed_slots,11.932777777777778,1.073783777929306,-22.790179373809266,0.25,free_medium,model
Cân bằng – theo mô hình,impulse_revenue,0.6022777777777778,0.04898887688550689,-15.525772392566328,0.25,free_medium,model
Cân bằng – theo mô hình,impulse_items,1.1005555555555555,0.10679331275399905,-22.435395458104924,0.25,free_medium,model
Cân bằng – theo mô hình,basket_value,3.5525,0.19856285678580252,-3.021800947867298,0.25,free_medium,model
Cân bằng – theo mô hình,congestion_cells,36.333333333333336,12.503218958596609,-0.9090909090908962,1.0,free_medium,model
Cân bằng – chọn bằng mô phỏng,distance_m,66.90666666666665,1.2468072806264785,0.0,,free_medium,model
Cân bằng – chọn bằng mô phỏng,trip_time_min,5.162830758978178,0.3347942798033632,0.0,,free_medium,model
Cân bằng – chọn bằng mô phỏng,exposed_slots,15.455,1.2804224581654153,0.0,,free_medium,model
Cân bằng – chọn bằng mô phỏng,impulse_revenue,0.7129722222222222,0.1143959601527263,0.0,,free_medium,model
Cân bằng – chọn bằng mô phỏng,impulse_items,1.4188888888888886,0.2340725301048852,0.0,,free_medium,model
Cân bằng – chọn bằng mô phỏng,basket_value,3.6631944444444446,0.21554351928122378,0.0,,free_medium,model
Cân bằng – chọn bằng mô phỏng,congestion_cells,36.666666666666664,23.081547494581685,0.0,,free_medium,model
Cân bằng – tinh chỉnh,distance_m,66.90666666666665,1.2468072806264785,0.0,,free_medium,model
Cân bằng – tinh chỉnh,trip_time_min,5.162830758978178,0.3347942798033632,0.0,,free_medium,model
Cân bằng – tinh chỉnh,exposed_slots,15.455,1.2804224581654153,0.0,,free_medium,model
Cân bằng – tinh chỉnh,impulse_revenue,0.7129722222222222,0.1143959601527263,0.0,,free_medium,model
Cân bằng – tinh chỉnh,impulse_items,1.4188888888888886,0.2340725301048852,0.0,,free_medium,model
Cân bằng – tinh chỉnh,basket_value,3.6631944444444446,0.21554351928122378,0.0,,free_medium,model
Cân bằng – tinh chỉnh,congestion_cells,36.666666666666664,23.081547494581685,0.0,,free_medium,model
Giá trị – theo mô hình,distance_m,72.05444444444446,0.3203085920995934,7.693968380496919,0.25,free_medium,model
Giá trị – theo mô hình,trip_time_min,5.9094124842475715,0.25292080323244587,14.460704991560803,0.25,free_medium,model
Giá trị – theo mô hình,exposed_slots,16.000555555555554,0.587188091139248,3.529961537078963,0.25,free_medium,model
Giá trị – theo mô hình,impulse_revenue,1.2384722222222224,0.11345708339871739,73.7055362917365,0.25,free_medium,model
Giá trị – theo mô hình,impulse_items,2.053888888888889,0.13237948224078158,44.753328112764315,0.25,free_medium,model
Giá trị – theo mô hình,basket_value,4.188694444444444,0.110069450756721,14.345402843601873,0.25,free_medium,model
Giá trị – theo mô hình,congestion_cells,49.666666666666664,14.555718665311396,35.45454545454546,0.25,free_medium,model
Giá trị – chọn bằng mô phỏng,distance_m,70.37,0.33980162918328194,5.176365085691541,0.25,free_medium,model
Giá trị – chọn bằng mô phỏng,trip_time_min,6.022850504653106,0.1982499880448248,16.65791085983889,0.25,free_medium,model
Giá trị – chọn bằng mô phỏng,exposed_slots,16.392777777777777,0.2737043494478284,6.067795391638802,0.25,free_medium,model
Giá trị – chọn bằng mô phỏng,impulse_revenue,1.2762777777777776,0.11318859238748141,79.00806483032686,0.25,free_medium,model
Giá trị – chọn bằng mô phỏng,impulse_items,2.09,0.2168389628302619,47.29835552075177,0.25,free_medium,model
Giá trị – chọn bằng mô phỏng,basket_value,4.2265,0.049854535551322576,15.377440758293824,0.25,free_medium,model
Giá trị – chọn bằng mô phỏng,congestion_cells,41.0,16.289580330501167,11.818181818181825,0.25,free_medium,model
Giá trị – tinh chỉnh,distance_m,71.24555555555555,0.516074807275432,6.484987378769785,0.25,free_medium,model
Giá trị – tinh chỉnh,trip_time_min,5.912685518110532,0.23510656278297135,14.524101101481095,0.25,free_medium,model
Giá trị – tinh chỉnh,exposed_slots,16.089444444444442,0.377699987796562,4.105108019698753,0.25,free_medium,model
Giá trị – tinh chỉnh,impulse_revenue,1.2423611111111112,0.0479553749670508,74.25098375345777,0.25,free_medium,model
Giá trị – tinh chỉnh,impulse_items,2.0405555555555557,0.1358306605445012,43.81362568519972,0.25,free_medium,model
Giá trị – tinh chỉnh,basket_value,4.192583333333334,0.10597754324424753,14.451563981042671,0.25,free_medium,model
Giá trị – tinh chỉnh,congestion_cells,46.333333333333336,21.127344185997657,26.36363636363638,0.25,free_medium,model
Hiện trạng,distance_m,82.50333333333333,1.7932499795062367,0.0,,grid_large,model
Hiện trạng,trip_time_min,7.903994188748039,0.23740909081432338,0.0,,grid_large,model
Hiện trạng,exposed_slots,25.447222222222223,0.660912572828193,0.0,,grid_large,model
Hiện trạng,impulse_revenue,0.8067222222222222,0.05555369370030677,0.0,,grid_large,model
Hiện trạng,impulse_items,1.4661111111111111,0.08883019785928419,0.0,,grid_large,model
Hiện trạng,basket_value,4.235666666666667,0.22197393741702032,0.0,,grid_large,model
Hiện trạng,congestion_cells,42.0,29.287551685646648,0.0,,grid_large,model
Tiện lợi – theo mô hình,distance_m,71.26444444444445,0.5718514828028285,-13.62234522510874,0.25,grid_large,model
Tiện lợi – theo mô hình,trip_time_min,6.926933865389816,0.19163658028536115,-12.361602248508055,0.25,grid_large,model
Tiện lợi – theo mô hình,exposed_slots,21.474444444444444,0.3298007494588481,-15.611832769348329,0.25,grid_large,model
Tiện lợi – theo mô hình,impulse_revenue,0.5926388888888888,0.0741084700225419,-26.53742855175264,0.25,grid_large,model
Tiện lợi – theo mô hình,impulse_items,1.1466666666666667,0.10048056418744318,-21.788556271314892,0.25,grid_large,model
Tiện lợi – theo mô hình,basket_value,4.021583333333334,0.14952535063920283,-5.054300779098126,0.25,grid_large,model
Tiện lợi – theo mô hình,congestion_cells,44.666666666666664,7.589166067099471,6.349206349206343,1.0,grid_large,model
Tiện lợi – chọn bằng mô phỏng,distance_m,71.26444444444445,0.5718514828028285,-13.62234522510874,0.25,grid_large,model
Tiện lợi – chọn bằng mô phỏng,trip_time_min,6.926933865389816,0.19163658028536115,-12.361602248508055,0.25,grid_large,model
Tiện lợi – chọn bằng mô phỏng,exposed_slots,21.474444444444444,0.3298007494588481,-15.611832769348329,0.25,grid_large,model
Tiện lợi – chọn bằng mô phỏng,impulse_revenue,0.5926388888888888,0.0741084700225419,-26.53742855175264,0.25,grid_large,model
Tiện lợi – chọn bằng mô phỏng,impulse_items,1.1466666666666667,0.10048056418744318,-21.788556271314892,0.25,grid_large,model
Tiện lợi – chọn bằng mô phỏng,basket_value,4.021583333333334,0.14952535063920283,-5.054300779098126,0.25,grid_large,model
Tiện lợi – chọn bằng mô phỏng,congestion_cells,44.666666666666664,7.589166067099471,6.349206349206343,1.0,grid_large,model
Tiện lợi – tinh chỉnh,distance_m,71.31222222222222,0.7436909483382905,-13.564435106999047,0.25,grid_large,model
Tiện lợi – tinh chỉnh,trip_time_min,6.943944187655471,0.20736583255571936,-12.146390523151897,0.25,grid_large,model
Tiện lợi – tinh chỉnh,exposed_slots,21.432777777777776,0.35408847524780956,-15.775570352581605,0.25,grid_large,model
Tiện lợi – tinh chỉnh,impulse_revenue,0.60125,0.043826338906058596,-25.470008952551485,0.25,grid_large,model
Tiện lợi – tinh chỉnh,impulse_items,1.127777777777778,0.09939425590420718,-23.076923076923062,0.25,grid_large,model
Tiện lợi – tinh chỉnh,basket_value,4.030194444444445,0.1715929516748293,-4.851000760735554,0.25,grid_large,model
Tiện lợi – tinh chỉnh,congestion_cells,43.0,8.956685894918603,2.380952380952381,0.75,grid_large,model
Cân bằng – theo mô hình,distance_m,74.05,1.2153107614421095,-10.246050664619611,0.25,grid_large,model
Cân bằng – theo mô hình,trip_time_min,7.419121405506179,0.24199357821288495,-6.134528589761803,0.25,grid_large,model
Cân bằng – theo mô hình,exposed_slots,22.117777777777775,0.48667219551603813,-13.083724484226627,0.25,grid_large,model
Cân bằng – theo mô hình,impulse_revenue,0.82225,0.012028061523122191,1.9247985675917672,0.5,grid_large,model
Cân bằng – theo mô hình,impulse_items,1.4388888888888889,0.020423267242957913,-1.8567639257294455,0.5,grid_large,model
Cân bằng – theo mô hình,basket_value,4.251194444444445,0.17692547172726564,0.36659583956349584,0.5,grid_large,model
Cân bằng – theo mô hình,congestion_cells,42.666666666666664,29.636640907982713,1.5873015873015817,0.75,grid_large,model
Cân bằng – chọn bằng mô phỏng,distance_m,73.38111111111111,1.8490161821773947,-11.056792318155493,0.25,grid_large,model
Cân bằng – chọn bằng mô phỏng,trip_time_min,7.335579364805299,0.37261902516648243,-7.191488383834137,0.25,grid_large,model
Cân bằng – chọn bằng mô phỏng,exposed_slots,21.796666666666667,0.7616334535421052,-14.345595459011026,0.25,grid_large,model
Cân bằng – chọn bằng mô phỏng,impulse_revenue,0.8181666666666666,0.06577233821848352,1.418635080228625,1.0,grid_large,model
Cân bằng – chọn bằng mô phỏng,impulse_items,1.3977777777777778,0.09525527588776278,-4.660856384994317,0.5,grid_large,model
Cân bằng – chọn bằng mô phỏng,basket_value,4.247111111111111,0.13376951727627115,0.27019228246896804,1.0,grid_large,model
Cân bằng – chọn bằng mô phỏng,congestion_cells,48.666666666666664,13.681563696469265,15.873015873015866,0.5,grid_large,model
Cân bằng – tinh chỉnh,distance_m,73.38111111111111,1.8490161821773947,-11.056792318155493,0.25,grid_large,model
Cân bằng – tinh chỉnh,trip_time_min,7.335579364805299,0.37261902516648243,-7.191488383834137,0.25,grid_large,model
Cân bằng – tinh chỉnh,exposed_slots,21.796666666666667,0.7616334535421052,-14.345595459011026,0.25,grid_large,model
Cân bằng – tinh chỉnh,impulse_revenue,0.8181666666666666,0.06577233821848352,1.418635080228625,1.0,grid_large,model
Cân bằng – tinh chỉnh,impulse_items,1.3977777777777778,0.09525527588776278,-4.660856384994317,0.5,grid_large,model
Cân bằng – tinh chỉnh,basket_value,4.247111111111111,0.13376951727627115,0.27019228246896804,1.0,grid_large,model
Cân bằng – tinh chỉnh,congestion_cells,48.666666666666664,13.681563696469265,15.873015873015866,0.5,grid_large,model
Giá trị – theo mô hình,distance_m,92.66333333333334,0.2645862580284281,12.314653953375636,0.25,grid_large,model
Giá trị – theo mô hình,trip_time_min,8.754265717872398,0.1711696955635967,10.757491830330386,0.25,grid_large,model
Giá trị – theo mô hình,exposed_slots,27.66611111111111,0.17809404737707757,8.719572099115812,0.25,grid_large,model
Giá trị – theo mô hình,impulse_revenue,1.1097222222222223,0.06100496252422953,37.55939673576201,0.25,grid_large,model
Giá trị – theo mô hình,impulse_items,1.8916666666666666,0.11163274987607945,29.02614626752557,0.25,grid_large,model
Giá trị – theo mô hình,basket_value,4.538666666666667,0.1848615957704461,7.153537420319507,0.25,grid_large,model
Giá trị – theo mô hình,congestion_cells,51.666666666666664,19.295424076815785,23.01587301587301,0.25,grid_large,model
Giá trị – chọn bằng mô phỏng,distance_m,92.66333333333334,0.2645862580284281,12.314653953375636,0.25,grid_large,model
Giá trị – chọn bằng mô phỏng,trip_time_min,8.754265717872398,0.1711696955635967,10.757491830330386,0.25,grid_large,model
Giá trị – chọn bằng mô phỏng,exposed_slots,27.66611111111111,0.17809404737707757,8.719572099115812,0.25,grid_large,model
Giá trị – chọn bằng mô phỏng,impulse_revenue,1.1097222222222223,0.06100496252422953,37.55939673576201,0.25,grid_large,model
Giá trị – chọn bằng mô phỏng,impulse_items,1.8916666666666666,0.11163274987607945,29.02614626752557,0.25,grid_large,model
Giá trị – chọn bằng mô phỏng,basket_value,4.538666666666667,0.1848615957704461,7.153537420319507,0.25,grid_large,model
Giá trị – chọn bằng mô phỏng,congestion_cells,51.666666666666664,19.295424076815785,23.01587301587301,0.25,grid_large,model
Giá trị – tinh chỉnh,distance_m,92.67666666666666,0.25669423021101573,12.330814916569027,0.25,grid_large,model
Giá trị – tinh chỉnh,trip_time_min,8.76585939968155,0.12174204847312989,10.904173135152917,0.25,grid_large,model
Giá trị – tinh chỉnh,exposed_slots,27.616666666666664,0.219900370255048,8.52527016701232,0.25,grid_large,model
Giá trị – tinh chỉnh,impulse_revenue,1.0645833333333332,0.05709502604403903,31.96405206253011,0.25,grid_large,model
Giá trị – tinh chỉnh,impulse_items,1.8344444444444445,0.07127129838803627,25.123152709359612,0.25,grid_large,model
Giá trị – tinh chỉnh,basket_value,4.493527777777778,0.18878190576606993,6.087851840193058,0.25,grid_large,model
Giá trị – tinh chỉnh,congestion_cells,49.0,36.593633559142866,16.666666666666668,0.25,grid_large,model
Hiện trạng,distance_m,95.52333333333333,1.1978936879847664,0.0,,racetrack_large,model
Hiện trạng,trip_time_min,8.759516480846333,0.10645565515174536,0.0,,racetrack_large,model
Hiện trạng,exposed_slots,27.602222222222224,0.48988439501092157,0.0,,racetrack_large,model
Hiện trạng,impulse_revenue,0.8704722222222222,0.11098254438411756,0.0,,racetrack_large,model
Hiện trạng,impulse_items,1.541111111111111,0.1952649760929413,0.0,,racetrack_large,model
Hiện trạng,basket_value,4.299416666666666,0.08228517383854944,0.0,,racetrack_large,model
Hiện trạng,congestion_cells,76.66666666666667,21.703650223793186,0.0,,racetrack_large,model
Tiện lợi – theo mô hình,distance_m,73.9211111111111,1.0082571098030157,-22.61460259855068,0.25,racetrack_large,model
Tiện lợi – theo mô hình,trip_time_min,7.845386884601758,0.26705360083432467,-10.435845383057643,0.25,racetrack_large,model
Tiện lợi – theo mô hình,exposed_slots,25.665555555555557,0.3720298222775541,-7.016343289590212,0.25,racetrack_large,model
Tiện lợi – theo mô hình,impulse_revenue,0.7592222222222222,0.029740808816561028,-12.780419312633624,0.25,racetrack_large,model
Tiện lợi – theo mô hình,impulse_items,1.4077777777777776,0.06228718119089912,-8.651766402307151,0.25,racetrack_large,model
Tiện lợi – theo mô hình,basket_value,4.188166666666667,0.20147098768404761,-2.5875603279514476,0.25,racetrack_large,model
Tiện lợi – theo mô hình,congestion_cells,37.333333333333336,1.4342175765653808,-51.30434782608695,0.25,racetrack_large,model
Tiện lợi – chọn bằng mô phỏng,distance_m,73.9211111111111,1.0082571098030157,-22.61460259855068,0.25,racetrack_large,model
Tiện lợi – chọn bằng mô phỏng,trip_time_min,7.845386884601758,0.26705360083432467,-10.435845383057643,0.25,racetrack_large,model
Tiện lợi – chọn bằng mô phỏng,exposed_slots,25.665555555555557,0.3720298222775541,-7.016343289590212,0.25,racetrack_large,model
Tiện lợi – chọn bằng mô phỏng,impulse_revenue,0.7592222222222222,0.029740808816561028,-12.780419312633624,0.25,racetrack_large,model
Tiện lợi – chọn bằng mô phỏng,impulse_items,1.4077777777777776,0.06228718119089912,-8.651766402307151,0.25,racetrack_large,model
Tiện lợi – chọn bằng mô phỏng,basket_value,4.188166666666667,0.20147098768404761,-2.5875603279514476,0.25,racetrack_large,model
Tiện lợi – chọn bằng mô phỏng,congestion_cells,37.333333333333336,1.4342175765653808,-51.30434782608695,0.25,racetrack_large,model
Tiện lợi – tinh chỉnh,distance_m,73.9211111111111,1.0082571098030157,-22.61460259855068,0.25,racetrack_large,model
Tiện lợi – tinh chỉnh,trip_time_min,7.845386884601758,0.26705360083432467,-10.435845383057643,0.25,racetrack_large,model
Tiện lợi – tinh chỉnh,exposed_slots,25.665555555555557,0.3720298222775541,-7.016343289590212,0.25,racetrack_large,model
Tiện lợi – tinh chỉnh,impulse_revenue,0.7592222222222222,0.029740808816561028,-12.780419312633624,0.25,racetrack_large,model
Tiện lợi – tinh chỉnh,impulse_items,1.4077777777777776,0.06228718119089912,-8.651766402307151,0.25,racetrack_large,model
Tiện lợi – tinh chỉnh,basket_value,4.188166666666667,0.20147098768404761,-2.5875603279514476,0.25,racetrack_large,model
Tiện lợi – tinh chỉnh,congestion_cells,37.333333333333336,1.4342175765653808,-51.30434782608695,0.25,racetrack_large,model
Cân bằng – theo mô hình,distance_m,74.46777777777778,0.7356260886551708,-22.042316595130906,0.25,racetrack_large,model
Cân bằng – theo mô hình,trip_time_min,8.155302270403366,0.3090955714721029,-6.8978032265154035,0.25,racetrack_large,model
Cân bằng – theo mô hình,exposed_slots,25.985,0.5869788407903797,-5.859029063682481,0.25,racetrack_large,model
Cân bằng – theo mô hình,impulse_revenue,0.8485555555555555,0.05903179456680547,-2.5177904713278267,0.25,racetrack_large,model
Cân bằng – theo mô hình,impulse_items,1.5172222222222222,0.12353804780599159,-1.5501081470800262,0.5,racetrack_large,model
Cân bằng – theo mô hình,basket_value,4.277500000000001,0.129929842178271,-0.5097590758435843,0.25,racetrack_large,model
Cân bằng – theo mô hình,congestion_cells,47.0,23.69716344927462,-38.69565217391305,0.25,racetrack_large,model
Cân bằng – chọn bằng mô phỏng,distance_m,94.15777777777778,1.0600712525270652,-1.429551825615604,0.25,racetrack_large,model
Cân bằng – chọn bằng mô phỏng,trip_time_min,9.719221819287162,0.28525505182306876,10.956145131290434,0.25,racetrack_large,model
Cân bằng – chọn bằng mô phỏng,exposed_slots,30.469444444444445,0.8157863251194778,10.387649947669265,0.25,racetrack_large,model
Cân bằng – chọn bằng mô phỏng,impulse_revenue,1.1950555555555555,0.06654584522825231,37.28818967993107,0.25,racetrack_large,model
Cân bằng – chọn bằng mô phỏng,impulse_items,2.057777777777778,0.13353978555800092,33.52559480894017,0.25,racetrack_large,model
Cân bằng – chọn bằng mô phỏng,basket_value,4.624,0.1220456869003932,7.5494737658209585,0.25,racetrack_large,model
Cân bằng – chọn bằng mô phỏng,congestion_cells,58.333333333333336,25.8557250623909,-23.91304347826087,0.25,racetrack_large,model
Cân bằng – tinh chỉnh,distance_m,93.96999999999998,1.3024559312888102,-1.6261297414244427,0.25,racetrack_large,model
Cân bằng – tinh chỉnh,trip_time_min,9.668395745414644,0.3732763822285452,10.375906781563545,0.25,racetrack_large,model
Cân bằng – tinh chỉnh,exposed_slots,30.383333333333336,0.9021426167876487,10.075678286772407,0.25,racetrack_large,model
Cân bằng – tinh chỉnh,impulse_revenue,1.1879444444444445,0.018430222909236293,36.47126400102116,0.25,racetrack_large,model
Cân bằng – tinh chỉnh,impulse_items,2.0155555555555558,0.027567006626862046,30.785868781542913,0.25,racetrack_large,model
Cân bằng – tinh chỉnh,basket_value,4.616888888888889,0.17006472579588758,7.384076651225321,0.25,racetrack_large,model
Cân bằng – tinh chỉnh,congestion_cells,58.666666666666664,17.448009870054033,-23.478260869565226,0.25,racetrack_large,model
Giá trị – theo mô hình,distance_m,94.15777777777778,1.0600712525270652,-1.429551825615604,0.25,racetrack_large,model
Giá trị – theo mô hình,trip_time_min,9.719221819287162,0.28525505182306876,10.956145131290434,0.25,racetrack_large,model
Giá trị – theo mô hình,exposed_slots,30.469444444444445,0.8157863251194778,10.387649947669265,0.25,racetrack_large,model
Giá trị – theo mô hình,impulse_revenue,1.1950555555555555,0.06654584522825231,37.28818967993107,0.25,racetrack_large,model
Giá trị – theo mô hình,impulse_items,2.057777777777778,0.13353978555800092,33.52559480894017,0.25,racetrack_large,model
Giá trị – theo mô hình,basket_value,4.624,0.1220456869003932,7.5494737658209585,0.25,racetrack_large,model
Giá trị – theo mô hình,congestion_cells,58.333333333333336,25.8557250623909,-23.91304347826087,0.25,racetrack_large,model
Giá trị – chọn bằng mô phỏng,distance_m,94.15777777777778,1.0600712525270652,-1.429551825615604,0.25,racetrack_large,model
Giá trị – chọn bằng mô phỏng,trip_time_min,9.719221819287162,0.28525505182306876,10.956145131290434,0.25,racetrack_large,model
Giá trị – chọn bằng mô phỏng,exposed_slots,30.469444444444445,0.8157863251194778,10.387649947669265,0.25,racetrack_large,model
Giá trị – chọn bằng mô phỏng,impulse_revenue,1.1950555555555555,0.06654584522825231,37.28818967993107,0.25,racetrack_large,model
Giá trị – chọn bằng mô phỏng,impulse_items,2.057777777777778,0.13353978555800092,33.52559480894017,0.25,racetrack_large,model
Giá trị – chọn bằng mô phỏng,basket_value,4.624,0.1220456869003932,7.5494737658209585,0.25,racetrack_large,model
Giá trị – chọn bằng mô phỏng,congestion_cells,58.333333333333336,25.8557250623909,-23.91304347826087,0.25,racetrack_large,model
Giá trị – tinh chỉnh,distance_m,93.96999999999998,1.3024559312888102,-1.6261297414244427,0.25,racetrack_large,model
Giá trị – tinh chỉnh,trip_time_min,9.668395745414644,0.3732763822285452,10.375906781563545,0.25,racetrack_large,model
Giá trị – tinh chỉnh,exposed_slots,30.383333333333336,0.9021426167876487,10.075678286772407,0.25,racetrack_large,model
Giá trị – tinh chỉnh,impulse_revenue,1.1879444444444445,0.018430222909236293,36.47126400102116,0.25,racetrack_large,model
Giá trị – tinh chỉnh,impulse_items,2.0155555555555558,0.027567006626862046,30.785868781542913,0.25,racetrack_large,model
Giá trị – tinh chỉnh,basket_value,4.616888888888889,0.17006472579588758,7.384076651225321,0.25,racetrack_large,model
Giá trị – tinh chỉnh,congestion_cells,58.666666666666664,17.448009870054033,-23.478260869565226,0.25,racetrack_large,model
Hiện trạng,distance_m,116.53777777777778,0.8937655047278469,0.0,,free_large,model
Hiện trạng,trip_time_min,8.84130654993151,0.37522131042387546,0.0,,free_large,model
Hiện trạng,exposed_slots,25.76,0.9597209203676966,0.0,,free_large,model
Hiện trạng,impulse_revenue,0.8220277777777777,0.053343661451823926,0.0,,free_large,model
Hiện trạng,impulse_items,1.4883333333333333,0.08956685894918612,0.0,,free_large,model
Hiện trạng,basket_value,4.250972222222223,0.1631200953852465,0.0,,free_large,model
Hiện trạng,congestion_cells,41.0,13.831093423674204,0.0,,free_large,model
Tiện lợi – theo mô hình,distance_m,99.88666666666667,0.8982294497117576,-14.28816597383776,0.25,free_large,model
Tiện lợi – theo mô hình,trip_time_min,7.897503468844735,0.09274833508951269,-10.6749276903433,0.25,free_large,model
Tiện lợi – theo mô hình,exposed_slots,23.810000000000002,0.20232128690004395,-7.569875776397513,0.25,free_large,model
Tiện lợi – theo mô hình,impulse_revenue,0.6601388888888889,0.028582830461556078,-19.693846517757564,0.25,free_large,model
Tiện lợi – theo mô hình,impulse_items,1.2483333333333333,0.05382298375392363,-16.12541993281075,0.25,free_large,model
Tiện lợi – theo mô hình,basket_value,4.089083333333333,0.16185636761120234,-3.8082791518280357,0.25,free_large,model
Tiện lợi – theo mô hình,congestion_cells,45.0,6.57241060764698,9.75609756097561,0.5,free_large,model
Tiện lợi – chọn bằng mô phỏng,distance_m,99.88666666666667,0.8982294497117576,-14.28816597383776,0.25,free_large,model
Tiện lợi – chọn bằng mô phỏng,trip_time_min,7.897503468844735,0.09274833508951269,-10.6749276903433,0.25,free_large,model
Tiện lợi – chọn bằng mô phỏng,exposed_slots,23.810000000000002,0.20232128690004395,-7.569875776397513,0.25,free_large,model
Tiện lợi – chọn bằng mô phỏng,impulse_revenue,0.6601388888888889,0.028582830461556078,-19.693846517757564,0.25,free_large,model
Tiện lợi – chọn bằng mô phỏng,impulse_items,1.2483333333333333,0.05382298375392363,-16.12541993281075,0.25,free_large,model
Tiện lợi – chọn bằng mô phỏng,basket_value,4.089083333333333,0.16185636761120234,-3.8082791518280357,0.25,free_large,model
Tiện lợi – chọn bằng mô phỏng,congestion_cells,45.0,6.57241060764698,9.75609756097561,0.5,free_large,model
Tiện lợi – tinh chỉnh,distance_m,99.86444444444446,1.0463018883819357,-14.307234659242578,0.25,free_large,model
Tiện lợi – tinh chỉnh,trip_time_min,7.916288702516982,0.18117710898993686,-10.462456450191665,0.25,free_large,model
Tiện lợi – tinh chỉnh,exposed_slots,23.763888888888886,0.1994771576762456,-7.748878536922033,0.25,free_large,model
Tiện lợi – tinh chỉnh,impulse_revenue,0.6590277777777778,0.0755697748781577,-19.82901361808535,0.25,free_large,model
Tiện lợi – tinh chỉnh,impulse_items,1.235,0.14058502781944304,-17.02127659574467,0.25,free_large,model
Tiện lợi – tinh chỉnh,basket_value,4.087972222222223,0.11459545278076437,-3.8344169634397414,0.25,free_large,model
Tiện lợi – tinh chỉnh,congestion_cells,46.666666666666664,29.947342199618916,13.821138211382108,0.5,free_large,model
Cân bằng – theo mô hình,distance_m,103.75555555555555,2.5277290812440807,-10.968307844857183,0.25,free_large,model
Cân bằng – theo mô hình,trip_time_min,8.703003575476943,0.21878030510206498,-1.5642820851589823,0.25,free_large,model
Cân bằng – theo mô hình,exposed_slots,24.283888888888885,0.5049100007812262,-5.730244996549364,0.25,free_large,model
Cân bằng – theo mô hình,impulse_revenue,0.971361111111111,0.09648452319401747,18.16645828405366,0.25,free_large,model
Cân bằng – theo mô hình,impulse_items,1.6477777777777778,0.13257357134723588,10.71295259425159,0.25,free_large,model
Cân bằng – theo mô hình,basket_value,4.400305555555555,0.11806776323530187,3.5129218806155134,0.25,free_large,model
Cân bằng – theo mô hình,congestion_cells,46.666666666666664,7.589166067099471,13.821138211382108,0.25,free_large,model
Cân bằng – chọn bằng mô phỏng,distance_m,115.42888888888888,1.8220083433425664,-0.9515274017009353,0.25,free_large,model
Cân bằng – chọn bằng mô phỏng,trip_time_min,9.54650911469933,0.15842079795296637,7.976225694530215,0.25,free_large,model
Cân bằng – chọn bằng mô phỏng,exposed_slots,26.572222222222223,0.4861083190742756,3.1530365769496167,0.25,free_large,model
Cân bằng – chọn bằng mô phỏng,impulse_revenue,1.207638888888889,0.1565894155209948,46.909742168756146,0.25,free_large,model
Cân bằng – chọn bằng mô phỏng,impulse_items,1.941111111111111,0.2251132808961841,30.421799178798057,0.25,free_large,model
Cân bằng – chọn bằng mô phỏng,basket_value,4.636583333333333,0.11365344800640438,9.071127519848384,0.25,free_large,model
Cân bằng – chọn bằng mô phỏng,congestion_cells,45.333333333333336,21.127344185997657,10.569105691056917,1.0,free_large,model
Cân bằng – tinh chỉnh,distance_m,115.48888888888888,1.7258418171336747,-0.9000419511078972,0.25,free_large,model
Cân bằng – tinh chỉnh,trip_time_min,9.533980145318687,0.17072813989468383,7.834516216299987,0.25,free_large,model
Cân bằng – tinh chỉnh,exposed_slots,26.569444444444443,0.46185987673431794,3.142253278122831,0.25,free_large,model
Cân bằng – tinh chỉnh,impulse_revenue,1.174222222222222,0.11377203319719709,42.84459162639813,0.25,free_large,model
Cân bằng – tinh chỉnh,impulse_items,1.8822222222222222,0.16217513854236354,26.465098917506534,0.25,free_large,model
Cân bằng – tinh chỉnh,basket_value,4.603166666666667,0.16803365188688082,8.28503283562582,0.25,free_large,model
Cân bằng – tinh chỉnh,congestion_cells,42.333333333333336,10.342290024956363,3.252032520325209,0.75,free_large,model
Giá trị – theo mô hình,distance_m,127.76777777777778,0.5902598673261354,9.636360169329931,0.25,free_large,model
Giá trị – theo mô hình,trip_time_min,9.875163299889545,0.17641973492393997,11.693483809426834,0.25,free_large,model
Giá trị – theo mô hình,exposed_slots,27.715555555555554,0.4188253671736224,7.591442374051056,0.25,free_large,model
Giá trị – theo mô hình,impulse_revenue,1.1943055555555555,0.0345469427752219,45.28773696482277,0.25,free_large,model
Giá trị – theo mô hình,impulse_items,1.9572222222222224,0.07837327990667406,31.50429264650991,0.25,free_large,model
Giá trị – theo mô hình,basket_value,4.62325,0.15906296273876042,8.757473780507704,0.25,free_large,model
Giá trị – theo mô hình,congestion_cells,34.333333333333336,25.373899144963904,-16.26016260162601,0.5,free_large,model
Giá trị – chọn bằng mô phỏng,distance_m,115.42888888888888,1.8220083433425664,-0.9515274017009353,0.25,free_large,model
Giá trị – chọn bằng mô phỏng,trip_time_min,9.54650911469933,0.15842079795296637,7.976225694530215,0.25,free_large,model
Giá trị – chọn bằng mô phỏng,exposed_slots,26.572222222222223,0.4861083190742756,3.1530365769496167,0.25,free_large,model
Giá trị – chọn bằng mô phỏng,impulse_revenue,1.207638888888889,0.1565894155209948,46.909742168756146,0.25,free_large,model
Giá trị – chọn bằng mô phỏng,impulse_items,1.941111111111111,0.2251132808961841,30.421799178798057,0.25,free_large,model
Giá trị – chọn bằng mô phỏng,basket_value,4.636583333333333,0.11365344800640438,9.071127519848384,0.25,free_large,model
Giá trị – chọn bằng mô phỏng,congestion_cells,45.333333333333336,21.127344185997657,10.569105691056917,1.0,free_large,model
Giá trị – tinh chỉnh,distance_m,115.48888888888888,1.7258418171336747,-0.9000419511078972,0.25,free_large,model
Giá trị – tinh chỉnh,trip_time_min,9.533980145318687,0.17072813989468383,7.834516216299987,0.25,free_large,model
Giá trị – tinh chỉnh,exposed_slots,26.569444444444443,0.46185987673431794,3.142253278122831,0.25,free_large,model
Giá trị – tinh chỉnh,impulse_revenue,1.174222222222222,0.11377203319719709,42.84459162639813,0.25,free_large,model
Giá trị – tinh chỉnh,impulse_items,1.8822222222222222,0.16217513854236354,26.465098917506534,0.25,free_large,model
Giá trị – tinh chỉnh,basket_value,4.603166666666667,0.16803365188688082,8.28503283562582,0.25,free_large,model
Giá trị – tinh chỉnh,congestion_cells,42.333333333333336,10.342290024956363,3.252032520325209,0.75,free_large,model
Hiện trạng,distance_m,41.873333333333335,0.4813361823217818,0.0,,case_minimart_n30,model
Hiện trạng,trip_time_min,3.9956541317872856,0.10795728725207353,0.0,,case_minimart_n30,model
Hiện trạng,exposed_slots,12.416666666666666,0.3162062179452325,0.0,,case_minimart_n30,model
Hiện trạng,impulse_revenue,0.6661944444444444,0.08163954527552568,0.0,,case_minimart_n30,model
Hiện trạng,impulse_items,1.405,0.16399699461986367,0.0,,case_minimart_n30,model
Hiện trạng,basket_value,3.3949722222222225,0.15313341913534803,0.0,,case_minimart_n30,model
Hiện trạng,congestion_cells,42.333333333333336,14.125404968429052,0.0,,case_minimart_n30,model
Tiện lợi – theo mô hình,distance_m,40.60777777777778,1.319722648716699,-3.0223425144616094,0.25,case_minimart_n30,model
Tiện lợi – theo mô hình,trip_time_min,3.5701549754906416,0.12490672626603509,-10.649048748028523,0.25,case_minimart_n30,model
Tiện lợi – theo mô hình,exposed_slots,10.649444444444443,0.35770081545123594,-14.232662192393745,0.25,case_minimart_n30,model
Tiện lợi – theo mô hình,impulse_revenue,0.46402777777777776,0.06927815674809397,-30.346495434265936,0.25,case_minimart_n30,model
Tiện lợi – theo mô hình,impulse_items,0.9866666666666667,0.16420590807350782,-29.77461447212337,0.25,case_minimart_n30,model
Tiện lợi – theo mô hình,basket_value,3.1928055555555552,0.1752645681312305,-5.954884265130643,0.25,case_minimart_n30,model
Tiện lợi – theo mô hình,congestion_cells,32.666666666666664,14.34217576565381,-22.83464566929135,0.5,case_minimart_n30,model
Tiện lợi – chọn bằng mô phỏng,distance_m,40.736666666666665,1.0863192250255937,-2.714535901926453,0.25,case_minimart_n30,model
Tiện lợi – chọn bằng mô phỏng,trip_time_min,3.5805650822593886,0.10708162846220695,-10.388513015320086,0.25,case_minimart_n30,model
Tiện lợi – chọn bằng mô phỏng,exposed_slots,10.722777777777779,0.45884378895238537,-13.642058165548086,0.25,case_minimart_n30,model
Tiện lợi – chọn bằng mô phỏng,impulse_revenue,0.4277499999999999,0.04693137809299857,-35.792019347037495,0.25,case_minimart_n30,model
Tiện lợi – chọn bằng mô phỏng,impulse_items,0.9172222222222223,0.13173045325054245,-34.71727955713721,0.25,case_minimart_n30,model
Tiện lợi – chọn bằng mô phỏng,basket_value,3.1565277777777783,0.14451956311386577,-7.023457891162579,0.25,case_minimart_n30,model
Tiện lợi – chọn bằng mô phỏng,congestion_cells,32.0,19.40173575786508,-24.40944881889764,0.5,case_minimart_n30,model
Tiện lợi – tinh chỉnh,distance_m,40.79444444444445,1.0577077773637649,-2.5765536273417053,0.25,case_minimart_n30,model
Tiện lợi – tinh chỉnh,trip_time_min,3.5470336544485543,0.1605375287997995,-11.227710470977627,0.25,case_minimart_n30,model
Tiện lợi – tinh chỉnh,exposed_slots,10.561666666666666,0.44158997882297557,-14.939597315436247,0.25,case_minimart_n30,model
Tiện lợi – tinh chỉnh,impulse_revenue,0.4250277777777778,0.026149354456810277,-36.200642121502725,0.25,case_minimart_n30,model
Tiện lợi – tinh chỉnh,impulse_items,0.9138888888888889,0.04228983190827327,-34.95452748121787,0.25,case_minimart_n30,model
Tiện lợi – tinh chỉnh,basket_value,3.1538055555555555,0.13365478093385663,-7.10364182328444,0.25,case_minimart_n30,model
Tiện lợi – tinh chỉnh,congestion_cells,32.0,13.831093423674204,-24.40944881889764,0.25,case_minimart_n30,model
Cân bằng – theo mô hình,distance_m,41.48333333333334,1.3388506218431881,-0.9313803534468877,0.25,case_minimart_n30,model
Cân bằng – theo mô hình,trip_time_min,3.7434105756421854,0.14947091925629874,-6.312947713326473,0.25,case_minimart_n30,model
Cân bằng – theo mô hình,exposed_slots,10.837222222222223,0.4681267519575591,-12.720357941834438,0.25,case_minimart_n30,model
Cân bằng – theo mô hình,impulse_revenue,0.5399166666666667,0.083170966464846,-18.955093191010288,0.25,case_minimart_n30,model
Cân bằng – theo mô hình,impulse_items,1.1683333333333332,0.16136275660953261,-16.844602609727172,0.25,case_minimart_n30,model
Cân bằng – theo mô hình,basket_value,3.2686944444444443,0.18117233913598857,-3.7195526063869067,0.25,case_minimart_n30,model
Cân bằng – theo mô hình,congestion_cells,33.333333333333336,9.404793588800882,-21.259842519685037,0.25,case_minimart_n30,model
Cân bằng – chọn bằng mô phỏng,distance_m,41.873333333333335,0.4813361823217818,0.0,,case_minimart_n30,model
Cân bằng – chọn bằng mô phỏng,trip_time_min,3.9956541317872856,0.10795728725207353,0.0,,case_minimart_n30,model
Cân bằng – chọn bằng mô phỏng,exposed_slots,12.416666666666666,0.3162062179452325,0.0,,case_minimart_n30,model
Cân bằng – chọn bằng mô phỏng,impulse_revenue,0.6661944444444444,0.08163954527552568,0.0,,case_minimart_n30,model
Cân bằng – chọn bằng mô phỏng,impulse_items,1.405,0.16399699461986367,0.0,,case_minimart_n30,model
Cân bằng – chọn bằng mô phỏng,basket_value,3.3949722222222225,0.15313341913534803,0.0,,case_minimart_n30,model
Cân bằng – chọn bằng mô phỏng,congestion_cells,42.333333333333336,14.125404968429052,0.0,,case_minimart_n30,model
Cân bằng – tinh chỉnh,distance_m,41.58555555555555,0.6541737331757592,-0.6872578676431707,0.25,case_minimart_n30,model
Cân bằng – tinh chỉnh,trip_time_min,3.995436741812766,0.08097728387545985,-0.005440660461325696,1.0,case_minimart_n30,model
Cân bằng – tinh chỉnh,exposed_slots,12.435,0.29413118313830866,0.14765100671141818,0.25,case_minimart_n30,model
Cân bằng – tinh chỉnh,impulse_revenue,0.681361111111111,0.051186840419165776,2.2766126005920686,0.25,case_minimart_n30,model
Cân bằng – tinh chỉnh,impulse_items,1.4533333333333334,0.10449466877405027,3.4400948991696327,0.25,case_minimart_n30,model
Cân bằng – tinh chỉnh,basket_value,3.410138888888889,0.13807561993242665,0.44673905039314327,0.25,case_minimart_n30,model
Cân bằng – tinh chỉnh,congestion_cells,38.666666666666664,10.039523035957666,-8.661417322834657,0.25,case_minimart_n30,model
Giá trị – theo mô hình,distance_m,44.47555555555556,1.337270634847792,6.214509366873644,0.25,case_minimart_n30,model
Giá trị – theo mô hình,trip_time_min,4.022105065756999,0.16127190620619875,0.6619925823730272,0.5,case_minimart_n30,model
Giá trị – theo mô hình,exposed_slots,12.412222222222221,0.5535586475830968,-0.035794183445195756,1.0,case_minimart_n30,model
Giá trị – theo mô hình,impulse_revenue,0.6779722222222223,0.08994078874995713,1.7679189425843471,0.25,case_minimart_n30,model
Giá trị – theo mô hình,impulse_items,1.4383333333333332,0.1780298693399008,2.3724792408066344,0.25,case_minimart_n30,model
Giá trị – theo mô hình,basket_value,3.40675,0.15729971022237704,0.346918236935334,0.25,case_minimart_n30,model
Giá trị – theo mô hình,congestion_cells,42.666666666666664,16.162811241550536,0.7874015748031383,1.0,case_minimart_n30,model
Giá trị – chọn bằng mô phỏng,distance_m,41.873333333333335,0.4813361823217818,0.0,,case_minimart_n30,model
Giá trị – chọn bằng mô phỏng,trip_time_min,3.9956541317872856,0.10795728725207353,0.0,,case_minimart_n30,model
Giá trị – chọn bằng mô phỏng,exposed_slots,12.416666666666666,0.3162062179452325,0.0,,case_minimart_n30,model
Giá trị – chọn bằng mô phỏng,impulse_revenue,0.6661944444444444,0.08163954527552568,0.0,,case_minimart_n30,model
Giá trị – chọn bằng mô phỏng,impulse_items,1.405,0.16399699461986367,0.0,,case_minimart_n30,model
Giá trị – chọn bằng mô phỏng,basket_value,3.3949722222222225,0.15313341913534803,0.0,,case_minimart_n30,model
Giá trị – chọn bằng mô phỏng,congestion_cells,42.333333333333336,14.125404968429052,0.0,,case_minimart_n30,model
Giá trị – tinh chỉnh,distance_m,42.27333333333333,0.7825362374662213,0.9552619009711795,0.25,case_minimart_n30,model
Giá trị – tinh chỉnh,trip_time_min,4.0264593827829165,0.16741540368761584,0.770968907207479,0.5,case_minimart_n30,model
Giá trị – tinh chỉnh,exposed_slots,12.323888888888888,0.5914928051262983,-0.7472035794183469,0.25,case_minimart_n30,model
Giá trị – tinh chỉnh,impulse_revenue,0.7174999999999999,0.07808449823746116,7.7012884126256,0.25,case_minimart_n30,model
Giá trị – tinh chỉnh,impulse_items,1.5233333333333334,0.16357836727560396,8.422301304863586,0.25,case_minimart_n30,model
Giá trị – tinh chỉnh,basket_value,3.446277777777778,0.18329218954483087,1.5112216594801116,0.25,case_minimart_n30,model
Giá trị – tinh chỉnh,congestion_cells,43.666666666666664,23.081547494581685,3.149606299212587,1.0,case_minimart_n30,model
Hiện trạng,distance_m,29.421111111111113,0.6269862392533949,0.0,,grid_small,route
Hiện trạng,trip_time_min,3.0230775278666098,0.16285202252039305,0.0,,grid_small,route
Hiện trạng,exposed_slots,9.805555555555555,0.41257825141950055,0.0,,grid_small,route
Hiện trạng,impulse_revenue,0.6632222222222222,0.10244147179620586,0.0,,grid_small,route
Hiện trạng,impulse_items,1.4800000000000002,0.2383060869380319,0.0,,grid_small,route
Hiện trạng,basket_value,2.992888888888889,0.22468350176246701,0.0,,grid_small,route
Hiện trạng,congestion_cells,22.666666666666668,5.171145012478181,0.0,,grid_small,route
Tiện lợi – theo mô hình,distance_m,28.364444444444445,0.46843789492994364,-3.591525359719028,0.25,grid_small,route
Tiện lợi – theo mô hình,trip_time_min,3.03543358374757,0.11616146552797289,0.4087244130215881,1.0,grid_small,route
Tiện lợi – theo mô hình,exposed_slots,9.543888888888889,0.42429441643242594,-2.668555240793202,0.25,grid_small,route
Tiện lợi – theo mô hình,impulse_revenue,0.6571944444444445,0.07342062139667214,-0.9088624560227625,1.0,grid_small,route
Tiện lợi – theo mô hình,impulse_items,1.446111111111111,0.143561127760028,-2.2897897897898174,1.0,grid_small,route
Tiện lợi – theo mô hình,basket_value,2.986861111111111,0.16166487403471877,-0.20140332640332523,1.0,grid_small,route
Tiện lợi – theo mô hình,congestion_cells,27.0,7.452413135158637,19.117647058823522,0.25,grid_small,route
Tiện lợi – chọn bằng mô phỏng,distance_m,28.364444444444445,0.46843789492994364,-3.591525359719028,0.25,grid_small,route
Tiện lợi – chọn bằng mô phỏng,trip_time_min,3.03543358374757,0.11616146552797289,0.4087244130215881,1.0,grid_small,route
Tiện lợi – chọn bằng mô phỏng,exposed_slots,9.543888888888889,0.42429441643242594,-2.668555240793202,0.25,grid_small,route
Tiện lợi – chọn bằng mô phỏng,impulse_revenue,0.6571944444444445,0.07342062139667214,-0.9088624560227625,1.0,grid_small,route
Tiện lợi – chọn bằng mô phỏng,impulse_items,1.446111111111111,0.143561127760028,-2.2897897897898174,1.0,grid_small,route
Tiện lợi – chọn bằng mô phỏng,basket_value,2.986861111111111,0.16166487403471877,-0.20140332640332523,1.0,grid_small,route
Tiện lợi – chọn bằng mô phỏng,congestion_cells,27.0,7.452413135158637,19.117647058823522,0.25,grid_small,route
Tiện lợi – tinh chỉnh,distance_m,28.364444444444445,0.46843789492994364,-3.591525359719028,0.25,grid_small,route
Tiện lợi – tinh chỉnh,trip_time_min,3.03543358374757,0.11616146552797289,0.4087244130215881,1.0,grid_small,route
Tiện lợi – tinh chỉnh,exposed_slots,9.543888888888889,0.42429441643242594,-2.668555240793202,0.25,grid_small,route
Tiện lợi – tinh chỉnh,impulse_revenue,0.6571944444444445,0.07342062139667214,-0.9088624560227625,1.0,grid_small,route
Tiện lợi – tinh chỉnh,impulse_items,1.446111111111111,0.143561127760028,-2.2897897897898174,1.0,grid_small,route
Tiện lợi – tinh chỉnh,basket_value,2.986861111111111,0.16166487403471877,-0.20140332640332523,1.0,grid_small,route
Tiện lợi – tinh chỉnh,congestion_cells,27.0,7.452413135158637,19.117647058823522,0.25,grid_small,route
Cân bằng – theo mô hình,distance_m,31.25222222222222,0.7104485873745311,6.223799992446827,0.25,grid_small,route
Cân bằng – theo mô hình,trip_time_min,3.493580403103843,0.14736741361329428,15.563705227542334,0.25,grid_small,route
Cân bằng – theo mô hình,exposed_slots,11.036111111111111,0.5052493828777913,12.549575070821534,0.25,grid_small,route
Cân bằng – theo mô hình,impulse_revenue,1.0738888888888887,0.16035472028049255,61.91991958452,0.25,grid_small,route
Cân bằng – theo mô hình,impulse_items,2.255555555555556,0.30972495942090933,52.40240240240241,0.25,grid_small,route
Cân bằng – theo mô hình,basket_value,3.4035555555555557,0.2647218151221303,13.721413721413725,0.25,grid_small,route
Cân bằng – theo mô hình,congestion_cells,31.333333333333332,3.7945830335497357,38.235294117647044,0.25,grid_small,route
Cân bằng – chọn bằng mô phỏng,distance_m,29.038888888888888,0.8612208182926684,-1.2991427168699823,0.25,grid_small,route
Cân bằng – chọn bằng mô phỏng,trip_time_min,3.1529576786495057,0.17725483962941405,4.296289115501201,0.25,grid_small,route
Cân bằng – chọn bằng mô phỏng,exposed_slots,9.929444444444444,0.473732242985903,1.2634560906515564,0.5,grid_small,route
Cân bằng – chọn bằng mô phỏng,impulse_revenue,0.7635277777777777,0.07242216925599063,15.123973864969004,0.25,grid_small,route
Cân bằng – chọn bằng mô phỏng,impulse_items,1.6411111111111112,0.1447502242251084,10.885885885885877,0.25,grid_small,route
Cân bằng – chọn bằng mô phỏng,basket_value,3.093194444444445,0.2081403711286608,3.351462726462737,0.25,grid_small,route
Cân bằng – chọn bằng mô phỏng,congestion_cells,27.666666666666668,13.681563696469265,22.058823529411764,0.25,grid_small,route
Cân bằng – tinh chỉnh,distance_m,29.468888888888888,0.7598345815452616,0.1623928396087357,0.75,grid_small,route
Cân bằng – tinh chỉnh,trip_time_min,3.1878058538923173,0.1325465011379786,5.449027506150547,0.25,grid_small,route
Cân bằng – tinh chỉnh,exposed_slots,10.094444444444443,0.36448915280178273,2.946175637393757,0.25,grid_small,route
Cân bằng – tinh chỉnh,impulse_revenue,0.8067777777777777,0.02311247051090604,21.64516669458871,0.25,grid_small,route
Cân bằng – tinh chỉnh,impulse_items,1.728888888888889,0.03346507678652578,16.816816816816804,0.25,grid_small,route
Cân bằng – tinh chỉnh,basket_value,3.1364444444444444,0.15904684199843136,4.796554796554792,0.25,grid_small,route
Cân bằng – tinh chỉnh,congestion_cells,24.333333333333332,6.251609479298304,7.352941176470577,0.25,grid_small,route
Giá trị – theo mô hình,distance_m,31.805555555555557,0.42949435437337813,8.104535669776046,0.25,grid_small,route
Giá trị – theo mô hình,trip_time_min,3.530679610524724,0.06335062928948934,16.79090522750601,0.25,grid_small,route
Giá trị – theo mô hình,exposed_slots,11.104999999999999,0.1982560480485264,13.25212464589234,0.25,grid_small,route
Giá trị – theo mô hình,impulse_revenue,1.1068055555555556,0.07294836904009847,66.88306248952925,0.25,grid_small,route
Giá trị – theo mô hình,impulse_items,2.401666666666667,0.16199888032427884,62.27477477477476,0.25,grid_small,route
Giá trị – theo mô hình,basket_value,3.4364722222222226,0.06302822399154231,14.821242946242956,0.25,grid_small,route
Giá trị – theo mô hình,congestion_cells,32.0,11.383749100649206,41.17647058823529,0.25,grid_small,route
Giá trị – chọn bằng mô phỏng,distance_m,31.805555555555557,0.42949435437337813,8.104535669776046,0.25,grid_small,route
Giá trị – chọn bằng mô phỏng,trip_time_min,3.530679610524724,0.06335062928948934,16.79090522750601,0.25,grid_small,route
Giá trị – chọn bằng mô phỏng,exposed_slots,11.104999999999999,0.1982560480485264,13.25212464589234,0.25,grid_small,route
Giá trị – chọn bằng mô phỏng,impulse_revenue,1.1068055555555556,0.07294836904009847,66.88306248952925,0.25,grid_small,route
Giá trị – chọn bằng mô phỏng,impulse_items,2.401666666666667,0.16199888032427884,62.27477477477476,0.25,grid_small,route
Giá trị – chọn bằng mô phỏng,basket_value,3.4364722222222226,0.06302822399154231,14.821242946242956,0.25,grid_small,route
Giá trị – chọn bằng mô phỏng,congestion_cells,32.0,11.383749100649206,41.17647058823529,0.25,grid_small,route
Giá trị – tinh chỉnh,distance_m,31.66,0.24841377117195812,7.609803995619163,0.25,grid_small,route
Giá trị – tinh chỉnh,trip_time_min,3.51829810621764,0.12323602639469132,16.38133900920855,0.25,grid_small,route
Giá trị – tinh chỉnh,exposed_slots,11.050000000000002,0.24258353433126004,12.691218130311642,0.25,grid_small,route
Giá trị – tinh chỉnh,impulse_revenue,1.0970277777777777,0.06605590988204281,65.4087786898978,0.25,grid_small,route
Giá trị – tinh chỉnh,impulse_items,2.4033333333333333,0.13326137659309847,62.38738738738736,0.25,grid_small,route
Giá trị – tinh chỉnh,basket_value,3.4266944444444447,0.16189532736841145,14.494542619542626,0.25,grid_small,route
Giá trị – tinh chỉnh,congestion_cells,33.0,12.420688558597728,45.58823529411764,0.25,grid_small,route
Hiện trạng,distance_m,36.32333333333333,0.6003761087650555,0.0,,racetrack_small,route
Hiện trạng,trip_time_min,3.2300402148300003,0.09030345646932696,0.0,,racetrack_small,route
Hiện trạng,exposed_slots,10.122777777777777,0.35273038468035545,0.0,,racetrack_small,route
Hiện trạng,impulse_revenue,0.6523055555555556,0.033918521325725336,0.0,,racetrack_small,route
Hiện trạng,impulse_items,1.5527777777777778,0.07902670438640558,0.0,,racetrack_small,route
Hiện trạng,basket_value,2.981972222222222,0.16429283346853232,0.0,,racetrack_small,route
Hiện trạng,congestion_cells,24.666666666666668,7.589166067099472,0.0,,racetrack_small,route
Tiện lợi – theo mô hình,distance_m,33.99,0.9954475673909882,-6.4237863632192225,0.25,racetrack_small,route
Tiện lợi – theo mô hình,trip_time_min,2.9018182644821877,0.17794658036808209,-10.161543774001808,0.25,racetrack_small,route
Tiện lợi – theo mô hình,exposed_slots,8.378333333333332,0.46641481807584645,-17.23286317984744,0.25,racetrack_small,route
Tiện lợi – theo mô hình,impulse_revenue,0.45105555555555554,0.08378272158599638,-30.852105778648387,0.25,racetrack_small,route
Tiện lợi – theo mô hình,impulse_items,1.0105555555555554,0.20322300183872546,-34.919499105545626,0.25,racetrack_small,route
Tiện lợi – theo mô hình,basket_value,2.7807222222222223,0.21971558071889777,-6.748889157995718,0.25,racetrack_small,route
Tiện lợi – theo mô hình,congestion_cells,27.666666666666668,8.724004935027017,12.162162162162161,0.5,racetrack_small,route
Tiện lợi – chọn bằng mô phỏng,distance_m,33.99,0.9954475673909882,-6.4237863632192225,0.25,racetrack_small,route
Tiện lợi – chọn bằng mô phỏng,trip_time_min,2.9018182644821877,0.17794658036808209,-10.161543774001808,0.25,racetrack_small,route
Tiện lợi – chọn bằng mô phỏng,exposed_slots,8.378333333333332,0.46641481807584645,-17.23286317984744,0.25,racetrack_small,route
Tiện lợi – chọn bằng mô phỏng,impulse_revenue,0.45105555555555554,0.08378272158599638,-30.852105778648387,0.25,racetrack_small,route
Tiện lợi – chọn bằng mô phỏng,impulse_items,1.0105555555555554,0.20322300183872546,-34.919499105545626,0.25,racetrack_small,route
Tiện lợi – chọn bằng mô phỏng,basket_value,2.7807222222222223,0.21971558071889777,-6.748889157995718,0.25,racetrack_small,route
Tiện lợi – chọn bằng mô phỏng,congestion_cells,27.666666666666668,8.724004935027017,12.162162162162161,0.5,racetrack_small,route
Tiện lợi – tinh chỉnh,distance_m,33.91,0.8398443079053238,-6.6440304671010395,0.25,racetrack_small,route
Tiện lợi – tinh chỉnh,trip_time_min,2.894573749363916,0.16292524017282353,-10.385829375308258,0.25,racetrack_small,route
Tiện lợi – tinh chỉnh,exposed_slots,8.346666666666666,0.42680525481950565,-17.54568904011855,0.25,racetrack_small,route
Tiện lợi – tinh chỉnh,impulse_revenue,0.44083333333333335,0.05722622486137496,-32.419196865817824,0.25,racetrack_small,route
Tiện lợi – tinh chỉnh,impulse_items,0.9755555555555556,0.13931938978664243,-37.173524150268335,0.25,racetrack_small,route
Tiện lợi – tinh chỉnh,basket_value,2.7705,0.14138641333946267,-7.091689877132006,0.25,racetrack_small,route
Tiện lợi – tinh chỉnh,congestion_cells,28.666666666666668,12.747604657244311,16.216216216216214,0.5,racetrack_small,route
Cân bằng – theo mô hình,distance_m,37.51222222222222,0.2964049658235074,3.273072099354566,0.25,racetrack_small,route
Cân bằng – theo mô hình,trip_time_min,3.8003421557498487,0.1574375194678957,17.656187012825285,0.25,racetrack_small,route
Cân bằng – theo mô hình,exposed_slots,12.180555555555555,0.5065708005159735,20.328192744635313,0.25,racetrack_small,route
Cân bằng – theo mô hình,impulse_revenue,1.1141944444444443,0.1305214059400522,70.80867010177572,0.25,racetrack_small,route
Cân bằng – theo mô hình,impulse_items,2.5527777777777776,0.29229942216491905,64.40071556350624,0.25,racetrack_small,route
Cân bằng – theo mô hình,basket_value,3.4438611111111115,0.25542836678855685,15.489375972277884,0.25,racetrack_small,route
Cân bằng – theo mô hình,congestion_cells,36.666666666666664,7.9853855113451635,48.64864864864863,0.25,racetrack_small,route
Cân bằng – chọn bằng mô phỏng,distance_m,36.12222222222223,0.9648185824787322,-0.553669205591732,0.25,racetrack_small,route
Cân bằng – chọn bằng mô phỏng,trip_time_min,3.459493073346149,0.16953683889679164,7.103715225050996,0.25,racetrack_small,route
Cân bằng – chọn bằng mô phỏng,exposed_slots,10.478333333333332,0.5216689194611045,3.512430711816024,0.25,racetrack_small,route
Cân bằng – chọn bằng mô phỏng,impulse_revenue,0.8112222222222222,0.023366023938480845,24.36230464591405,0.25,racetrack_small,route
Cân bằng – chọn bằng mô phỏng,impulse_items,1.95,0.05796321327345595,25.581395348837205,0.25,racetrack_small,route
Cân bằng – chọn bằng mô phỏng,basket_value,3.1408888888888895,0.15926292167459213,5.329247049398737,0.25,racetrack_small,route
Cân bằng – chọn bằng mô phỏng,congestion_cells,31.666666666666668,7.985385511345165,28.378378378378375,0.5,racetrack_small,route
Cân bằng – tinh chỉnh,distance_m,35.903333333333336,0.857057511681315,-1.1562815453794475,0.25,racetrack_small,route
Cân bằng – tinh chỉnh,trip_time_min,3.4468568710599867,0.17020474003532507,6.712506402691885,0.25,racetrack_small,route
Cân bằng – tinh chỉnh,exposed_slots,10.436111111111112,0.4477832565903422,3.0953295647878925,0.25,racetrack_small,route
Cân bằng – tinh chỉnh,impulse_revenue,0.8228055555555556,0.04640813784175846,26.138057318059868,0.25,racetrack_small,route
Cân bằng – tinh chỉnh,impulse_items,1.9794444444444446,0.12009044813168697,27.47763864042934,0.25,racetrack_small,route
Cân bằng – tinh chỉnh,basket_value,3.152472222222222,0.17163040869798205,5.71769242950695,0.25,racetrack_small,route
Cân bằng – tinh chỉnh,congestion_cells,23.666666666666668,5.171145012478181,-4.0540540540540535,0.5,racetrack_small,route
Giá trị – theo mô hình,distance_m,38.58111111111111,0.26137060512614985,6.215778042886435,0.25,racetrack_small,route
Giá trị – theo mô hình,trip_time_min,3.849100450718258,0.15731589494908518,19.1657129544698,0.25,racetrack_small,route
Giá trị – theo mô hình,exposed_slots,11.807222222222222,0.4577591240299485,16.640140497228476,0.25,racetrack_small,route
Giá trị – theo mô hình,impulse_revenue,1.1552777777777778,0.08110447910186362,77.10684324830729,0.25,racetrack_small,route
Giá trị – theo mô hình,impulse_items,2.613888888888889,0.1843371036274842,68.33631484794276,0.25,racetrack_small,route
Giá trị – theo mô hình,basket_value,3.4849444444444444,0.15872750318349207,16.86709951467617,0.25,racetrack_small,route
Giá trị – theo mô hình,congestion_cells,34.666666666666664,10.039523035957666,40.540540540540526,0.25,racetrack_small,route
Giá trị – chọn bằng mô phỏng,distance_m,38.58111111111111,0.26137060512614985,6.215778042886435,0.25,racetrack_small,route
Giá trị – chọn bằng mô phỏng,trip_time_min,3.849100450718258,0.15731589494908518,19.1657129544698,0.25,racetrack_small,route
Giá trị – chọn bằng mô phỏng,exposed_slots,11.807222222222222,0.4577591240299485,16.640140497228476,0.25,racetrack_small,route
Giá trị – chọn bằng mô phỏng,impulse_revenue,1.1552777777777778,0.08110447910186362,77.10684324830729,0.25,racetrack_small,route
Giá trị – chọn bằng mô phỏng,impulse_items,2.613888888888889,0.1843371036274842,68.33631484794276,0.25,racetrack_small,route
Giá trị – chọn bằng mô phỏng,basket_value,3.4849444444444444,0.15872750318349207,16.86709951467617,0.25,racetrack_small,route
Giá trị – chọn bằng mô phỏng,congestion_cells,34.666666666666664,10.039523035957666,40.540540540540526,0.25,racetrack_small,route
Giá trị – tinh chỉnh,distance_m,38.675555555555555,0.3763132328959234,6.475788443302443,0.25,racetrack_small,route
Giá trị – tinh chỉnh,trip_time_min,3.834146611561755,0.1157420769331415,18.702751561981696,0.25,racetrack_small,route
Giá trị – tinh chỉnh,exposed_slots,11.822777777777778,0.3888804842348445,16.793809340870435,0.25,racetrack_small,route
Giá trị – tinh chỉnh,impulse_revenue,1.1208333333333333,0.07497931655191259,71.8264276284972,0.25,racetrack_small,route
Giá trị – tinh chỉnh,impulse_items,2.543888888888889,0.18947299498056144,63.828264758497326,0.25,racetrack_small,route
Giá trị – tinh chỉnh,basket_value,3.4505,0.15682577882613527,15.712010134977795,0.25,racetrack_small,route
Giá trị – tinh chỉnh,congestion_cells,36.333333333333336,7.589166067099472,47.2972972972973,0.25,racetrack_small,route
Hiện trạng,distance_m,42.10444444444445,0.6647271406843062,0.0,,free_small,route
Hiện trạng,trip_time_min,3.4793144012828265,0.1758426549872696,0.0,,free_small,route
Hiện trạng,exposed_slots,10.643333333333333,0.7453908068101031,0.0,,free_small,route
Hiện trạng,impulse_revenue,0.6046944444444445,0.05894425345817588,0.0,,free_small,route
Hiện trạng,impulse_items,1.4405555555555554,0.1417587824069423,0.0,,free_small,route
Hiện trạng,basket_value,2.934361111111111,0.1817693181865473,0.0,,free_small,route
Hiện trạng,congestion_cells,33.0,17.210610918784568,0.0,,free_small,route
Tiện lợi – theo mô hình,distance_m,40.53555555555556,1.2097785606626557,-3.726183564680416,0.25,free_small,route
Tiện lợi – theo mô hình,trip_time_min,3.3607157755879977,0.16161957115269657,-3.408678032979756,0.25,free_small,route
Tiện lợi – theo mô hình,exposed_slots,10.365555555555556,0.509842551213046,-2.609875769913343,0.25,free_small,route
Tiện lợi – theo mô hình,impulse_revenue,0.5355555555555556,0.053705948105495296,-11.433690109789161,0.25,free_small,route
Tiện lợi – theo mô hình,impulse_items,1.182777777777778,0.11609880794554672,-17.894330890859987,0.25,free_small,route
Tiện lợi – theo mô hình,basket_value,2.865222222222222,0.18439602659933216,-2.3561820195575405,0.25,free_small,route
Tiện lợi – theo mô hình,congestion_cells,24.0,11.383749100649206,-27.272727272727273,0.25,free_small,route
Tiện lợi – chọn bằng mô phỏng,distance_m,40.72111111111111,1.0607501809918158,-3.2854805510107297,0.25,free_small,route
Tiện lợi – chọn bằng mô phỏng,trip_time_min,3.405996542686746,0.1957652845560359,-2.1072501688564964,0.25,free_small,route
Tiện lợi – chọn bằng mô phỏng,exposed_slots,10.531666666666666,0.5145724029018602,-1.0491700595051647,0.5,free_small,route
Tiện lợi – chọn bằng mô phỏng,impulse_revenue,0.5752777777777779,0.06975774823816303,-4.864715880380353,0.25,free_small,route
Tiện lợi – chọn bằng mô phỏng,impulse_items,1.2588888888888887,0.17819027109271923,-12.610875433860393,0.25,free_small,route
Tiện lợi – chọn bằng mô phỏng,basket_value,2.9049444444444448,0.20569028742387188,-1.0024896579796694,0.25,free_small,route
Tiện lợi – chọn bằng mô phỏng,congestion_cells,30.666666666666668,13.681563696469263,-7.0707070707070665,0.25,free_small,route
Tiện lợi – tinh chỉnh,distance_m,40.72111111111111,1.0607501809918158,-3.2854805510107297,0.25,free_small,route
Tiện lợi – tinh chỉnh,trip_time_min,3.405996542686746,0.1957652845560359,-2.1072501688564964,0.25,free_small,route
Tiện lợi – tinh chỉnh,exposed_slots,10.531666666666666,0.5145724029018602,-1.0491700595051647,0.5,free_small,route
Tiện lợi – tinh chỉnh,impulse_revenue,0.5752777777777779,0.06975774823816303,-4.864715880380353,0.25,free_small,route
Tiện lợi – tinh chỉnh,impulse_items,1.2588888888888887,0.17819027109271923,-12.610875433860393,0.25,free_small,route
Tiện lợi – tinh chỉnh,basket_value,2.9049444444444448,0.20569028742387188,-1.0024896579796694,0.25,free_small,route
Tiện lợi – tinh chỉnh,congestion_cells,30.666666666666668,13.681563696469263,-7.0707070707070665,0.25,free_small,route
Cân bằng – theo mô hình,distance_m,41.282222222222224,0.8561103022495392,-1.9528157491951246,0.25,free_small,route
Cân bằng – theo mô hình,trip_time_min,3.769729830253676,0.16331514847197895,8.346915382633226,0.25,free_small,route
Cân bằng – theo mô hình,exposed_slots,11.886111111111111,0.4699175703725347,11.676584194592344,0.25,free_small,route
Cân bằng – theo mô hình,impulse_revenue,0.7989166666666668,0.061506798818918046,32.119068400018385,0.25,free_small,route
Cân bằng – theo mô hình,impulse_items,1.8244444444444445,0.15009878566086024,26.648669494793698,0.25,free_small,route
Cân bằng – theo mô hình,basket_value,3.1285833333333333,0.17351229700508083,6.618893001505158,0.25,free_small,route
Cân bằng – theo mô hình,congestion_cells,32.0,4.302652729696142,-3.0303030303030303,1.0,free_small,route
Cân bằng – chọn bằng mô phỏng,distance_m,41.571111111111115,0.7106415828742716,-1.2666912967752104,0.25,free_small,route
Cân bằng – chọn bằng mô phỏng,trip_time_min,3.745343697270904,0.10029059831848607,7.646026351915551,0.25,free_small,route
Cân bằng – chọn bằng mô phỏng,exposed_slots,12.195555555555556,0.3576049599384508,14.583985802275825,0.25,free_small,route
Cân bằng – chọn bằng mô phỏng,impulse_revenue,0.8063888888888888,0.048981003368469465,33.35477054527077,0.25,free_small,route
Cân bằng – chọn bằng mô phỏng,impulse_items,1.7555555555555555,0.09130434307334008,21.86656382568455,0.25,free_small,route
Cân bằng – chọn bằng mô phỏng,basket_value,3.1360555555555556,0.17827694822018325,6.873538627564212,0.25,free_small,route
Cân bằng – chọn bằng mô phỏng,congestion_cells,33.0,4.302652729696142,0.0,1.0,free_small,route
Cân bằng – tinh chỉnh,distance_m,41.75777777777778,0.9452184192344955,-0.8233493429038835,0.25,free_small,route
Cân bằng – tinh chỉnh,trip_time_min,3.8434924832913993,0.16177941450890182,10.466949519546148,0.25,free_small,route
Cân bằng – tinh chỉnh,exposed_slots,12.262777777777778,0.3789459899611231,15.215575738594852,0.25,free_small,route
Cân bằng – tinh chỉnh,impulse_revenue,0.8542500000000001,0.08576448224540528,41.26969543846754,0.25,free_small,route
Cân bằng – tinh chỉnh,impulse_items,1.8499999999999999,0.18809587177601783,28.42267643655998,0.25,free_small,route
Cân bằng – tinh chỉnh,basket_value,3.1839166666666667,0.22014840754041032,8.504595927563267,0.25,free_small,route
Cân bằng – tinh chỉnh,congestion_cells,35.0,12.907958189088427,6.0606060606060606,0.5,free_small,route
Giá trị – theo mô hình,distance_m,43.199999999999996,0.34807488469167863,2.601995038792406,0.25,free_small,route
Giá trị – theo mô hình,trip_time_min,4.250933218408289,0.14116000508687201,22.1773236946039,0.25,free_small,route
Giá trị – theo mô hình,exposed_slots,13.236666666666666,0.32397130645291,24.36580018791106,0.25,free_small,route
Giá trị – theo mô hình,impulse_revenue,1.1379722222222222,0.0735800832302614,88.18962745188108,0.25,free_small,route
Giá trị – theo mô hình,impulse_items,2.542777777777778,0.15348659708694212,76.51369070574627,0.25,free_small,route
Giá trị – theo mô hình,basket_value,3.4676388888888887,0.14006224718858457,18.173556613686493,0.25,free_small,route
Giá trị – theo mô hình,congestion_cells,34.0,8.605305459392284,3.0303030303030303,1.0,free_small,route
Giá trị – chọn bằng mô phỏng,distance_m,43.199999999999996,0.34807488469167863,2.601995038792406,0.25,free_small,route
Giá trị – chọn bằng mô phỏng,trip_time_min,4.250933218408289,0.14116000508687201,22.1773236946039,0.25,free_small,route
Giá trị – chọn bằng mô phỏng,exposed_slots,13.236666666666666,0.32397130645291,24.36580018791106,0.25,free_small,route
Giá trị – chọn bằng mô phỏng,impulse_revenue,1.1379722222222222,0.0735800832302614,88.18962745188108,0.25,free_small,route
Giá trị – chọn bằng mô phỏng,impulse_items,2.542777777777778,0.15348659708694212,76.51369070574627,0.25,free_small,route
Giá trị – chọn bằng mô phỏng,basket_value,3.4676388888888887,0.14006224718858457,18.173556613686493,0.25,free_small,route
Giá trị – chọn bằng mô phỏng,congestion_cells,34.0,8.605305459392284,3.0303030303030303,1.0,free_small,route
Giá trị – tinh chỉnh,distance_m,43.199999999999996,0.34807488469167863,2.601995038792406,0.25,free_small,route
Giá trị – tinh chỉnh,trip_time_min,4.248251028788569,0.12703934066056066,22.10023409273489,0.25,free_small,route
Giá trị – tinh chỉnh,exposed_slots,13.226111111111111,0.2235084924917145,24.266624908654354,0.25,free_small,route
Giá trị – tinh chỉnh,impulse_revenue,1.1370833333333337,0.020185476617526472,88.0426294271671,0.25,free_small,route
Giá trị – tinh chỉnh,impulse_items,2.5355555555555553,0.02661795170448387,76.01234091785578,0.25,free_small,route
Giá trị – tinh chỉnh,basket_value,3.4667500000000007,0.12620622330960743,18.14326419720366,0.25,free_small,route
Giá trị – tinh chỉnh,congestion_cells,37.0,4.968275423439091,12.121212121212121,0.5,free_small,route
Hiện trạng,distance_m,46.682222222222215,0.5386967378449193,0.0,,grid_medium,route
Hiện trạng,trip_time_min,4.678184829857003,0.15670354411937218,0.0,,grid_medium,route
Hiện trạng,exposed_slots,14.755555555555555,0.3665058138024005,0.0,,grid_medium,route
Hiện trạng,impulse_revenue,0.7358055555555555,0.04926931114310363,0.0,,grid_medium,route
Hiện trạng,impulse_items,1.4455555555555557,0.07363713725698941,0.0,,grid_medium,route
Hiện trạng,basket_value,3.686027777777778,0.12017302950025212,0.0,,grid_medium,route
Hiện trạng,congestion_cells,35.666666666666664,18.809587177601763,0.0,,grid_medium,route
Tiện lợi – theo mô hình,distance_m,43.312222222222225,1.2667298179732063,-7.21902223068499,0.25,grid_medium,route
Tiện lợi – theo mô hình,trip_time_min,4.3460733443025505,0.2514947426725986,-7.099152719124261,0.25,grid_medium,route
Tiện lợi – theo mô hình,exposed_slots,13.794444444444444,0.5471581303599931,-6.5135542168674645,0.25,grid_medium,route
Tiện lợi – theo mô hình,impulse_revenue,0.5693333333333334,0.045201087324266906,-22.62448563554682,0.25,grid_medium,route
Tiện lợi – theo mô hình,impulse_items,1.181111111111111,0.09939425590420728,-18.29362029208303,0.25,grid_medium,route
Tiện lợi – theo mô hình,basket_value,3.5195555555555558,0.18449500270097263,-4.516304061131748,0.25,grid_medium,route
Tiện lợi – theo mô hình,congestion_cells,40.333333333333336,3.7945830335497357,13.084112149532725,0.25,grid_medium,route
Tiện lợi – chọn bằng mô phỏng,distance_m,43.312222222222225,1.2667298179732063,-7.21902223068499,0.25,grid_medium,route
Tiện lợi – chọn bằng mô phỏng,trip_time_min,4.3460733443025505,0.2514947426725986,-7.099152719124261,0.25,grid_medium,route
Tiện lợi – chọn bằng mô phỏng,exposed_slots,13.794444444444444,0.5471581303599931,-6.5135542168674645,0.25,grid_medium,route
Tiện lợi – chọn bằng mô phỏng,impulse_revenue,0.5693333333333334,0.045201087324266906,-22.62448563554682,0.25,grid_medium,route
Tiện lợi – chọn bằng mô phỏng,impulse_items,1.181111111111111,0.09939425590420728,-18.29362029208303,0.25,grid_medium,route
Tiện lợi – chọn bằng mô phỏng,basket_value,3.5195555555555558,0.18449500270097263,-4.516304061131748,0.25,grid_medium,route
Tiện lợi – chọn bằng mô phỏng,congestion_cells,40.333333333333336,3.7945830335497357,13.084112149532725,0.25,grid_medium,route
Tiện lợi – tinh chỉnh,distance_m,43.25666666666666,1.0794174680106479,-7.33803018041605,0.25,grid_medium,route
Tiện lợi – tinh chỉnh,trip_time_min,4.249291472241748,0.18168301064019143,-9.167943833214563,0.25,grid_medium,route
Tiện lợi – tinh chỉnh,exposed_slots,13.509444444444442,0.39841687743683546,-8.445030120481936,0.25,grid_medium,route
Tiện lợi – tinh chỉnh,impulse_revenue,0.5374444444444445,0.08621582710154813,-26.958360073992964,0.25,grid_medium,route
Tiện lợi – tinh chỉnh,impulse_items,1.1327777777777779,0.17172389073589867,-21.637202152190625,0.25,grid_medium,route
Tiện lợi – tinh chỉnh,basket_value,3.487666666666667,0.23602603871826336,-5.381432888460167,0.25,grid_medium,route
Tiện lợi – tinh chỉnh,congestion_cells,38.666666666666664,13.681563696469265,8.41121495327103,0.75,grid_medium,route
Cân bằng – theo mô hình,distance_m,46.126666666666665,1.2449085672820572,-1.1900794973104087,0.25,grid_medium,route
Cân bằng – theo mô hình,trip_time_min,4.861815592597415,0.13837076568173623,3.9252566843543275,0.25,grid_medium,route
Cân bằng – theo mô hình,exposed_slots,14.116111111111111,0.32800269939572574,-4.333584337349389,0.25,grid_medium,route
Cân bằng – theo mô hình,impulse_revenue,0.94625,0.08548370900932944,28.600551172184698,0.25,grid_medium,route
Cân bằng – theo mô hình,impulse_items,1.6516666666666666,0.10644497082335212,14.258262874711747,0.25,grid_medium,route
Cân bằng – theo mô hình,basket_value,3.896472222222222,0.1437402683972216,5.70924738313601,0.25,grid_medium,route
Cân bằng – theo mô hình,congestion_cells,35.666666666666664,13.681563696469265,0.0,1.0,grid_medium,route
Cân bằng – chọn bằng mô phỏng,distance_m,46.126666666666665,1.2449085672820572,-1.1900794973104087,0.25,grid_medium,route
Cân bằng – chọn bằng mô phỏng,trip_time_min,4.861815592597415,0.13837076568173623,3.9252566843543275,0.25,grid_medium,route
Cân bằng – chọn bằng mô phỏng,exposed_slots,14.116111111111111,0.32800269939572574,-4.333584337349389,0.25,grid_medium,route
Cân bằng – chọn bằng mô phỏng,impulse_revenue,0.94625,0.08548370900932944,28.600551172184698,0.25,grid_medium,route
Cân bằng – chọn bằng mô phỏng,impulse_items,1.6516666666666666,0.10644497082335212,14.258262874711747,0.25,grid_medium,route
Cân bằng – chọn bằng mô phỏng,basket_value,3.896472222222222,0.1437402683972216,5.70924738313601,0.25,grid_medium,route
Cân bằng – chọn bằng mô phỏng,congestion_cells,35.666666666666664,13.681563696469265,0.0,1.0,grid_medium,route
Cân bằng – tinh chỉnh,distance_m,46.126666666666665,1.2449085672820572,-1.1900794973104087,0.25,grid_medium,route
Cân bằng – tinh chỉnh,trip_time_min,4.861815592597415,0.13837076568173623,3.9252566843543275,0.25,grid_medium,route
Cân bằng – tinh chỉnh,exposed_slots,14.116111111111111,0.32800269939572574,-4.333584337349389,0.25,grid_medium,route
Cân bằng – tinh chỉnh,impulse_revenue,0.94625,0.08548370900932944,28.600551172184698,0.25,grid_medium,route
Cân bằng – tinh chỉnh,impulse_items,1.6516666666666666,0.10644497082335212,14.258262874711747,0.25,grid_medium,route
Cân bằng – tinh chỉnh,basket_value,3.896472222222222,0.1437402683972216,5.70924738313601,0.25,grid_medium,route
Cân bằng – tinh chỉnh,congestion_cells,35.666666666666664,13.681563696469265,0.0,1.0,grid_medium,route
Giá trị – theo mô hình,distance_m,46.69777777777778,0.6562666479816137,0.03332222592471221,0.75,grid_medium,route
Giá trị – theo mô hình,trip_time_min,5.254581633963299,0.053076619615343004,12.320949792911767,0.25,grid_medium,route
Giá trị – theo mô hình,exposed_slots,15.06611111111111,0.1774190201317375,2.1046686746987993,0.25,grid_medium,route
Giá trị – theo mô hình,impulse_revenue,1.2337777777777779,0.11902247783150822,67.67714900524749,0.25,grid_medium,route
Giá trị – theo mô hình,impulse_items,2.0016666666666665,0.16357836727560363,38.47040737893925,0.25,grid_medium,route
Giá trị – theo mô hình,basket_value,4.184,0.060034398772686445,13.50972516334205,0.25,grid_medium,route
Giá trị – theo mô hình,congestion_cells,42.333333333333336,15.178332134198945,18.691588785046743,0.5,grid_medium,route
Giá trị – chọn bằng mô phỏng,distance_m,46.69777777777778,0.6562666479816137,0.03332222592471221,0.75,grid_medium,route
Giá trị – chọn bằng mô phỏng,trip_time_min,5.254581633963299,0.053076619615343004,12.320949792911767,0.25,grid_medium,route
Giá trị – chọn bằng mô phỏng,exposed_slots,15.06611111111111,0.1774190201317375,2.1046686746987993,0.25,grid_medium,route
Giá trị – chọn bằng mô phỏng,impulse_revenue,1.2337777777777779,0.11902247783150822,67.67714900524749,0.25,grid_medium,route
Giá trị – chọn bằng mô phỏng,impulse_items,2.0016666666666665,0.16357836727560363,38.47040737893925,0.25,grid_medium,route
Giá trị – chọn bằng mô phỏng,basket_value,4.184,0.060034398772686445,13.50972516334205,0.25,grid_medium,route
Giá trị – chọn bằng mô phỏng,congestion_cells,42.333333333333336,15.178332134198945,18.691588785046743,0.5,grid_medium,route
Giá trị – tinh chỉnh,distance_m,46.83888888888888,0.8626129537209043,0.33560241824153775,0.25,grid_medium,route
Giá trị – tinh chỉnh,trip_time_min,5.211483774086676,0.034233189918738284,11.399698037282864,0.25,grid_medium,route
Giá trị – tinh chỉnh,exposed_slots,15.04888888888889,0.10517595561479574,1.9879518072289255,0.25,grid_medium,route
Giá trị – tinh chỉnh,impulse_revenue,1.223888888888889,0.10391116947141099,66.3331949110952,0.25,grid_medium,route
Giá trị – tinh chỉnh,impulse_items,1.9988888888888887,0.17972284419983428,38.27824750192157,0.25,grid_medium,route
Giá trị – tinh chỉnh,basket_value,4.174111111111111,0.10324256785397644,13.241444795285503,0.25,grid_medium,route
Giá trị – tinh chỉnh,congestion_cells,45.0,11.383749100649206,26.16822429906543,0.25,grid_medium,route
Hiện trạng,distance_m,51.83222222222222,0.21819179785437884,0.0,,racetrack_medium,route
Hiện trạng,trip_time_min,4.972963567356623,0.06303896275587399,0.0,,racetrack_medium,route
Hiện trạng,exposed_slots,15.371666666666668,0.18566517566317373,0.0,,racetrack_medium,route
Hiện trạng,impulse_revenue,0.7515833333333335,0.10042489208541519,0.0,,racetrack_medium,route
Hiện trạng,impulse_items,1.4388888888888889,0.19878851180841423,0.0,,racetrack_medium,route
Hiện trạng,basket_value,3.7018055555555556,0.13267067092701115,0.0,,racetrack_medium,route
Hiện trạng,congestion_cells,39.0,22.07949894114879,0.0,,racetrack_medium,route
Tiện lợi – theo mô hình,distance_m,46.28666666666666,1.097371719759617,-10.699050354777173,0.25,racetrack_medium,route
Tiện lợi – theo mô hình,trip_time_min,4.424797918594699,0.1519655622536364,-11.022917046088503,0.25,racetrack_medium,route
Tiện lợi – theo mô hình,exposed_slots,13.159444444444444,0.2918886280609514,-14.391557338537721,0.25,racetrack_medium,route
Tiện lợi – theo mô hình,impulse_revenue,0.5792777777777778,0.06354589211814882,-22.925675425952637,0.25,racetrack_medium,route
Tiện lợi – theo mô hình,impulse_items,1.1561111111111109,0.09444201438016935,-19.652509652509668,0.25,racetrack_medium,route
Tiện lợi – theo mô hình,basket_value,3.5295,0.1720128348703677,-4.654635500694104,0.25,racetrack_medium,route
Tiện lợi – theo mô hình,congestion_cells,38.0,19.873101693756364,-2.5641025641025643,1.0,racetrack_medium,route
Tiện lợi – chọn bằng mô phỏng,distance_m,46.402222222222214,1.0658766067307632,-10.476108812621934,0.25,racetrack_medium,route
Tiện lợi – chọn bằng mô phỏng,trip_time_min,4.4787726148477836,0.17234680672947916,-9.937554253419284,0.25,racetrack_medium,route
Tiện lợi – chọn bằng mô phỏng,exposed_slots,13.181666666666667,0.42268884471294466,-14.24699121760816,0.25,racetrack_medium,route
Tiện lợi – chọn bằng mô phỏng,impulse_revenue,0.59925,0.06889875601293,-20.268322430424682,0.25,racetrack_medium,route
Tiện lợi – chọn bằng mô phỏng,impulse_items,1.1627777777777777,0.13250890656588435,-19.189189189189197,0.25,racetrack_medium,route
Tiện lợi – chọn bằng mô phỏng,basket_value,3.549472222222222,0.0828512410864246,-4.115108993359099,0.25,racetrack_medium,route
Tiện lợi – chọn bằng mô phỏng,congestion_cells,35.666666666666664,6.251609479298303,-8.547008547008554,0.75,racetrack_medium,route
Tiện lợi – tinh chỉnh,distance_m,46.43666666666667,0.8801859209515834,-10.409655083710257,0.25,racetrack_medium,route
Tiện lợi – tinh chỉnh,trip_time_min,4.425835857215747,0.1626586512554821,-11.002045414776727,0.25,racetrack_medium,route
Tiện lợi – tinh chỉnh,exposed_slots,13.220555555555556,0.3550553595177728,-13.994000505981425,0.25,racetrack_medium,route
Tiện lợi – tinh chỉnh,impulse_revenue,0.5816944444444444,0.033705596397707774,-22.604132017592512,0.25,racetrack_medium,route
Tiện lợi – tinh chỉnh,impulse_items,1.1566666666666667,0.06373802328622133,-19.61389961389961,0.25,racetrack_medium,route
Tiện lợi – tinh chỉnh,basket_value,3.531916666666667,0.11866146271934223,-4.589352042921988,0.25,racetrack_medium,route
Tiện lợi – tinh chỉnh,congestion_cells,39.333333333333336,6.251609479298303,0.8547008547008608,1.0,racetrack_medium,route
Cân bằng – theo mô hình,distance_m,53.15333333333333,1.2908754952040318,2.548822054063318,0.25,racetrack_medium,route
Cân bằng – theo mô hình,trip_time_min,5.809867385361703,0.2543471676099018,16.82907599602496,0.25,racetrack_medium,route
Cân bằng – theo mô hình,exposed_slots,17.226666666666663,0.5748660606142331,12.067656944595003,0.25,racetrack_medium,route
Cân bằng – theo mô hình,impulse_revenue,1.3300277777777778,0.06924660222561443,76.96344753668178,0.25,racetrack_medium,route
Cân bằng – theo mô hình,impulse_items,2.2394444444444446,0.1690072590862796,55.637065637065646,0.25,racetrack_medium,route
Cân bằng – theo mô hình,basket_value,4.28025,0.19169430340584814,15.626008329268739,0.25,racetrack_medium,route
Cân bằng – theo mô hình,congestion_cells,36.333333333333336,13.681563696469265,-6.837606837606831,0.75,racetrack_medium,route
Cân bằng – chọn bằng mô phỏng,distance_m,52.317777777777785,0.7877468962221045,0.936783210786957,0.25,racetrack_medium,route
Cân bằng – chọn bằng mô phỏng,trip_time_min,5.358345183250592,0.12930429257386755,7.749536281015202,0.25,racetrack_medium,route
Cân bằng – chọn bằng mô phỏng,exposed_slots,16.24611111111111,0.20016343432851394,5.688676858578169,0.25,racetrack_medium,route
Cân bằng – chọn bằng mô phỏng,impulse_revenue,1.0633888888888887,0.0812968444344506,41.48649148094758,0.25,racetrack_medium,route
Cân bằng – chọn bằng mô phỏng,impulse_items,1.8261111111111112,0.12803510568209947,26.91119691119692,0.25,racetrack_medium,route
Cân bằng – chọn bằng mô phỏng,basket_value,4.0136111111111115,0.08188876156208735,8.423066821746154,0.25,racetrack_medium,route
Cân bằng – chọn bằng mô phỏng,congestion_cells,43.333333333333336,28.250809936858104,11.111111111111118,1.0,racetrack_medium,route
Cân bằng – tinh chỉnh,distance_m,52.317777777777785,0.7877468962221045,0.936783210786957,0.25,racetrack_medium,route
Cân bằng – tinh chỉnh,trip_time_min,5.358345183250592,0.12930429257386755,7.749536281015202,0.25,racetrack_medium,route
Cân bằng – tinh chỉnh,exposed_slots,16.24611111111111,0.20016343432851394,5.688676858578169,0.25,racetrack_medium,route
Cân bằng – tinh chỉnh,impulse_revenue,1.0633888888888887,0.0812968444344506,41.48649148094758,0.25,racetrack_medium,route
Cân bằng – tinh chỉnh,impulse_items,1.8261111111111112,0.12803510568209947,26.91119691119692,0.25,racetrack_medium,route
Cân bằng – tinh chỉnh,basket_value,4.0136111111111115,0.08188876156208735,8.423066821746154,0.25,racetrack_medium,route
Cân bằng – tinh chỉnh,congestion_cells,43.333333333333336,28.250809936858104,11.111111111111118,1.0,racetrack_medium,route
Giá trị – theo mô hình,distance_m,56.643333333333324,0.5382298375392348,9.282085360886606,0.25,racetrack_medium,route
Giá trị – theo mô hình,trip_time_min,5.949348949334971,0.2050589414807567,19.63387361989755,0.25,racetrack_medium,route
Giá trị – theo mô hình,exposed_slots,17.627222222222223,0.6602768323961817,14.673461274350348,0.25,racetrack_medium,route
Giá trị – theo mô hình,impulse_revenue,1.3414722222222224,0.1247725215660444,78.48615884983552,0.25,racetrack_medium,route
Giá trị – theo mô hình,impulse_items,2.292777777777778,0.16375292539514227,59.34362934362934,0.25,racetrack_medium,route
Giá trị – theo mô hình,basket_value,4.2916944444444445,0.06410819322308088,15.935166772971149,0.25,racetrack_medium,route
Giá trị – theo mô hình,congestion_cells,45.0,17.38896398203682,15.384615384615385,1.0,racetrack_medium,route
Giá trị – chọn bằng mô phỏng,distance_m,55.65555555555556,0.5340949571266616,7.376363909194204,0.25,racetrack_medium,route
Giá trị – chọn bằng mô phỏng,trip_time_min,5.858516693741318,0.24257721402683066,17.807351982178503,0.25,racetrack_medium,route
Giá trị – chọn bằng mô phỏng,exposed_slots,16.581666666666667,0.4242674822346956,7.871625284614544,0.25,racetrack_medium,route
Giá trị – chọn bằng mô phỏng,impulse_revenue,1.3451388888888889,0.05749791103666846,78.97401781424396,0.25,racetrack_medium,route
Giá trị – chọn bằng mô phỏng,impulse_items,2.2844444444444445,0.09389592684103866,58.76447876447877,0.25,racetrack_medium,route
Giá trị – chọn bằng mô phỏng,basket_value,4.29536111111111,0.10600368904228351,16.034217536487425,0.25,racetrack_medium,route
Giá trị – chọn bằng mô phỏng,congestion_cells,37.0,15.110419792948413,-5.128205128205129,1.0,racetrack_medium,route
Giá trị – tinh chỉnh,distance_m,55.876666666666665,0.8487773453258833,7.8029539754335575,0.25,racetrack_medium,route
Giá trị – tinh chỉnh,trip_time_min,5.8768672374699635,0.2190264585720888,18.176358178988433,0.25,racetrack_medium,route
Giá trị – tinh chỉnh,exposed_slots,16.61111111111111,0.4622308684483576,8.063175394846207,0.25,racetrack_medium,route
Giá trị – tinh chỉnh,impulse_revenue,1.3156944444444445,0.06114249032422186,75.05636249399413,0.25,racetrack_medium,route
Giá trị – tinh chỉnh,impulse_items,2.2422222222222223,0.11341004889029073,55.83011583011584,0.25,racetrack_medium,route
Giá trị – tinh chỉnh,basket_value,4.265916666666667,0.19055313596194348,15.238809890068657,0.25,racetrack_medium,route
Giá trị – tinh chỉnh,congestion_cells,40.0,19.717231822940942,2.5641025641025643,1.0,racetrack_medium,route
Hiện trạng,distance_m,66.90666666666665,1.2468072806264785,0.0,,free_medium,route
Hiện trạng,trip_time_min,5.162830758978178,0.3347942798033632,0.0,,free_medium,route
Hiện trạng,exposed_slots,15.455,1.2804224581654153,0.0,,free_medium,route
Hiện trạng,impulse_revenue,0.7129722222222222,0.1143959601527263,0.0,,free_medium,route
Hiện trạng,impulse_items,1.4188888888888886,0.2340725301048852,0.0,,free_medium,route
Hiện trạng,basket_value,3.6631944444444446,0.21554351928122378,0.0,,free_medium,route
Hiện trạng,congestion_cells,36.666666666666664,23.081547494581685,0.0,,free_medium,route
Tiện lợi – theo mô hình,distance_m,63.45222222222222,0.6051159438217947,-5.163079580178011,0.25,free_medium,route
Tiện lợi – theo mô hình,trip_time_min,4.281770610269807,0.22298163677431046,-17.0654470355474,0.25,free_medium,route
Tiện lợi – theo mô hình,exposed_slots,11.402222222222221,0.5792524873658893,-26.22308494194616,0.25,free_medium,route
Tiện lợi – theo mô hình,impulse_revenue,0.4285555555555556,0.018166755969828186,-39.89168971831535,0.25,free_medium,route
Tiện lợi – theo mô hình,impulse_items,0.8250000000000001,0.05840512472726496,-41.85591229444008,0.25,free_medium,route
Tiện lợi – theo mô hình,basket_value,3.3787777777777777,0.1644719312929977,-7.764170616113752,0.25,free_medium,route
Tiện lợi – theo mô hình,congestion_cells,28.666666666666668,20.68458004991272,-21.81818181818181,0.25,free_medium,route
Tiện lợi – chọn bằng mô phỏng,distance_m,63.20444444444444,0.4839879314779383,-5.533413046366399,0.25,free_medium,route
Tiện lợi – chọn bằng mô phỏng,trip_time_min,5.024905404218461,0.28250409511103364,-2.6715064118626044,0.25,free_medium,route
Tiện lợi – chọn bằng mô phỏng,exposed_slots,15.096111111111112,0.6803637208467473,-2.3221539235774062,0.25,free_medium,route
Tiện lợi – chọn bằng mô phỏng,impulse_revenue,0.6632222222222222,0.08200119744968672,-6.977831456734338,0.25,free_medium,route
Tiện lợi – chọn bằng mô phỏng,impulse_items,1.3505555555555555,0.11683470465200392,-4.8159749412685855,0.25,free_medium,route
Tiện lợi – chọn bằng mô phỏng,basket_value,3.6134444444444447,0.22775038435510114,-1.3581042654028426,0.25,free_medium,route
Tiện lợi – chọn bằng mô phỏng,congestion_cells,31.0,15.110419792948413,-15.454545454545448,0.5,free_medium,route
Tiện lợi – tinh chỉnh,distance_m,63.19777777777778,0.4720830027667635,-5.5433771755015036,0.25,free_medium,route
Tiện lợi – tinh chỉnh,trip_time_min,5.04959415770458,0.24976313540041822,-2.193304536986399,0.25,free_medium,route
Tiện lợi – tinh chỉnh,exposed_slots,15.167222222222222,0.7292251651928964,-1.8620367374815812,0.25,free_medium,route
Tiện lợi – tinh chỉnh,impulse_revenue,0.62925,0.07247087128015885,-11.742704640199483,0.25,free_medium,route
Tiện lợi – tinh chỉnh,impulse_items,1.2783333333333335,0.13046650900169007,-9.906029757243509,0.25,free_medium,route
Tiện lợi – tinh chỉnh,basket_value,3.579472222222222,0.20018623402019475,-2.2854976303317662,0.25,free_medium,route
Tiện lợi – tinh chỉnh,congestion_cells,37.0,10.828105247223876,0.9090909090909156,1.0,free_medium,route
Cân bằng – theo mô hình,distance_m,69.48333333333333,0.41402295195326944,3.851135910721427,0.25,free_medium,route
Cân bằng – theo mô hình,trip_time_min,6.1647386176440975,0.11919014270200187,19.40617280401065,0.25,free_medium,route
Cân bằng – theo mô hình,exposed_slots,16.499444444444446,0.2614033946307598,6.757971170782569,0.25,free_medium,route
Cân bằng – theo mô hình,impulse_revenue,1.3989166666666666,0.0932903136497402,96.20914014103711,0.25,free_medium,route
Cân bằng – theo mô hình,impulse_items,2.2211111111111115,0.1425425967760727,56.5387627251371,0.25,free_medium,route
Cân bằng – theo mô hình,basket_value,4.349138888888889,0.1202806746114476,18.725308056872027,0.25,free_medium,route
Cân bằng – theo mô hình,congestion_cells,48.333333333333336,20.079046071915332,31.818181818181834,0.25,free_medium,route
Cân bằng – chọn bằng mô phỏng,distance_m,66.46444444444445,0.7904405509747179,-0.6609538992958336,0.5,free_medium,route
Cân bằng – chọn bằng mô phỏng,trip_time_min,5.845722483420417,0.13316139485287742,13.22707941287226,0.25,free_medium,route
Cân bằng – chọn bằng mô phỏng,exposed_slots,17.826666666666668,0.2904364368232151,15.34562708939934,0.25,free_medium,route
Cân bằng – chọn bằng mô phỏng,impulse_revenue,1.0626944444444444,0.05927774006178703,49.051311021934765,0.25,free_medium,route
Cân bằng – chọn bằng mô phỏng,impulse_items,2.0155555555555558,0.10220023298606759,42.05168363351609,0.25,free_medium,route
Cân bằng – chọn bằng mô phỏng,basket_value,4.0129166666666665,0.10320077484452878,9.54691943127961,0.25,free_medium,route
Cân bằng – chọn bằng mô phỏng,congestion_cells,45.333333333333336,3.7945830335497357,23.63636363636365,0.5,free_medium,route
Cân bằng – tinh chỉnh,distance_m,66.75,0.8719681158407603,-0.23415703467514765,1.0,free_medium,route
Cân bằng – tinh chỉnh,trip_time_min,5.855261471841942,0.15900462220277226,13.411842169329788,0.25,free_medium,route
Cân bằng – tinh chỉnh,exposed_slots,17.833333333333332,0.3455789834541546,15.388763075595808,0.25,free_medium,route
Cân bằng – tinh chỉnh,impulse_revenue,1.05925,0.023817117887128793,48.56820041298165,0.25,free_medium,route
Cân bằng – tinh chỉnh,impulse_items,1.946111111111111,0.10161150091936261,37.15740015661708,0.25,free_medium,route
Cân bằng – tinh chỉnh,basket_value,4.0094722222222225,0.15793989817320678,9.452890995260667,0.25,free_medium,route
Cân bằng – tinh chỉnh,congestion_cells,49.666666666666664,17.623960638752294,35.45454545454546,0.25,free_medium,route
Giá trị – theo mô hình,distance_m,72.57444444444444,0.68067858065044,8.471170453035752,0.25,free_medium,route
Giá trị – theo mô hình,trip_time_min,6.5391599156965965,0.14877155594371952,26.658420951044704,0.25,free_medium,route
Giá trị – theo mô hình,exposed_slots,18.531111111111112,0.2703012927372385,19.903662964161192,0.25,free_medium,route
Giá trị – theo mô hình,impulse_revenue,1.401722222222222,0.02150363364366362,96.60264152413603,0.25,free_medium,route
Giá trị – theo mô hình,impulse_items,2.4205555555555556,0.03107471415891634,70.59514487079095,0.25,free_medium,route
Giá trị – theo mô hình,basket_value,4.351944444444444,0.130570973962157,18.80189573459715,0.25,free_medium,route
Giá trị – theo mô hình,congestion_cells,56.333333333333336,16.540203976117308,53.636363636363654,0.25,free_medium,route
Giá trị – chọn bằng mô phỏng,distance_m,69.48333333333333,0.41402295195326944,3.851135910721427,0.25,free_medium,route
Giá trị – chọn bằng mô phỏng,trip_time_min,6.1647386176440975,0.11919014270200187,19.40617280401065,0.25,free_medium,route
Giá trị – chọn bằng mô phỏng,exposed_slots,16.499444444444446,0.2614033946307598,6.757971170782569,0.25,free_medium,route
Giá trị – chọn bằng mô phỏng,impulse_revenue,1.3989166666666666,0.0932903136497402,96.20914014103711,0.25,free_medium,route
Giá trị – chọn bằng mô phỏng,impulse_items,2.2211111111111115,0.1425425967760727,56.5387627251371,0.25,free_medium,route
Giá trị – chọn bằng mô phỏng,basket_value,4.349138888888889,0.1202806746114476,18.725308056872027,0.25,free_medium,route
Giá trị – chọn bằng mô phỏng,congestion_cells,48.333333333333336,20.079046071915332,31.818181818181834,0.25,free_medium,route
Giá trị – tinh chỉnh,distance_m,69.46222222222222,0.5805973825834435,3.819582835126901,0.25,free_medium,route
Giá trị – tinh chỉnh,trip_time_min,6.156019507083951,0.1105014526415926,19.23729044146209,0.25,free_medium,route
Giá trị – tinh chỉnh,exposed_slots,16.494444444444444,0.22003025058664472,6.725619181135189,0.25,free_medium,route
Giá trị – tinh chỉnh,impulse_revenue,1.3884166666666669,0.05677400592883925,94.73643199438972,0.25,free_medium,route
Giá trị – tinh chỉnh,impulse_items,2.193888888888889,0.0562116528913953,54.62020360219267,0.25,free_medium,route
Giá trị – tinh chỉnh,basket_value,4.338638888888888,0.10117850454965846,18.438672985781967,0.25,free_medium,route
Giá trị – tinh chỉnh,congestion_cells,41.0,13.831093423674204,11.818181818181825,0.5,free_medium,route
Hiện trạng,distance_m,82.50333333333333,1.7932499795062367,0.0,,grid_large,route
Hiện trạng,trip_time_min,7.903994188748039,0.23740909081432338,0.0,,grid_large,route
Hiện trạng,exposed_slots,25.447222222222223,0.660912572828193,0.0,,grid_large,route
Hiện trạng,impulse_revenue,0.8067222222222222,0.05555369370030677,0.0,,grid_large,route
Hiện trạng,impulse_items,1.4661111111111111,0.08883019785928419,0.0,,grid_large,route
Hiện trạng,basket_value,4.235666666666667,0.22197393741702032,0.0,,grid_large,route
Hiện trạng,congestion_cells,42.0,29.287551685646648,0.0,,grid_large,route
Tiện lợi – theo mô hình,distance_m,69.66111111111111,1.6445486414771295,-15.565701049115859,0.25,grid_large,route
Tiện lợi – theo mô hình,trip_time_min,6.68476500276094,0.3386275327707513,-15.425481811749915,0.25,grid_large,route
Tiện lợi – theo mô hình,exposed_slots,20.43166666666667,0.9358475750564181,-19.709638685732994,0.25,grid_large,route
Tiện lợi – theo mô hình,impulse_revenue,0.5872499999999999,0.11768525030057186,-27.205426623510785,0.25,grid_large,route
Tiện lợi – theo mô hình,impulse_items,1.1005555555555555,0.18076895125467474,-24.933687002652526,0.25,grid_large,route
Tiện lợi – theo mô hình,basket_value,4.0161944444444435,0.08975954896312106,-5.181527242202488,0.25,grid_large,route
Tiện lợi – theo mô hình,congestion_cells,39.0,19.873101693756364,-7.142857142857143,0.5,grid_large,route
Tiện lợi – chọn bằng mô phỏng,distance_m,69.66111111111111,1.6445486414771295,-15.565701049115859,0.25,grid_large,route
Tiện lợi – chọn bằng mô phỏng,trip_time_min,6.68476500276094,0.3386275327707513,-15.425481811749915,0.25,grid_large,route
Tiện lợi – chọn bằng mô phỏng,exposed_slots,20.43166666666667,0.9358475750564181,-19.709638685732994,0.25,grid_large,route
Tiện lợi – chọn bằng mô phỏng,impulse_revenue,0.5872499999999999,0.11768525030057186,-27.205426623510785,0.25,grid_large,route
Tiện lợi – chọn bằng mô phỏng,impulse_items,1.1005555555555555,0.18076895125467474,-24.933687002652526,0.25,grid_large,route
Tiện lợi – chọn bằng mô phỏng,basket_value,4.0161944444444435,0.08975954896312106,-5.181527242202488,0.25,grid_large,route
Tiện lợi – chọn bằng mô phỏng,congestion_cells,39.0,19.873101693756364,-7.142857142857143,0.5,grid_large,route
Tiện lợi – tinh chỉnh,distance_m,69.7188888888889,1.6307529668633811,-15.495670208611086,0.25,grid_large,route
Tiện lợi – tinh chỉnh,trip_time_min,6.721047197453242,0.2852442357174564,-14.966445610231043,0.25,grid_large,route
Tiện lợi – tinh chỉnh,exposed_slots,20.455,0.7971635375425091,-19.617945639122375,0.25,grid_large,route
Tiện lợi – tinh chỉnh,impulse_revenue,0.6496666666666667,0.06181745347805244,-19.468356173817224,0.25,grid_large,route
Tiện lợi – tinh chỉnh,impulse_items,1.195,0.09155432120870091,-18.491852974611593,0.25,grid_large,route
Tiện lợi – tinh chỉnh,basket_value,4.078611111111111,0.22269050455075032,-3.7079300123291716,0.25,grid_large,route
Tiện lợi – tinh chỉnh,congestion_cells,33.333333333333336,8.724004935027017,-20.63492063492063,0.25,grid_large,route
Cân bằng – theo mô hình,distance_m,73.85333333333334,1.4491513054615097,-10.484424871722345,0.25,grid_large,route
Cân bằng – theo mô hình,trip_time_min,7.429350129131824,0.39177157485903746,-6.005116505423409,0.25,grid_large,route
Cân bằng – theo mô hình,exposed_slots,21.98222222222222,0.7832077044502395,-13.61641742167887,0.25,grid_large,route
Cân bằng – theo mô hình,impulse_revenue,0.8460833333333332,0.035841692193636546,4.879140555058172,0.25,grid_large,route
Cân bằng – theo mô hình,impulse_items,1.4572222222222224,0.029080016450089882,-0.606290261462664,0.75,grid_large,route
Cân bằng – theo mô hình,basket_value,4.275027777777779,0.16212809634919131,0.9292778258702725,0.25,grid_large,route
Cân bằng – theo mô hình,congestion_cells,47.333333333333336,11.739576815807627,12.698412698412705,0.75,grid_large,route
Cân bằng – chọn bằng mô phỏng,distance_m,79.73666666666666,2.5110005648149256,-3.353399862631812,0.25,grid_large,route
Cân bằng – chọn bằng mô phỏng,trip_time_min,7.984694248191168,0.3477213461804312,1.0210035270270286,0.25,grid_large,route
Cân bằng – chọn bằng mô phỏng,exposed_slots,23.900555555555556,0.8743664191814126,-6.077939089619038,0.25,grid_large,route
Cân bằng – chọn bằng mô phỏng,impulse_revenue,0.9645555555555556,0.05395988839097799,19.564768266648308,0.25,grid_large,route
Cân bằng – chọn bằng mô phỏng,impulse_items,1.6188888888888888,0.07139145239026114,10.420613868889724,0.25,grid_large,route
Cân bằng – chọn bằng mô phỏng,basket_value,4.3935,0.13667884691227553,3.726292594632883,0.25,grid_large,route
Cân bằng – chọn bằng mô phỏng,congestion_cells,55.666666666666664,27.36312739293853,32.53968253968254,0.5,grid_large,route
Cân bằng – tinh chỉnh,distance_m,79.85777777777777,2.7016681678809262,-3.2066044469583783,0.25,grid_large,route
Cân bằng – tinh chỉnh,trip_time_min,7.991222514470439,0.3512604506666287,1.1035980497882478,0.25,grid_large,route
Cân bằng – tinh chỉnh,exposed_slots,23.909444444444443,1.0010911742043318,-6.043008405195948,0.25,grid_large,route
Cân bằng – tinh chỉnh,impulse_revenue,0.9656666666666668,0.09760739270119524,19.702499827835563,0.25,grid_large,route
Cân bằng – tinh chỉnh,impulse_items,1.6277777777777775,0.15674655981334798,11.026904130352387,0.25,grid_large,route
Cân bằng – tinh chỉnh,basket_value,4.394611111111112,0.20863761605787268,3.7525248550667687,0.25,grid_large,route
Cân bằng – tinh chỉnh,congestion_cells,52.0,6.57241060764698,23.80952380952381,0.5,grid_large,route
Giá trị – theo mô hình,distance_m,93.92777777777776,2.3083379290743045,13.84725196288364,0.25,grid_large,route
Giá trị – theo mô hình,trip_time_min,8.763558647643196,0.22677608110144473,10.875064408812626,0.25,grid_large,route
Giá trị – theo mô hình,exposed_slots,25.52611111111111,0.3411693158165415,0.31000982425498663,1.0,grid_large,route
Giá trị – theo mô hình,impulse_revenue,1.1605555555555556,0.14505380437756227,43.86061566007851,0.25,grid_large,route
Giá trị – theo mô hình,impulse_items,1.8733333333333333,0.22498633492043396,27.775672603258805,0.25,grid_large,route
Giá trị – theo mô hình,basket_value,4.5895,0.09591380307783906,8.353663335169589,0.25,grid_large,route
Giá trị – theo mô hình,congestion_cells,53.0,39.041288684986355,26.19047619047619,0.5,grid_large,route
Giá trị – chọn bằng mô phỏng,distance_m,93.92777777777776,2.3083379290743045,13.84725196288364,0.25,grid_large,route
Giá trị – chọn bằng mô phỏng,trip_time_min,8.763558647643196,0.22677608110144473,10.875064408812626,0.25,grid_large,route
Giá trị – chọn bằng mô phỏng,exposed_slots,25.52611111111111,0.3411693158165415,0.31000982425498663,1.0,grid_large,route
Giá trị – chọn bằng mô phỏng,impulse_revenue,1.1605555555555556,0.14505380437756227,43.86061566007851,0.25,grid_large,route
Giá trị – chọn bằng mô phỏng,impulse_items,1.8733333333333333,0.22498633492043396,27.775672603258805,0.25,grid_large,route
Giá trị – chọn bằng mô phỏng,basket_value,4.5895,0.09591380307783906,8.353663335169589,0.25,grid_large,route
Giá trị – chọn bằng mô phỏng,congestion_cells,53.0,39.041288684986355,26.19047619047619,0.5,grid_large,route
Giá trị – tinh chỉnh,distance_m,94.22111111111111,2.301913004868617,14.2027931531386,0.25,grid_large,route
Giá trị – tinh chỉnh,trip_time_min,8.740156923938047,0.2727426395289188,10.578989751540446,0.25,grid_large,route
Giá trị – tinh chỉnh,exposed_slots,25.573888888888888,0.4703186536331127,0.49776225302913935,1.0,grid_large,route
Giá trị – tinh chỉnh,impulse_revenue,1.151,0.06681181137000296,42.67612423386819,0.25,grid_large,route
Giá trị – tinh chỉnh,impulse_items,1.863888888888889,0.13456276726668212,27.131489200454716,0.25,grid_large,route
Giá trị – tinh chỉnh,basket_value,4.579944444444444,0.1350664350309723,8.128065895438196,0.25,grid_large,route
Giá trị – tinh chỉnh,congestion_cells,54.666666666666664,15.178332134198945,30.158730158730155,0.25,grid_large,route
Hiện trạng,distance_m,95.52333333333333,1.1978936879847664,0.0,,racetrack_large,route
Hiện trạng,trip_time_min,8.759516480846333,0.10645565515174536,0.0,,racetrack_large,route
Hiện trạng,exposed_slots,27.602222222222224,0.48988439501092157,0.0,,racetrack_large,route
Hiện trạng,impulse_revenue,0.8704722222222222,0.11098254438411756,0.0,,racetrack_large,route
Hiện trạng,impulse_items,1.541111111111111,0.1952649760929413,0.0,,racetrack_large,route
Hiện trạng,basket_value,4.299416666666666,0.08228517383854944,0.0,,racetrack_large,route
Hiện trạng,congestion_cells,76.66666666666667,21.703650223793186,0.0,,racetrack_large,route
Tiện lợi – theo mô hình,distance_m,72.05888888888889,2.3195978436455835,-24.564097195565942,0.25,racetrack_large,route
Tiện lợi – theo mô hình,trip_time_min,7.40073013597453,0.34477945105819446,-15.51211585528656,0.25,racetrack_large,route
Tiện lợi – theo mô hình,exposed_slots,23.91333333333333,0.8833837269824842,-13.364463408743275,0.25,racetrack_large,route
Tiện lợi – theo mô hình,impulse_revenue,0.6102777777777777,0.062144946226286746,-29.89118294667646,0.25,racetrack_large,route
Tiện lợi – theo mô hình,impulse_items,1.21,0.09962393675559504,-21.485219899062727,0.25,racetrack_large,route
Tiện lợi – theo mô hình,basket_value,4.0392222222222225,0.18899074501308852,-6.051854579755626,0.25,racetrack_large,route
Tiện lợi – theo mô hình,congestion_cells,39.333333333333336,18.644828495349948,-48.69565217391304,0.25,racetrack_large,route
Tiện lợi – chọn bằng mô phỏng,distance_m,72.05888888888889,2.3195978436455835,-24.564097195565942,0.25,racetrack_large,route
Tiện lợi – chọn bằng mô phỏng,trip_time_min,7.40073013597453,0.34477945105819446,-15.51211585528656,0.25,racetrack_large,route
Tiện lợi – chọn bằng mô phỏng,exposed_slots,23.91333333333333,0.8833837269824842,-13.364463408743275,0.25,racetrack_large,route
Tiện lợi – chọn bằng mô phỏng,impulse_revenue,0.6102777777777777,0.062144946226286746,-29.89118294667646,0.25,racetrack_large,route
Tiện lợi – chọn bằng mô phỏng,impulse_items,1.21,0.09962393675559504,-21.485219899062727,0.25,racetrack_large,route
Tiện lợi – chọn bằng mô phỏng,basket_value,4.0392222222222225,0.18899074501308852,-6.051854579755626,0.25,racetrack_large,route
Tiện lợi – chọn bằng mô phỏng,congestion_cells,39.333333333333336,18.644828495349948,-48.69565217391304,0.25,racetrack_large,route
Tiện lợi – tinh chỉnh,distance_m,72.12555555555555,2.3971368776870565,-24.494306219539144,0.25,racetrack_large,route
Tiện lợi – tinh chỉnh,trip_time_min,7.415111976061152,0.33564201817761263,-15.347930536175966,0.25,racetrack_large,route
Tiện lợi – tinh chỉnh,exposed_slots,23.94055555555556,0.9389683962915053,-13.265840109491982,0.25,racetrack_large,route
Tiện lợi – tinh chỉnh,impulse_revenue,0.6158888888888888,0.019845408990073126,-29.246577528161605,0.25,racetrack_large,route
Tiện lợi – tinh chỉnh,impulse_items,1.2027777777777777,0.08902295800897865,-21.953857245854362,0.25,racetrack_large,route
Tiện lợi – tinh chỉnh,basket_value,4.044833333333333,0.17531818888641798,-5.921345919020009,0.25,racetrack_large,route
Tiện lợi – tinh chỉnh,congestion_cells,37.666666666666664,7.9853855113451635,-50.86956521739131,0.25,racetrack_large,route
Cân bằng – theo mô hình,distance_m,85.26555555555557,2.017551021409121,-10.738504844656902,0.25,racetrack_large,route
Cân bằng – theo mô hình,trip_time_min,9.059115442775047,0.2676361681235552,3.420268260055459,0.25,racetrack_large,route
Cân bằng – theo mô hình,exposed_slots,27.363333333333333,0.4840882698285963,-0.8654697689397054,0.5,racetrack_large,route
Cân bằng – theo mô hình,impulse_revenue,1.173111111111111,0.11220333911258325,34.767208092669996,0.25,racetrack_large,route
Cân bằng – theo mô hình,impulse_items,1.9383333333333332,0.12934490505243382,25.77505407354001,0.25,racetrack_large,route
Cân bằng – theo mô hình,basket_value,4.602055555555556,0.28134392961776133,7.039068607498471,0.25,racetrack_large,route
Cân bằng – theo mô hình,congestion_cells,47.333333333333336,21.127344185997657,-38.26086956521739,0.25,racetrack_large,route
Cân bằng – chọn bằng mô phỏng,distance_m,94.93888888888888,1.4991366513873092,-0.6118342231682766,0.5,racetrack_large,route
Cân bằng – chọn bằng mô phỏng,trip_time_min,10.22422723917007,0.3045480905818796,16.721365403290136,0.25,racetrack_large,route
Cân bằng – chọn bằng mô phỏng,exposed_slots,30.371111111111116,0.7326841640096785,10.031398438128985,0.25,racetrack_large,route
Cân bằng – chọn bằng mô phỏng,impulse_revenue,1.407333333333333,0.08913689161142446,61.6746976417653,0.25,racetrack_large,route
Cân bằng – chọn bằng mô phỏng,impulse_items,2.345,0.14107190383201337,52.1629416005768,0.25,racetrack_large,route
Cân bằng – chọn bằng mô phỏng,basket_value,4.836277777777778,0.10041962901331211,12.486836069492663,0.25,racetrack_large,route
Cân bằng – chọn bằng mô phỏng,congestion_cells,61.666666666666664,12.503218958596609,-19.565217391304355,0.25,racetrack_large,route
Cân bằng – tinh chỉnh,distance_m,95.05,1.4866364515800339,-0.4955159297902738,0.25,racetrack_large,route
Cân bằng – tinh chỉnh,trip_time_min,10.232524651940919,0.2694102026876898,16.81608995559839,0.25,racetrack_large,route
Cân bằng – tinh chỉnh,exposed_slots,30.407777777777778,0.5706061459925013,10.164237984059247,0.25,racetrack_large,route
Cân bằng – tinh chỉnh,impulse_revenue,1.4052499999999999,0.13140142104107494,61.43536394677218,0.25,racetrack_large,route
Cân bằng – tinh chỉnh,impulse_items,2.343888888888889,0.1635434332939402,52.09084354722423,0.25,racetrack_large,route
Cân bằng – tinh chỉnh,basket_value,4.834194444444445,0.09719278817650678,12.438379883575973,0.25,racetrack_large,route
Cân bằng – tinh chỉnh,congestion_cells,66.33333333333333,16.162811241550536,-13.478260869565231,0.25,racetrack_large,route
Giá trị – theo mô hình,distance_m,101.81666666666668,3.2592732484403353,6.588268136929914,0.25,racetrack_large,route
Giá trị – theo mô hình,trip_time_min,10.812409512103569,0.6697761499858191,23.43614554234948,0.25,racetrack_large,route
Giá trị – theo mô hình,exposed_slots,32.577222222222225,1.6380316363221539,18.023911118267453,0.25,racetrack_large,route
Giá trị – theo mô hình,impulse_revenue,1.4559999999999997,0.05891758996531826,67.26553275680503,0.25,racetrack_large,route
Giá trị – theo mô hình,impulse_items,2.412777777777778,0.1518021425115507,56.56092285508293,0.25,racetrack_large,route
Giá trị – theo mô hình,basket_value,4.884944444444444,0.15368651505834519,13.618772572506616,0.25,racetrack_large,route
Giá trị – theo mô hình,congestion_cells,67.0,17.913371789837207,-12.60869565217392,0.25,racetrack_large,route
Giá trị – chọn bằng mô phỏng,distance_m,101.81666666666668,3.2592732484403353,6.588268136929914,0.25,racetrack_large,route
Giá trị – chọn bằng mô phỏng,trip_time_min,10.812409512103569,0.6697761499858191,23.43614554234948,0.25,racetrack_large,route
Giá trị – chọn bằng mô phỏng,exposed_slots,32.577222222222225,1.6380316363221539,18.023911118267453,0.25,racetrack_large,route
Giá trị – chọn bằng mô phỏng,impulse_revenue,1.4559999999999997,0.05891758996531826,67.26553275680503,0.25,racetrack_large,route
Giá trị – chọn bằng mô phỏng,impulse_items,2.412777777777778,0.1518021425115507,56.56092285508293,0.25,racetrack_large,route
Giá trị – chọn bằng mô phỏng,basket_value,4.884944444444444,0.15368651505834519,13.618772572506616,0.25,racetrack_large,route
Giá trị – chọn bằng mô phỏng,congestion_cells,67.0,17.913371789837207,-12.60869565217392,0.25,racetrack_large,route
Giá trị – tinh chỉnh,distance_m,101.71111111111111,3.1658690353081305,6.4777657582208015,0.25,racetrack_large,route
Giá trị – tinh chỉnh,trip_time_min,10.82195095299158,0.5731983625480318,23.545072112770058,0.25,racetrack_large,route
Giá trị – tinh chỉnh,exposed_slots,32.492777777777775,1.670583038664333,17.717977618549213,0.25,racetrack_large,route
Giá trị – tinh chỉnh,impulse_revenue,1.4734444444444446,0.0934239679559851,69.26955356288096,0.25,racetrack_large,route
Giá trị – tinh chỉnh,impulse_items,2.456111111111111,0.1601542960498004,59.37274693583272,0.25,racetrack_large,route
Giá trị – tinh chỉnh,basket_value,4.902388888888889,0.10733586617919691,14.024512369249083,0.25,racetrack_large,route
Giá trị – tinh chỉnh,congestion_cells,58.666666666666664,31.454847120640796,-23.478260869565226,0.25,racetrack_large,route
Hiện trạng,distance_m,116.53777777777778,0.8937655047278469,0.0,,free_large,route
Hiện trạng,trip_time_min,8.84130654993151,0.37522131042387546,0.0,,free_large,route
Hiện trạng,exposed_slots,25.76,0.9597209203676966,0.0,,free_large,route
Hiện trạng,impulse_revenue,0.8220277777777777,0.053343661451823926,0.0,,free_large,route
Hiện trạng,impulse_items,1.4883333333333333,0.08956685894918612,0.0,,free_large,route
Hiện trạng,basket_value,4.250972222222223,0.1631200953852465,0.0,,free_large,route
Hiện trạng,congestion_cells,41.0,13.831093423674204,0.0,,free_large,route
Tiện lợi – theo mô hình,distance_m,97.62555555555555,2.3632310174632076,-16.228404713779035,0.25,free_large,route
Tiện lợi – theo mô hình,trip_time_min,7.322431700349978,0.3771782447338046,-17.179303092859026,0.25,free_large,route
Tiện lợi – theo mô hình,exposed_slots,21.832222222222224,0.7073898470309274,-15.247584541062798,0.25,free_large,route
Tiện lợi – theo mô hình,impulse_revenue,0.5456944444444445,0.04453457918543773,-33.61605785151893,0.25,free_large,route
Tiện lợi – theo mô hình,impulse_items,1.037222222222222,0.06602768323961815,-30.309817095931326,0.25,free_large,route
Tiện lợi – theo mô hình,basket_value,3.974638888888889,0.23064407587093508,-6.500473747835477,0.25,free_large,route
Tiện lợi – theo mô hình,congestion_cells,36.666666666666664,17.970694726077358,-10.569105691056917,0.75,free_large,route
Tiện lợi – chọn bằng mô phỏng,distance_m,97.62555555555555,2.3632310174632076,-16.228404713779035,0.25,free_large,route
Tiện lợi – chọn bằng mô phỏng,trip_time_min,7.322431700349978,0.3771782447338046,-17.179303092859026,0.25,free_large,route
Tiện lợi – chọn bằng mô phỏng,exposed_slots,21.832222222222224,0.7073898470309274,-15.247584541062798,0.25,free_large,route
Tiện lợi – chọn bằng mô phỏng,impulse_revenue,0.5456944444444445,0.04453457918543773,-33.61605785151893,0.25,free_large,route
Tiện lợi – chọn bằng mô phỏng,impulse_items,1.037222222222222,0.06602768323961815,-30.309817095931326,0.25,free_large,route
Tiện lợi – chọn bằng mô phỏng,basket_value,3.974638888888889,0.23064407587093508,-6.500473747835477,0.25,free_large,route
Tiện lợi – chọn bằng mô phỏng,congestion_cells,36.666666666666664,17.970694726077358,-10.569105691056917,0.75,free_large,route
Tiện lợi – tinh chỉnh,distance_m,97.32111111111111,2.2349622130087052,-16.489645703825182,0.25,free_large,route
Tiện lợi – tinh chỉnh,trip_time_min,7.317084610976052,0.30337777126448784,-17.23978159050785,0.25,free_large,route
Tiện lợi – tinh chỉnh,exposed_slots,21.807777777777776,0.6727374000000585,-15.34247757073845,0.25,free_large,route
Tiện lợi – tinh chỉnh,impulse_revenue,0.548,0.00932471239001164,-33.33558611833878,0.25,free_large,route
Tiện lợi – tinh chỉnh,impulse_items,1.0288888888888887,0.05403488608427862,-30.869727510265033,0.25,free_large,route
Tiện lợi – tinh chỉnh,basket_value,3.976944444444444,0.19151686959561937,-6.446237788741162,0.25,free_large,route
Tiện lợi – tinh chỉnh,congestion_cells,40.0,14.904826270317274,-2.4390243902439024,1.0,free_large,route
Cân bằng – theo mô hình,distance_m,103.51444444444444,2.586663962038569,-11.175203081499566,0.25,free_large,route
Cân bằng – theo mô hình,trip_time_min,8.82138187918104,0.18904500947693892,-0.2253588950676553,1.0,free_large,route
Cân bằng – theo mô hình,exposed_slots,24.726111111111113,0.17741902013173644,-4.013543823326431,0.25,free_large,route
Cân bằng – theo mô hình,impulse_revenue,1.0456666666666665,0.1060971681657358,27.20575811847396,0.25,free_large,route
Cân bằng – theo mô hình,impulse_items,1.6633333333333333,0.18483238473140196,11.758118701007842,0.25,free_large,route
Cân bằng – theo mô hình,basket_value,4.474611111111111,0.27809758135859564,5.260888032149488,0.25,free_large,route
Cân bằng – theo mô hình,congestion_cells,47.666666666666664,14.125404968429052,16.26016260162601,0.5,free_large,route
Cân bằng – chọn bằng mô phỏng,distance_m,115.42888888888888,1.8220083433425664,-0.9515274017009353,0.25,free_large,route
Cân bằng – chọn bằng mô phỏng,trip_time_min,9.54650911469933,0.15842079795296637,7.976225694530215,0.25,free_large,route
Cân bằng – chọn bằng mô phỏng,exposed_slots,26.572222222222223,0.4861083190742756,3.1530365769496167,0.25,free_large,route
Cân bằng – chọn bằng mô phỏng,impulse_revenue,1.207638888888889,0.1565894155209948,46.909742168756146,0.25,free_large,route
Cân bằng – chọn bằng mô phỏng,impulse_items,1.941111111111111,0.2251132808961841,30.421799178798057,0.25,free_large,route
Cân bằng – chọn bằng mô phỏng,basket_value,4.636583333333333,0.11365344800640438,9.071127519848384,0.25,free_large,route
Cân bằng – chọn bằng mô phỏng,congestion_cells,45.333333333333336,21.127344185997657,10.569105691056917,1.0,free_large,route
Cân bằng – tinh chỉnh,distance_m,115.48888888888888,1.7258418171336747,-0.9000419511078972,0.25,free_large,route
Cân bằng – tinh chỉnh,trip_time_min,9.533980145318687,0.17072813989468383,7.834516216299987,0.25,free_large,route
Cân bằng – tinh chỉnh,exposed_slots,26.569444444444443,0.46185987673431794,3.142253278122831,0.25,free_large,route
Cân bằng – tinh chỉnh,impulse_revenue,1.174222222222222,0.11377203319719709,42.84459162639813,0.25,free_large,route
Cân bằng – tinh chỉnh,impulse_items,1.8822222222222222,0.16217513854236354,26.465098917506534,0.25,free_large,route
Cân bằng – tinh chỉnh,basket_value,4.603166666666667,0.16803365188688082,8.28503283562582,0.25,free_large,route
Cân bằng – tinh chỉnh,congestion_cells,42.333333333333336,10.342290024956363,3.252032520325209,0.75,free_large,route
Giá trị – theo mô hình,distance_m,125.31,3.098186615369658,7.527363563555932,0.25,free_large,route
Giá trị – theo mô hình,trip_time_min,9.973948690316297,0.22120316197668613,12.810800462444787,0.25,free_large,route
Giá trị – theo mô hình,exposed_slots,28.219444444444445,0.6416999596616327,9.547532781228428,0.25,free_large,route
Giá trị – theo mô hình,impulse_revenue,1.2918333333333334,0.06929289788922602,57.15202919609369,0.25,free_large,route
Giá trị – theo mô hình,impulse_items,2.105,0.10449466877405039,41.433370660694294,0.25,free_large,route
Giá trị – theo mô hình,basket_value,4.720777777777777,0.1255541809971468,11.05172019472667,0.25,free_large,route
Giá trị – theo mô hình,congestion_cells,40.0,35.826743579674414,-2.4390243902439024,1.0,free_large,route
Giá trị – chọn bằng mô phỏng,distance_m,125.31,3.098186615369658,7.527363563555932,0.25,free_large,route
Giá trị – chọn bằng mô phỏng,trip_time_min,9.973948690316297,0.22120316197668613,12.810800462444787,0.25,free_large,route
Giá trị – chọn bằng mô phỏng,exposed_slots,28.219444444444445,0.6416999596616327,9.547532781228428,0.25,free_large,route
Giá trị – chọn bằng mô phỏng,impulse_revenue,1.2918333333333334,0.06929289788922602,57.15202919609369,0.25,free_large,route
Giá trị – chọn bằng mô phỏng,impulse_items,2.105,0.10449466877405039,41.433370660694294,0.25,free_large,route
Giá trị – chọn bằng mô phỏng,basket_value,4.720777777777777,0.1255541809971468,11.05172019472667,0.25,free_large,route
Giá trị – chọn bằng mô phỏng,congestion_cells,40.0,35.826743579674414,-2.4390243902439024,1.0,free_large,route
Giá trị – tinh chỉnh,distance_m,124.7211111111111,2.79099788586817,7.022043400327973,0.25,free_large,route
Giá trị – tinh chỉnh,trip_time_min,9.955723718760416,0.25205638300080785,12.604666092451449,0.25,free_large,route
Giá trị – tinh chỉnh,exposed_slots,28.18388888888889,0.5116548730137005,9.409506556245688,0.25,free_large,route
Giá trị – tinh chỉnh,impulse_revenue,1.2730000000000001,0.027431168715083738,54.860946845537825,0.25,free_large,route
Giá trị – tinh chỉnh,impulse_items,2.072777777777778,0.07815425773674156,39.268383725270645,0.25,free_large,route
Giá trị – tinh chỉnh,basket_value,4.701944444444445,0.16159063523607314,10.608684287907991,0.25,free_large,route
Giá trị – tinh chỉnh,congestion_cells,43.333333333333336,40.158092143830665,5.691056910569111,1.0,free_large,route
Hiện trạng,distance_m,41.873333333333335,0.4813361823217818,0.0,,case_minimart_n30,route
Hiện trạng,trip_time_min,3.9956541317872856,0.10795728725207353,0.0,,case_minimart_n30,route
Hiện trạng,exposed_slots,12.416666666666666,0.3162062179452325,0.0,,case_minimart_n30,route
Hiện trạng,impulse_revenue,0.6661944444444444,0.08163954527552568,0.0,,case_minimart_n30,route
Hiện trạng,impulse_items,1.405,0.16399699461986367,0.0,,case_minimart_n30,route
Hiện trạng,basket_value,3.3949722222222225,0.15313341913534803,0.0,,case_minimart_n30,route
Hiện trạng,congestion_cells,42.333333333333336,14.125404968429052,0.0,,case_minimart_n30,route
Tiện lợi – theo mô hình,distance_m,39.406666666666666,0.6955585592814744,-5.890781722655633,0.25,case_minimart_n30,route
Tiện lợi – theo mô hình,trip_time_min,3.805036970209796,0.1474399500758208,-4.770612152364278,0.25,case_minimart_n30,route
Tiện lợi – theo mô hình,exposed_slots,11.282222222222222,0.47423854762949996,-9.136465324384785,0.25,case_minimart_n30,route
Tiện lợi – theo mô hình,impulse_revenue,0.5544166666666667,0.08685630208878672,-16.778551473960718,0.25,case_minimart_n30,route
Tiện lợi – theo mô hình,impulse_items,1.2355555555555557,0.1594033172069062,-12.060102807433756,0.25,case_minimart_n30,route
Tiện lợi – theo mô hình,basket_value,3.2831944444444443,0.19944106290881075,-3.2924504373297236,0.25,case_minimart_n30,route
Tiện lợi – theo mô hình,congestion_cells,36.0,8.956685894918603,-14.960629921259848,0.5,case_minimart_n30,route
Tiện lợi – chọn bằng mô phỏng,distance_m,39.406666666666666,0.6955585592814744,-5.890781722655633,0.25,case_minimart_n30,route
Tiện lợi – chọn bằng mô phỏng,trip_time_min,3.805036970209796,0.1474399500758208,-4.770612152364278,0.25,case_minimart_n30,route
Tiện lợi – chọn bằng mô phỏng,exposed_slots,11.282222222222222,0.47423854762949996,-9.136465324384785,0.25,case_minimart_n30,route
Tiện lợi – chọn bằng mô phỏng,impulse_revenue,0.5544166666666667,0.08685630208878672,-16.778551473960718,0.25,case_minimart_n30,route
Tiện lợi – chọn bằng mô phỏng,impulse_items,1.2355555555555557,0.1594033172069062,-12.060102807433756,0.25,case_minimart_n30,route
Tiện lợi – chọn bằng mô phỏng,basket_value,3.2831944444444443,0.19944106290881075,-3.2924504373297236,0.25,case_minimart_n30,route
Tiện lợi – chọn bằng mô phỏng,congestion_cells,36.0,8.956685894918603,-14.960629921259848,0.5,case_minimart_n30,route
Tiện lợi – tinh chỉnh,distance_m,39.16222222222222,0.4982286445031128,-6.47455288436025,0.25,case_minimart_n30,route
Tiện lợi – tinh chỉnh,trip_time_min,3.7988651197309906,0.16631918875786053,-4.925076234470518,0.25,case_minimart_n30,route
Tiện lợi – tinh chỉnh,exposed_slots,11.293888888888889,0.4577591240299493,-9.042505592841161,0.25,case_minimart_n30,route
Tiện lợi – tinh chỉnh,impulse_revenue,0.5796111111111111,0.03082270420690983,-12.996706000083396,0.25,case_minimart_n30,route
Tiện lợi – tinh chỉnh,impulse_items,1.301111111111111,0.06214942831783322,-7.394226967180707,0.25,case_minimart_n30,route
Tiện lợi – tinh chỉnh,basket_value,3.308388888888889,0.1454414859059176,-2.550339963508132,0.25,case_minimart_n30,route
Tiện lợi – tinh chỉnh,congestion_cells,39.333333333333336,5.17114501247818,-7.086614173228346,0.5,case_minimart_n30,route
Cân bằng – theo mô hình,distance_m,41.80111111111111,1.1346444848338963,-0.17247784323090953,1.0,case_minimart_n30,route
Cân bằng – theo mô hình,trip_time_min,4.186705403512342,0.16888815105340335,4.781476710037399,0.25,case_minimart_n30,route
Cân bằng – theo mô hình,exposed_slots,12.701666666666668,0.4792483331808312,2.2953020134228344,0.25,case_minimart_n30,route
Cân bằng – theo mô hình,impulse_revenue,0.8116388888888889,0.0865595987857377,21.832131092857445,0.25,case_minimart_n30,route
Cân bằng – theo mô hình,impulse_items,1.6588888888888889,0.1624919215348298,18.070383550810593,0.25,case_minimart_n30,route
Cân bằng – theo mô hình,basket_value,3.5404166666666668,0.1871616158316845,4.284112944795812,0.25,case_minimart_n30,route
Cân bằng – theo mô hình,congestion_cells,40.333333333333336,7.589166067099471,-4.724409448818897,0.75,case_minimart_n30,route
Cân bằng – chọn bằng mô phỏng,distance_m,41.06666666666667,0.8892148974705323,-1.9264448336252145,0.25,case_minimart_n30,route
Cân bằng – chọn bằng mô phỏng,trip_time_min,4.137263801343369,0.22393743401129976,3.5440922783959965,0.25,case_minimart_n30,route
Cân bằng – chọn bằng mô phỏng,exposed_slots,12.39722222222222,0.6231607060628529,-0.15659955257271713,1.0,case_minimart_n30,route
Cân bằng – chọn bằng mô phỏng,impulse_revenue,0.7437222222222223,0.07858378487636174,11.637409831964321,0.25,case_minimart_n30,route
Cân bằng – chọn bằng mô phỏng,impulse_items,1.6094444444444445,0.16895653915543596,14.551206010280742,0.25,case_minimart_n30,route
Cân bằng – chọn bằng mô phỏng,basket_value,3.4725,0.19581972614179646,2.283605658694634,0.25,case_minimart_n30,route
Cân bằng – chọn bằng mô phỏng,congestion_cells,40.0,13.14482121529396,-5.5118110236220526,1.0,case_minimart_n30,route
Cân bằng – tinh chỉnh,distance_m,41.06666666666667,0.8892148974705323,-1.9264448336252145,0.25,case_minimart_n30,route
Cân bằng – tinh chỉnh,trip_time_min,4.137263801343369,0.22393743401129976,3.5440922783959965,0.25,case_minimart_n30,route
Cân bằng – tinh chỉnh,exposed_slots,12.39722222222222,0.6231607060628529,-0.15659955257271713,1.0,case_minimart_n30,route
Cân bằng – tinh chỉnh,impulse_revenue,0.7437222222222223,0.07858378487636174,11.637409831964321,0.25,case_minimart_n30,route
Cân bằng – tinh chỉnh,impulse_items,1.6094444444444445,0.16895653915543596,14.551206010280742,0.25,case_minimart_n30,route
Cân bằng – tinh chỉnh,basket_value,3.4725,0.19581972614179646,2.283605658694634,0.25,case_minimart_n30,route
Cân bằng – tinh chỉnh,congestion_cells,40.0,13.14482121529396,-5.5118110236220526,1.0,case_minimart_n30,route
Giá trị – theo mô hình,distance_m,46.32444444444445,1.0096162833196725,10.629942153584901,0.25,case_minimart_n30,route
Giá trị – theo mô hình,trip_time_min,4.374984007399269,0.18333401967361365,9.493561331904035,0.25,case_minimart_n30,route
Giá trị – theo mô hình,exposed_slots,12.839444444444444,0.4573282859410242,3.4049217002237167,0.25,case_minimart_n30,route
Giá trị – theo mô hình,impulse_revenue,0.9009444444444444,0.0480161024906409,35.23745986740608,0.25,case_minimart_n30,route
Giá trị – theo mô hình,impulse_items,1.8483333333333334,0.10250726701464942,31.55397390272835,0.25,case_minimart_n30,route
Giá trị – theo mô hình,basket_value,3.6297222222222225,0.1694065273280411,6.914636840425793,0.25,case_minimart_n30,route
Giá trị – theo mô hình,congestion_cells,43.666666666666664,12.747604657244311,3.149606299212587,1.0,case_minimart_n30,route
Giá trị – chọn bằng mô phỏng,distance_m,46.32444444444445,1.0096162833196725,10.629942153584901,0.25,case_minimart_n30,route
Giá trị – chọn bằng mô phỏng,trip_time_min,4.374984007399269,0.18333401967361365,9.493561331904035,0.25,case_minimart_n30,route
Giá trị – chọn bằng mô phỏng,exposed_slots,12.839444444444444,0.4573282859410242,3.4049217002237167,0.25,case_minimart_n30,route
Giá trị – chọn bằng mô phỏng,impulse_revenue,0.9009444444444444,0.0480161024906409,35.23745986740608,0.25,case_minimart_n30,route
Giá trị – chọn bằng mô phỏng,impulse_items,1.8483333333333334,0.10250726701464942,31.55397390272835,0.25,case_minimart_n30,route
Giá trị – chọn bằng mô phỏng,basket_value,3.6297222222222225,0.1694065273280411,6.914636840425793,0.25,case_minimart_n30,route
Giá trị – chọn bằng mô phỏng,congestion_cells,43.666666666666664,12.747604657244311,3.149606299212587,1.0,case_minimart_n30,route
Giá trị – tinh chỉnh,distance_m,46.02888888888889,0.8459587561693479,9.924109748978408,0.25,case_minimart_n30,route
Giá trị – tinh chỉnh,trip_time_min,4.381629974080255,0.18492058548253565,9.659891210862124,0.25,case_minimart_n30,route
Giá trị – tinh chỉnh,exposed_slots,12.844999999999999,0.42602136920938877,3.449664429530197,0.25,case_minimart_n30,route
Giá trị – tinh chỉnh,impulse_revenue,0.9213611111111111,0.0643860047919266,38.30213067589543,0.25,case_minimart_n30,route
Giá trị – tinh chỉnh,impulse_items,1.8933333333333333,0.14107190383201312,34.75682087781731,0.25,case_minimart_n30,route
Giá trị – tinh chỉnh,basket_value,3.6501388888888893,0.16668940597282175,7.516016331339647,0.25,case_minimart_n30,route
Giá trị – tinh chỉnh,congestion_cells,48.0,13.831093423674204,13.385826771653536,0.25,case_minimart_n30,route
