cand,distance_m,trip_time_min,exposed_slots,impulse_revenue,impulse_items,basket_value,congestion_cells,z1,z2,is_current,sim_pareto,instance,version
0,29.0945,2.7114055006188913,8.053,0.4697125,1.0147499999999998,2.6948,41.0,193.4706222567353,1.0846030791705998,False,False,grid_small,model
1,29.0945,2.711630400955329,8.053,0.4739,1.0187499999999998,2.6989875000000003,40.0,193.47062225673534,1.0955167474413714,False,False,grid_small,model
2,29.156,2.7045233868896457,8.06325,0.47763750000000005,1.0275,2.702725,38.5,193.47932603579824,1.119638888941474,False,False,grid_small,model
3,29.118000000000002,2.7518156272688916,8.019,0.49871250000000006,1.08025,2.7237999999999998,40.0,193.52702757358196,1.1761206311474648,False,False,grid_small,model
4,29.134,2.7597652453123027,8.074,0.5044500000000001,1.08975,2.7295375,46.0,193.53825948063547,1.1773228812346337,False,False,grid_small,model
5,29.177,2.7418991035661073,8.03275,0.49655000000000005,1.07525,2.7216375,38.5,193.5793155823032,1.200242772647567,False,False,grid_small,model
6,29.204,2.7637865522038485,8.1035,0.5149,1.1025,2.7399875000000002,42.5,193.7031347418173,1.2040142317086517,False,False,grid_small,model
7,29.1065,2.740702199272087,8.013,0.5034375,1.08325,2.7285250000000003,42.5,193.72899158618094,1.2398304894428807,False,False,grid_small,model
8,29.1355,2.751198603760389,8.02325,0.5118375000000001,1.104,2.7369250000000003,41.0,193.7833006039382,1.2414082645750013,False,False,grid_small,model
9,29.2155,2.758651213184833,8.10375,0.5176875000000001,1.11725,2.742775,39.0,193.93919581511744,1.244389197797958,False,False,grid_small,model
10,29.191499999999998,2.7994792039211225,8.089,0.5314125,1.1749999999999998,2.7565,41.5,194.13090264684973,1.257543283007199,False,False,grid_small,model
11,29.174,2.7983943682270334,8.07575,0.541275,1.19175,2.7663625,43.0,194.17494172798754,1.2585347168489944,False,False,grid_small,model
12,29.1775,2.797692749607675,8.0915,0.53975,1.1862499999999998,2.7648375,41.0,194.40124496147754,1.2632291242934934,False,False,grid_small,model
13,29.615000000000002,2.763097798250682,8.04975,0.50785,1.1644999999999999,2.7329375000000002,37.5,194.47927376832314,1.2703911937459305,False,False,grid_small,model
14,29.651,2.787347682243319,8.131,0.5090125000000001,1.1832500000000001,2.7340999999999998,41.5,194.53931354138282,1.2737910942440298,False,False,grid_small,model
15,29.256999999999998,2.806286620541165,8.10325,0.5311375,1.1755,2.7562249999999997,41.5,194.73522354923523,1.2815054593642945,False,False,grid_small,model
16,29.2785,2.806727220758896,8.126750000000001,0.5327250000000001,1.1720000000000002,2.7578125,42.5,194.8815843018371,1.2828183152578303,False,False,grid_small,model
17,29.342,2.816620410996534,8.1285,0.54305,1.1895,2.7681375,45.0,195.20855033668957,1.2871250334838742,False,False,grid_small,model
18,29.703000000000003,2.7752179852732404,8.04925,0.5207125,1.185,2.7457999999999996,36.5,195.26698444047048,1.2952972692531433,False,False,grid_small,model
19,29.750500000000002,2.788115511155791,8.130500000000001,0.5044,1.17075,2.7294875000000003,36.5,195.54195304887384,1.2994955219927944,False,False,grid_small,model
20,29.382,2.8017651906102072,8.10425,0.5212125000000001,1.15125,2.7462999999999997,37.0,195.59730959394386,1.3042403623362022,False,False,grid_small,model
21,29.4025,2.8039972114003566,8.123999999999999,0.5326375,1.1755,2.7577249999999998,40.5,195.74367034654574,1.305553218229738,False,False,grid_small,model
22,29.448,2.820391346192213,8.119250000000001,0.5392125,1.18225,2.7643000000000004,44.0,196.05729386392284,1.309859936455782,False,False,grid_small,model
23,29.47,2.8267462609725476,8.141,0.5439125,1.1957499999999999,2.769,44.5,196.2036546165247,1.3111727923493175,False,False,grid_small,model
24,29.8535,2.7970303318072176,8.11425,0.5179750000000001,1.1917499999999999,2.7430624999999997,39.0,196.41996760661013,1.3165891419483275,False,False,grid_small,model
25,29.881999999999998,2.806104569594513,8.141,0.5191625,1.18925,2.74425,38.0,196.57891859838548,1.3171992090204676,False,False,grid_small,model
26,29.878,2.7965075144201847,8.13675,0.5363999999999999,1.23075,2.7614875000000003,41.0,197.04822701257783,1.3205537630511424,False,False,grid_small,model
27,29.9095,2.812104732253945,8.091750000000001,0.5350999999999999,1.214,2.7601875,39.5,197.09022392879677,1.327295220010989,False,False,grid_small,model
28,29.597,2.811912454871316,8.099,0.54245,1.22475,2.7675375000000004,40.0,197.34557854494815,1.3291983781792005,False,False,grid_small,model
29,30.083,2.8180439338871213,8.188500000000001,0.53185,1.20975,2.7569375000000003,41.5,197.48794705802567,1.333101591042717,False,False,grid_small,model
30,30.057499999999997,2.801495955131619,8.158999999999999,0.5270375,1.1949999999999998,2.752125,40.5,197.8418476427991,1.3352388526000123,False,False,grid_small,model
31,30.119999999999997,2.8298356110094014,8.16025,0.5387875,1.21275,2.763875,41.0,198.02658330004397,1.3438076691053786,False,False,grid_small,model
32,30.2125,2.8298514506883876,8.262,0.5566375,1.2525,2.781725,38.5,198.42929797314204,1.352959810596471,False,False,grid_small,model
33,30.2145,2.8435054431214892,8.2375,0.5482,1.2342499999999998,2.7732875000000003,38.0,198.52441668875596,1.3530451708174016,False,False,grid_small,model
34,30.198999999999998,2.8386144216526885,8.26675,0.558675,1.24825,2.7837625,43.0,198.81483655836104,1.3556115758057503,False,False,grid_small,model
35,30.191499999999998,2.8323879845562483,8.191500000000001,0.5551625,1.23975,2.78025,44.0,198.8434156670512,1.3631513850071488,False,False,grid_small,model
36,30.2255,2.8456059868407815,8.222000000000001,0.5642625,1.259,2.7893499999999998,39.5,198.8644483479123,1.3636658886591326,False,False,grid_small,model
37,30.1885,2.828907009355979,8.199,0.5588875000000001,1.2405,2.783975,42.0,199.27221429913672,1.3658031502164278,False,False,grid_small,model
38,29.923000000000002,2.8570516996993285,8.21575,0.5681624999999999,1.23675,2.7932499999999996,38.0,199.51662572381122,1.3678342404360084,False,False,grid_small,model
39,30.2975,2.890263769918273,8.32625,0.5918249999999999,1.307,2.8169125,40.0,199.56794647312773,1.370344087107428,False,False,grid_small,model
40,29.944499999999998,2.8810463084691853,8.301,0.592175,1.29125,2.8172625,39.0,199.80979430259632,1.3720196645568692,False,False,grid_small,model
41,31.2765,2.8597705416478556,8.128250000000001,0.5488625,1.2075,2.77395,44.5,200.24292366833055,1.373084706446231,False,False,grid_small,model
42,31.345,2.8684821358560555,8.18125,0.5692499999999999,1.23275,2.7943375,44.0,200.39971489336816,1.3739816964515847,False,False,grid_small,model
43,31.2905,2.8712969798310866,8.14925,0.5638375,1.22375,2.788925,40.5,200.7809613233129,1.37611895800888,False,False,grid_small,model
44,29.7925,2.8991259663247333,8.478000000000002,0.6107125,1.3485,2.8358,44.5,201.00948219110236,1.3799599070331625,False,False,grid_small,model
45,29.8065,2.89192047971309,8.440000000000001,0.6209499999999999,1.38275,2.8460375,41.5,201.40429389752342,1.380938550944938,False,False,grid_small,model
46,29.485999999999997,2.846414070336925,8.32225,0.5757625000000001,1.29525,2.8008499999999996,37.0,201.643203237099,1.3827029526786954,False,False,grid_small,model
47,29.7375,2.9090325144004243,8.46725,0.614725,1.33,2.8398125,40.5,202.09020495072545,1.3878261740412996,False,False,grid_small,model
48,29.5265,2.896050052407893,8.4235,0.5949375,1.3275000000000001,2.8200250000000002,40.5,202.28187475966297,1.3904286114061049,False,False,grid_small,model
49,29.5395,2.9177953014613536,8.462250000000001,0.627125,1.39475,2.8522125000000003,43.5,202.94772070252463,1.3909590446600633,False,False,grid_small,model
50,30.7735,2.8690782892941513,8.26675,0.5877249999999999,1.3152499999999998,2.8128125,43.5,203.01957385829786,1.3955021348779466,False,False,grid_small,model
51,30.945,2.8912148726741824,8.31625,0.5906625000000001,1.30725,2.81575,44.5,203.36883446019522,1.3960697967157905,False,False,grid_small,model
52,31.152,2.8989133853051507,8.37075,0.6097874999999999,1.3615,2.8348750000000003,47.5,203.486708505536,1.3990594418284803,False,False,grid_small,model
53,31.1,2.913421072712434,8.4245,0.6184624999999999,1.3359999999999999,2.8435499999999996,44.5,203.6922876851606,1.400675492601126,False,False,grid_small,model
54,30.448999999999998,2.9101202470366543,8.52075,0.6210624999999999,1.4,2.84615,45.0,203.7350763914037,1.405754935524781,False,False,grid_small,model
55,30.274,2.906857435900597,8.513,0.6355875,1.3507500000000001,2.860675,47.0,203.9194237759766,1.4067880294472044,False,False,grid_small,model
56,30.377000000000002,2.929474957416507,8.566500000000001,0.64235,1.446,2.8674375000000003,42.0,204.11847418795628,1.4100908299194022,False,False,grid_small,model
57,30.369,2.9413268795865597,8.6555,0.64965,1.3995000000000002,2.8747375,43.0,204.37108102827546,1.4122213843440319,False,False,grid_small,model
58,30.411,2.9174978856796905,8.548,0.6314500000000001,1.38,2.8565375,43.5,204.9170823175399,1.4159091763437504,False,False,grid_small,model
59,30.5145,2.947551018922247,8.6125,0.65835,1.467,2.8834375,48.0,205.29256408054664,1.4208112055139737,False,False,grid_small,model
60,30.5135,2.9618386886432018,8.69825,0.6736625,1.43825,2.8987499999999997,45.5,205.5451709208658,1.4229417599386034,False,False,grid_small,model
61,30.458,2.954370354969276,8.658750000000001,0.671475,1.4415,2.8965625,46.5,205.83312861905597,1.4235803200528712,False,False,grid_small,model
62,30.553,2.9503779018707004,8.7125,0.6661124999999999,1.4555,2.8912000000000004,45.5,206.42678135644053,1.4246390618151832,False,False,grid_small,model
63,30.5355,2.956766882143442,8.619499999999999,0.6736249999999999,1.4794999999999998,2.8987125000000002,40.0,206.4613805582415,1.4292490466989527,False,False,grid_small,model
64,30.54,2.936460328288242,8.655750000000001,0.6555125,1.448,2.8806000000000003,43.5,207.13409905184307,1.4331470501136028,False,False,grid_small,model
65,30.5955,2.948194560455593,8.744,0.6740625,1.4729999999999999,2.8991499999999997,45.5,207.93962546620716,1.4353017851173082,False,False,grid_small,model
66,31.807499999999997,2.942920191294828,8.466999999999999,0.636825,1.375,2.8619125,48.0,208.43253451208932,1.4362250407770276,False,False,grid_small,model
67,29.8705,3.003586749945206,9.093,0.7135875,1.5907499999999999,2.938675,43.5,208.87574838935285,1.4408956354587317,False,False,grid_small,model
68,29.7085,2.9875814824009654,9.06625,0.6938624999999999,1.52225,2.9189499999999997,43.0,209.23656321439995,1.4419342840830702,False,True,grid_small,model
69,30.878999999999998,2.9511243841065573,8.7835,0.6826000000000001,1.49525,2.9076875,45.5,209.73896378486205,1.443310521531701,False,False,grid_small,model
70,29.756999999999998,2.9996056592325444,9.09475,0.7152125,1.5492499999999998,2.9402999999999997,44.5,210.05276774947453,1.4440890190867757,False,True,grid_small,model
71,32.288,2.961856886244431,8.620000000000001,0.6672875,1.4255,2.892375,54.5,211.23369099219843,1.44690301584711,False,False,grid_small,model
72,30.1505,3.0014879271991814,9.202,0.7368125,1.6367500000000001,2.9619,46.5,211.35146765825533,1.45105910687683,False,True,grid_small,model
73,29.924500000000002,2.993688306085449,9.16475,0.7173999999999999,1.5622500000000001,2.9424875000000004,47.0,211.60168637274919,1.451698394749856,False,True,grid_small,model
74,29.927999999999997,2.9834917619267856,9.1405,0.7102125,1.55925,2.9353000000000002,45.0,211.99547948563827,1.4527363156154367,False,False,grid_small,model
75,30.28,2.996639393390516,9.13875,0.703275,1.5514999999999999,2.9283625,45.0,212.77825025915956,1.4534741794735218,False,False,grid_small,model
76,30.5975,2.9884467381480153,9.034749999999999,0.7147375,1.559,2.939825,46.0,213.37624306367053,1.4541059535052179,False,False,grid_small,model
77,30.23,3.0041703314287798,9.13475,0.709975,1.5625,2.9350625,49.0,213.792247364537,1.4542972225913726,False,False,grid_small,model
78,31.012999999999998,3.0209549625248897,9.1655,0.7148875,1.595,2.9399750000000004,51.5,214.1264076439938,1.4549836752683805,False,False,grid_small,model
79,30.314500000000002,3.007991335566124,9.17175,0.7231749999999999,1.5852499999999998,2.9482625,47.5,214.6810756895262,1.4553274957874638,False,False,grid_small,model
80,30.696,3.004692344821313,9.10625,0.7125125,1.59025,2.9376,54.0,215.07626695737338,1.4559307188545936,False,False,grid_small,model
81,30.642,2.9987106164009254,9.097000000000001,0.718675,1.57925,2.9437625,47.5,215.63267974100222,1.4564828366837785,False,False,grid_small,model
82,31.060499999999998,3.0196764536030845,9.1795,0.7235375,1.61075,2.948625,53.0,216.12943355746125,1.4568369915823225,False,False,grid_small,model
83,30.7155,3.000093936342167,9.119499999999999,0.72795,1.611,2.9530374999999998,52.5,216.3618079070734,1.4571531227237569,False,False,grid_small,model
84,30.570500000000003,2.985148061310505,9.053,0.6976875,1.56175,2.922775,46.0,217.07400701130848,1.4574671218956539,False,False,grid_small,model
85,30.725,3.0072713571181895,9.158999999999999,0.7409874999999999,1.6405,2.966075,50.0,217.4103899029194,1.457676158426479,False,True,grid_small,model
86,30.816,3.024652230013527,9.202,0.7524375000000001,1.6625,2.977525,51.0,218.9621365699345,1.4577466847328664,False,True,grid_small,model
87,31.2435,3.079371406742819,9.56925,0.7595375,1.7109999999999999,2.9846250000000003,48.5,220.0576199134103,1.4581381651305525,False,False,grid_small,model
88,31.243,3.080189511751427,9.555,0.7609,1.71925,2.9859875000000002,48.0,220.33609853165734,1.4583274239111894,False,True,grid_small,model
89,31.264000000000003,3.0886779750144155,9.59825,0.7844875,1.7727499999999998,3.009575,47.0,221.10620190925624,1.4586612008332747,False,True,grid_small,model
90,31.335500000000003,3.071464263120804,9.61675,0.7728625,1.7505,2.9979500000000003,47.5,222.2697623945473,1.458731727139662,False,False,grid_small,model
91,31.518,3.0644261030883753,9.57775,0.78115,1.7334999999999998,3.0062375,51.0,224.23333196442334,1.458784399706226,False,False,grid_small,model
92,28.951,2.9350300376227114,9.46675,0.6782000000000001,1.5205,2.9032875000000002,40.5,219.77836786097845,1.0999400002181379,True,True,grid_small,model
0,34.4695,2.8717113703001726,8.313749999999999,0.46672499999999995,1.065,2.6918125,47.0,214.50868480099157,0.8265040696873078,False,False,racetrack_small,model
1,34.441500000000005,2.8745589592304093,8.2955,0.45757499999999995,1.05125,2.6826625,45.5,214.51014237909098,0.831377088151434,False,False,racetrack_small,model
2,34.4655,2.909029937043882,8.312000000000001,0.4884625,1.1247500000000001,2.71355,47.5,214.5521803626118,0.8593855346962858,False,False,racetrack_small,model
3,34.4965,2.9173233083567567,8.34375,0.5043125,1.16225,2.7294,47.0,214.6186589908146,0.8661211210207468,False,False,racetrack_small,model
4,34.471999999999994,2.897870260994893,8.25375,0.4821875,1.13125,2.707275,46.0,214.65212230838057,0.868329483637732,False,False,racetrack_small,model
5,34.448499999999996,2.9103965478376512,8.27725,0.498875,1.14325,2.7239625,44.0,214.6658014532847,0.8819088385416796,False,False,racetrack_small,model
6,34.463499999999996,2.929680766714541,8.31175,0.5025999999999999,1.1455,2.7276875,39.5,214.73895849589138,0.8886444248661405,False,False,racetrack_small,model
7,34.162,2.944731553277478,8.25275,0.5148125,1.17625,2.7398999999999996,50.0,214.80880930958392,0.9010223584873622,False,True,racetrack_small,model
8,34.203500000000005,2.94744498926561,8.295,0.522625,1.18175,2.7477125,50.5,214.84024975141838,0.9024694228797449,False,True,racetrack_small,model
9,34.304,2.979037815152837,8.326,0.5364500000000001,1.24275,2.7615374999999998,50.0,215.418484517005,0.9053645917471362,False,True,racetrack_small,model
10,34.7375,2.9653408967575476,8.445250000000001,0.5269375000000001,1.205,2.752025,45.5,216.27096952432856,0.9109325454104056,False,False,racetrack_small,model
11,34.7095,2.9566854318703046,8.411000000000001,0.528075,1.2005,2.7531624999999997,48.5,216.27433113187698,0.9158055638745315,False,False,racetrack_small,model
12,33.8455,2.849512033633724,8.0785,0.4569375,1.0390000000000001,2.6820250000000003,48.0,216.34252307546797,0.9996323078186519,False,True,racetrack_small,model
13,33.873000000000005,2.8680023374811423,8.092,0.46928749999999997,1.07175,2.694375,45.0,216.41387626795293,1.0040669016784007,False,False,racetrack_small,model
14,33.849000000000004,2.8583450930958882,8.08175,0.47121250000000003,1.0554999999999999,2.6963,49.0,216.42147558548905,1.0172825931999196,False,True,racetrack_small,model
15,34.254,2.8697509387592826,8.20325,0.46975,1.05375,2.6948375,45.5,216.72632750053197,1.0209662154295929,False,False,racetrack_small,model
16,34.45,2.8974603015306926,8.31775,0.4816375,1.09025,2.706725,42.5,216.72697057714495,1.0254073370723762,False,False,racetrack_small,model
17,34.5955,2.911799144897307,8.4125,0.4959625,1.1207500000000001,2.72105,43.0,216.99992159878738,1.0374392985677579,False,False,racetrack_small,model
18,34.3815,2.8944476986923533,8.162500000000001,0.48410000000000003,1.0939999999999999,2.7091875,47.0,217.3023287649071,1.0395586982068095,False,False,racetrack_small,model
19,34.57,2.8645482505144066,8.30475,0.47498749999999995,1.0910000000000002,2.700075,50.5,217.5374135564408,1.0462060265122555,False,False,racetrack_small,model
20,34.593500000000006,2.876457006716822,8.3225,0.48246249999999996,1.10025,2.7075500000000003,51.0,217.6014810362401,1.0534375482439517,False,False,racetrack_small,model
21,34.614,2.8957524259821206,8.35375,0.4923625,1.1385,2.71745,51.0,217.83454139646253,1.0549398158170515,False,False,racetrack_small,model
22,35.013,2.956869459662193,8.565999999999999,0.5263,1.199,2.7513875,46.0,218.30781684978948,1.0597154035746477,False,False,racetrack_small,model
23,35.259,2.940775753920396,8.67825,0.5186499999999999,1.18425,2.7437375,51.0,218.75991308665579,1.0625824310312297,False,False,racetrack_small,model
24,35.2935,2.944801992214165,8.67725,0.5244625,1.1965,2.74955,50.0,218.82895095444144,1.069813952762926,False,False,racetrack_small,model
25,34.1125,2.8113646955714247,7.913,0.43742499999999995,0.9575,2.6625125,50.5,219.75021186994354,1.1022897856210356,False,False,racetrack_small,model
26,34.137,2.819846973273517,7.93275,0.43489999999999995,0.966,2.6599875,42.5,219.84401736524634,1.1047728067908869,False,False,racetrack_small,model
27,34.010000000000005,2.864116349875148,8.22975,0.4629875,1.02475,2.6880750000000004,47.5,220.0387028208258,1.1245840716334805,False,False,racetrack_small,model
28,34.032,2.866378652629759,8.2095,0.473,1.049,2.6980875,47.0,220.17052045960529,1.1249531168307507,False,True,racetrack_small,model
29,34.4725,2.902925537105151,8.32725,0.4923375,1.11475,2.7174250000000004,42.5,220.2235346128908,1.1480478699636971,False,False,racetrack_small,model
30,34.713,2.894575818394555,8.47875,0.512125,1.1640000000000001,2.7372125,47.5,220.42769292609495,1.1557879158844049,False,False,racetrack_small,model
31,34.7225,2.908237427366113,8.5115,0.5108874999999999,1.16225,2.735975,47.5,220.56038386727042,1.1569587258286487,False,False,racetrack_small,model
32,35.188,2.9133123241674532,8.6095,0.5130250000000001,1.172,2.7381125,51.5,222.06136139350065,1.1610734563588923,False,False,racetrack_small,model
33,35.257999999999996,2.922261601560386,8.64475,0.5158,1.1712500000000001,2.7408875,49.0,222.3134978265441,1.1618168821508743,False,False,racetrack_small,model
34,34.959,3.0220995703239257,8.84825,0.5848625000000001,1.34375,2.8099499999999997,49.5,223.5378145848656,1.1903543644983656,False,True,racetrack_small,model
35,34.934,3.010813346127648,8.7995,0.5607374999999999,1.29825,2.785825,50.5,223.56471117864402,1.2029016666148842,False,True,racetrack_small,model
36,34.9765,3.027240746073402,8.878250000000001,0.5801499999999999,1.3439999999999999,2.8052374999999996,53.5,223.6147252410837,1.203807466047197,False,False,racetrack_small,model
37,34.920500000000004,2.961385126932151,8.7585,0.5451499999999999,1.25625,2.7702375,48.5,223.8492279347254,1.2139367006019517,False,True,racetrack_small,model
38,34.936,2.9815996528878506,8.7895,0.5512874999999999,1.27225,2.776375,52.5,223.91360870825918,1.2150240337417857,False,False,racetrack_small,model
39,35.072,2.9636591505753587,8.711500000000001,0.535225,1.2392500000000002,2.7603125000000004,45.5,224.3265180279232,1.218871594444469,False,False,racetrack_small,model
40,35.197500000000005,2.9951369073861356,8.78375,0.5621375,1.3075,2.7872250000000003,50.0,225.18149134039936,1.2212737597916878,False,False,racetrack_small,model
41,35.539,3.2680822762358988,9.734,0.7371624999999999,1.73875,2.96225,53.0,225.8202792203186,1.2221646895496379,False,False,racetrack_small,model
42,36.0105,3.3155596621755934,9.94425,0.7791000000000001,1.8094999999999999,3.0041875,54.0,225.95237935235622,1.2249656869009427,False,True,racetrack_small,model
43,35.5375,3.2764589028621325,9.74025,0.7635500000000001,1.7894999999999999,2.9886375000000003,56.5,226.07895219890509,1.2345655313781125,False,True,racetrack_small,model
44,35.493,3.2784029270111272,9.756250000000001,0.7606375,1.7730000000000001,2.9857250000000004,54.0,226.09062744614886,1.2349081099109105,False,True,racetrack_small,model
45,35.506,3.2758497919680125,9.75775,0.7574624999999999,1.779,2.98255,52.5,226.27625662832475,1.242515077754384,False,False,racetrack_small,model
46,35.641,3.2647479460333018,9.75975,0.7424999999999999,1.71075,2.9675875000000005,58.5,226.90806400027873,1.2465164212574864,False,False,racetrack_small,model
47,35.4405,3.2513144678731676,9.6955,0.7454375,1.7337500000000001,2.9705250000000003,52.5,227.13493470921236,1.2516984928574006,False,True,racetrack_small,model
48,35.528,3.2301660697987105,9.5915,0.7384375000000001,1.7225000000000001,2.9635249999999997,61.5,227.25332956260826,1.253588679417699,False,False,racetrack_small,model
49,35.254000000000005,3.0057365442620254,8.88275,0.5653250000000001,1.31425,2.7904125,47.0,227.33049222272416,1.2669248169411522,False,False,racetrack_small,model
50,35.293000000000006,2.9969839839679793,8.85625,0.5675875,1.3175,2.792675,50.0,227.58829096556693,1.268186968832232,False,False,racetrack_small,model
51,35.035,3.1191736719368817,9.25675,0.6432,1.5055,2.8682875,53.5,227.80101118897304,1.2722225329944044,False,True,racetrack_small,model
52,35.150999999999996,3.103251758335582,9.19125,0.630075,1.4725000000000001,2.8551624999999996,52.0,228.00029276008357,1.2728021864004193,False,False,racetrack_small,model
53,35.132999999999996,3.0442957936388164,9.0835,0.58365,1.3625,2.8087375000000003,52.0,228.13082766791234,1.2829054341634507,False,False,racetrack_small,model
54,35.13849999999999,3.059168494427738,9.12975,0.600825,1.4032499999999999,2.8259125000000003,50.0,228.15778088478874,1.283439100688993,False,False,racetrack_small,model
55,35.316,3.095637698843115,9.22575,0.6274875,1.4932500000000002,2.852575,57.0,228.72049065469992,1.2877324982129845,False,False,racetrack_small,model
56,35.566,3.220261957881889,9.60625,0.6998375,1.6647500000000002,2.924925,54.0,229.3600454353694,1.2886006671948613,False,False,racetrack_small,model
57,35.721500000000006,3.1085768355892185,9.172,0.61815,1.4609999999999999,2.8432375,55.5,229.93807237551937,1.2922819718929521,False,False,racetrack_small,model
58,35.5835,3.129399998962249,9.24,0.646925,1.53275,2.8720125000000003,55.5,230.0663852934259,1.2991000863835804,False,False,racetrack_small,model
59,35.724000000000004,3.169022169042005,9.344249999999999,0.674075,1.58375,2.8991625,53.0,230.53703461724643,1.3017743936258028,False,False,racetrack_small,model
60,35.763,3.172285803564602,9.3405,0.6777375,1.594,2.902825,54.0,230.86536271760994,1.3039208693046274,False,False,racetrack_small,model
61,35.915,3.1224826634299183,9.10625,0.6331,1.4965000000000002,2.8581875000000005,56.5,231.40726381012465,1.306874014259675,False,False,racetrack_small,model
62,35.933,3.13707509883997,9.13175,0.6428624999999999,1.5012500000000002,2.86795,54.0,231.68973622347576,1.308186557580022,False,False,racetrack_small,model
63,35.563,3.2426683601995996,9.556999999999999,0.7302500000000001,1.6965,2.9553375,56.5,233.09315744083497,1.3113332834602447,False,False,racetrack_small,model
64,36.753,3.3638500005560736,10.175999999999998,0.8315875,1.88025,3.0566750000000003,56.0,233.73062961151572,1.3121524694872897,False,False,racetrack_small,model
65,35.792,3.1818835761823347,9.36325,0.674375,1.57525,2.8994625000000003,55.5,234.00142273311604,1.3195807040891656,False,False,racetrack_small,model
66,35.911,3.2035718650044247,9.4435,0.7138875,1.6397499999999998,2.938975,49.5,234.41299612100653,1.3222550113313878,False,False,racetrack_small,model
67,35.9645,3.223994491619635,9.5095,0.7180375000000001,1.65775,2.943125,53.5,235.1048084210368,1.3246571766786068,False,False,racetrack_small,model
68,35.9535,3.2272616965948733,9.50775,0.7249125000000001,1.6745,2.95,56.5,235.24285864510244,1.324985317778993,False,False,racetrack_small,model
69,35.986999999999995,3.2534147044669357,9.605,0.74265,1.7229999999999999,2.9677375,53.5,236.3468102528874,1.3258708695472696,False,False,racetrack_small,model
70,36.415000000000006,3.239212495639239,9.53925,0.7319875,1.69375,2.9570749999999997,54.5,237.41291958648958,1.3290843349042762,False,False,racetrack_small,model
71,36.67100000000001,3.382580441647171,10.28925,0.8396125,1.927,3.0647,54.0,238.44207612633292,1.3302020929823897,False,True,racetrack_small,model
72,36.6995,3.401407957867522,10.306999999999999,0.857675,1.96725,3.0827625000000003,55.0,238.81202967050334,1.3318956059013036,False,True,racetrack_small,model
73,37.1575,3.4394503434547747,10.340250000000001,0.873225,2.03375,3.0983125,50.5,239.27395125933498,1.333990299766341,False,True,racetrack_small,model
74,37.302499999999995,3.489769817495936,10.60425,0.9106375,2.114,3.135725,54.0,239.9668421982704,1.3355225891775155,False,True,racetrack_small,model
75,37.4915,3.5194599017048813,10.743749999999999,0.9307625,2.167,3.15585,53.5,240.6834012810509,1.3362687388926637,False,True,racetrack_small,model
76,37.0295,3.3884739808821194,10.1715,0.8383625,1.9032499999999999,3.0634500000000005,52.5,241.17473576924655,1.3367635860637717,False,False,racetrack_small,model
77,37.17100000000001,3.4084790780899628,10.32225,0.8448125,1.91175,3.0699,58.5,241.75312173717174,1.337793463211515,False,False,racetrack_small,model
78,37.054,3.305160024265791,9.7835,0.7736875000000001,1.78575,2.9987749999999997,54.0,242.74962354973306,1.3389256971822656,False,False,racetrack_small,model
79,37.137,3.314605559421584,9.85975,0.7821500000000001,1.815,3.0072374999999996,52.0,243.15710856327908,1.3392912632954421,False,False,racetrack_small,model
80,37.522,3.456932737025827,10.536999999999999,0.881,1.99725,3.1060875,48.5,243.87384653771534,1.339436526121423,False,False,racetrack_small,model
81,37.579499999999996,3.501177479454321,10.7065,0.9271375000000001,2.1235,3.152225,52.5,244.68198663694892,1.3399836259421207,False,False,racetrack_small,model
82,37.387,3.3938336701462495,10.07575,0.81965,1.908,3.0447375,52.5,245.29857110678864,1.3409343262053504,False,False,racetrack_small,model
83,37.4135,3.3908177432822937,10.100750000000001,0.8241875,1.92625,3.0492749999999997,51.5,245.54338573769942,1.3411158599128716,False,False,racetrack_small,model
84,37.6085,3.44551384669037,10.196750000000002,0.8665750000000001,1.9997500000000001,3.0916625000000004,57.0,247.35140699065036,1.3413443593951329,False,False,racetrack_small,model
85,37.8085,3.4349986237984442,10.17175,0.8766499999999999,2.026,3.1017374999999996,48.5,248.5000784012126,1.3416479543986635,False,False,racetrack_small,model
86,37.9795,3.4408055888817533,10.198,0.8730625,2.01775,3.0981500000000004,50.5,249.0139513713368,1.3417309301060891,False,False,racetrack_small,model
87,38.295,3.549336592348258,10.6235,0.951175,2.1879999999999997,3.1762625,50.0,250.64121333965522,1.3417543163268277,False,True,racetrack_small,model
88,39.059,3.528392349595769,10.5585,0.9105375,2.096,3.135625,53.0,253.48625894302722,1.3417596714569386,False,False,racetrack_small,model
89,35.7085,3.1345217871368813,9.824000000000002,0.6365875,1.5150000000000001,2.861675,46.5,253.3689249949289,0.9928691894441125,True,False,racetrack_small,model
0,42.568,3.01640398797516,8.11525,0.4094875,0.90325,2.634575,54.0,256.185664960507,0.5727173409970798,False,False,free_small,model
1,42.613,3.0167020655856858,8.14875,0.4105375,0.9117500000000001,2.635625,50.0,256.23351458947013,0.6160514210395821,False,False,free_small,model
2,42.479,2.9633422265864025,8.130500000000001,0.36354999999999993,0.80225,2.5886375,48.0,256.2374004273488,0.6602857202837398,False,False,free_small,model
3,42.540000000000006,2.947343022561093,8.11825,0.3676875,0.802,2.592775,49.5,256.38448452447176,0.6726725438411302,False,False,free_small,model
4,42.6405,2.9565097402851306,8.086,0.3580875,0.8200000000000001,2.583175,47.0,256.52552955041256,0.681864159219008,False,False,free_small,model
5,42.413,2.935568212295178,8.024750000000001,0.354475,0.78375,2.5795625,50.5,256.5532471791119,0.6993565420991974,False,False,free_small,model
6,42.336,2.9395174913035955,7.9857499999999995,0.360575,0.78825,2.5856625,46.0,256.6196293613786,0.7002281546831749,False,False,free_small,model
7,42.6165,2.964425784622949,7.97075,0.37665,0.8242499999999999,2.6017375,45.5,256.65405496049453,0.7249857516767712,False,False,free_small,model
8,42.703,2.960937921949445,8.07775,0.36202499999999993,0.8335,2.5871125,52.0,256.9530333180264,0.7344699342369744,False,False,free_small,model
9,42.7595,2.9531619505783544,8.04925,0.35772499999999996,0.8245,2.5828125,55.0,256.9535821265147,0.743140817841508,False,False,free_small,model
10,42.874,2.9549810016195774,8.029,0.3510375,0.80775,2.576125,52.0,257.14017203466085,0.7482557219149834,False,False,free_small,model
11,42.798,2.9668190834483905,7.99625,0.38925,0.82775,2.6143375000000004,51.5,257.2863943406769,0.7589312398860428,False,False,free_small,model
12,42.837,2.9704110213529873,8.01375,0.391625,0.8374999999999999,2.6167125,46.5,257.59158350538047,0.7703018279030526,False,False,free_small,model
13,43.042500000000004,3.000421216131545,8.1065,0.38516249999999996,0.8652500000000001,2.6102499999999997,48.5,257.8785649218041,0.7821887228385377,False,False,free_small,model
14,42.966499999999996,2.972746101299078,8.08,0.385725,0.8552500000000001,2.6108125,50.5,257.9536928837832,0.7831494559758981,False,False,free_small,model
15,43.019,2.9799929186097662,8.0435,0.3975875,0.8855,2.622675,47.0,258.31061907090833,0.7958694719520417,False,False,free_small,model
16,43.071,2.9190520785987513,7.86925,0.35258749999999994,0.798,2.577675,52.5,259.40169514621823,0.7991806873382589,False,False,free_small,model
17,43.1325,2.946449694401493,7.91325,0.37185,0.827,2.5969375,57.5,259.81253741168973,0.8190555066945118,False,False,free_small,model
18,43.120999999999995,2.9283235694847436,7.8462499999999995,0.3748875,0.82175,2.5999749999999997,51.0,260.2522344345592,0.8238831673289284,False,False,free_small,model
19,42.738,2.917209800186212,7.931749999999999,0.34685,0.76125,2.5719374999999998,49.5,262.41969818022073,0.8756866688306005,False,False,free_small,model
20,42.814,2.920805365139772,7.961,0.35078750000000003,0.7745,2.575875,52.0,262.55516271985005,0.8856634248070937,False,False,free_small,model
21,42.805,2.947517962599118,8.00975,0.3741875,0.8162499999999999,2.599275,52.5,263.0918348870462,0.9015241504390187,False,False,free_small,model
22,42.8515,2.9515258836025353,8.016,0.375025,0.8215,2.6001125,52.0,263.77808878999554,0.9031117840172139,False,False,free_small,model
23,42.7125,2.963220540257817,8.121500000000001,0.37807500000000005,0.829,2.6031625,52.5,263.81448281955653,0.9163411177045365,False,False,free_small,model
24,42.799,2.9063109452764717,7.846,0.3464875,0.75,2.571575,52.5,264.21733158361735,0.9180238693644164,False,False,free_small,model
25,42.842,2.9201396144060983,7.9182500000000005,0.36114999999999997,0.7887500000000001,2.5862375,53.0,264.42453634393985,0.9272841220302807,False,False,free_small,model
26,42.581,2.924191766593597,7.91775,0.3626125,0.7887500000000001,2.5877,46.5,264.7535047208729,0.9289993895080005,False,False,free_small,model
27,42.766999999999996,2.944804511335626,8.04,0.37579999999999997,0.8200000000000001,2.6008875,54.5,264.95446102899723,0.9386212442354035,False,False,free_small,model
28,42.8955,2.93911757235041,8.025500000000001,0.369325,0.8205,2.5944125,48.5,265.42969744598713,0.9437842105791391,False,False,free_small,model
29,42.839,2.9147631836931023,7.95575,0.35306250000000006,0.778,2.57815,50.0,266.59544694291264,0.9550276325751944,False,False,free_small,model
30,42.8625,2.9195770776819545,7.9677500000000006,0.36399999999999993,0.808,2.5890874999999998,48.5,266.6826931812101,0.9557441358858235,False,False,free_small,model
31,43.087,2.949752973889761,8.17725,0.381675,0.841,2.6067625000000003,51.5,268.1018385084356,0.9559252318722345,False,False,free_small,model
32,42.7625,2.971377471533292,8.13875,0.385425,0.86,2.6105125000000005,46.5,269.66061639531137,0.9882779964393714,False,False,free_small,model
33,42.9925,2.9396822409910843,7.890000000000001,0.37045,0.8122499999999999,2.5955375000000003,48.0,269.87974902900714,0.9926981529451554,False,False,free_small,model
34,42.96,2.979503491724279,8.07475,0.3802125,0.8385,2.6053000000000006,53.0,271.1394673570951,1.0126576730555243,False,False,free_small,model
35,43.1905,3.0222902973453536,8.234749999999998,0.4124375,0.91825,2.637525,55.0,271.92300658694626,1.0197729688847559,False,False,free_small,model
36,43.1055,2.9529261848800408,8.027249999999999,0.3800125,0.84875,2.6051,49.0,273.15080628802616,1.029031485002017,False,False,free_small,model
37,43.403999999999996,2.999109461293448,8.20825,0.3999125,0.8975,2.625,55.0,274.76374385701604,1.040503900649375,False,False,free_small,model
38,43.685,3.0289689530238544,8.28975,0.4184625,0.92775,2.6435500000000003,60.5,276.27172771383306,1.0406849966357858,False,False,free_small,model
39,43.996,3.0962077361568987,8.4535,0.4726375,1.01375,2.697725,51.5,277.07192066792857,1.0408834586179085,False,False,free_small,model
40,44.039,3.0821611846792916,8.379000000000001,0.467825,1.0045,2.6929125000000003,57.5,277.49270495383655,1.0450394729910015,False,False,free_small,model
41,43.26,3.058093196497121,8.18725,0.42243749999999997,0.942,2.647525,45.0,277.6068353412754,1.0546448110709634,False,False,free_small,model
42,43.286500000000004,3.043139480849077,8.20675,0.42600000000000005,0.968,2.6510875,46.0,277.8224112977391,1.0618706844486043,False,False,free_small,model
43,43.296,3.012861365741027,8.09225,0.4076375,0.9292499999999999,2.6327249999999998,52.0,278.47144826951103,1.0670133189659108,False,False,free_small,model
44,43.4605,3.0605217283375397,8.270499999999998,0.4329375,0.9795,2.6580250000000003,49.5,279.07625700166375,1.06991902022829,False,False,free_small,model
45,43.498000000000005,3.0581180437409383,8.256,0.4236625,0.95775,2.64875,51.0,279.3168594340925,1.079179272894154,False,False,free_small,model
46,43.5215,3.0510485281087707,8.27025,0.417025,0.9570000000000001,2.6421125,51.0,280.3605553543672,1.0796798367224574,False,False,free_small,model
47,43.546499999999995,3.0375418118357604,8.23275,0.43147499999999994,0.981,2.6565624999999997,54.5,280.6457786547098,1.0889400893883214,False,False,free_small,model
48,43.679,3.0628925170840837,8.2945,0.4507625,1.0035,2.67585,44.5,281.0307351420368,1.0918799598277042,False,False,free_small,model
49,43.7635,3.065611163888942,8.312999999999999,0.4412499999999999,0.98375,2.6663375,58.0,281.7401559810791,1.0946871356094603,False,False,free_small,model
50,43.927,3.0572336374958597,8.15325,0.44028749999999994,0.96775,2.665375,57.5,282.6773099423937,1.0992080008063312,False,False,free_small,model
51,44.199,3.188917831772101,8.78575,0.5280375,1.1484999999999999,2.753125,61.5,284.20568215899516,1.099881859547626,False,False,free_small,model
52,43.315,3.103545978587622,8.39725,0.46582499999999993,1.044,2.6909125000000005,54.5,285.0924487187623,1.1034578744284587,False,False,free_small,model
53,43.5225,3.117368643898537,8.48375,0.46905,1.08325,2.6941375,52.5,285.1046335738881,1.1096561748592124,False,False,free_small,model
54,43.5215,3.1247093815782665,8.442,0.4951625,1.1135,2.72025,59.0,285.84345891216446,1.1143804131533828,False,False,free_small,model
55,43.766000000000005,3.1292487760023375,8.4875,0.48901249999999996,1.0985,2.7140999999999997,55.0,286.54478109261413,1.1165818258204043,False,False,free_small,model
56,43.706,3.303064500988679,9.09675,0.61235,1.34625,2.8374375,56.0,287.37485517553785,1.1214825121045155,False,False,free_small,model
57,43.6935,3.2762770196336675,8.964749999999999,0.5843875000000001,1.26825,2.809475,50.5,288.36645255668844,1.1290146580468805,False,False,free_small,model
58,43.253,3.415377711902585,9.647749999999998,0.69325,1.54475,2.9183375,56.0,289.26960216984685,1.1304485683342982,False,False,free_small,model
59,43.8755,3.3102406396298294,9.08425,0.6083125,1.35325,2.8333999999999997,57.0,289.4624168853811,1.1340348144665793,False,False,free_small,model
60,42.6105,3.4042817873921787,9.721,0.6970124999999999,1.5365,2.9221,62.5,290.1615506764282,1.138318228984013,False,False,free_small,model
61,42.469,3.5065256868466568,10.18675,0.7596999999999999,1.6872500000000001,2.9847875000000004,62.0,291.40994376268566,1.1465456601026132,False,False,free_small,model
62,42.4495,3.5245453790211974,10.28125,0.7701374999999999,1.7255,2.995225,64.0,292.16326928078706,1.151366549066093,False,True,free_small,model
63,42.772999999999996,3.5311969741582185,10.221,0.7797000000000001,1.75,3.0047875,62.5,293.3290607783622,1.1536940385867673,False,False,free_small,model
64,42.664500000000004,3.532012239701797,10.241,0.7804375,1.746,3.005525,59.0,294.26919274129216,1.154224089404851,False,False,free_small,model
65,42.516,3.6373732982627436,10.54225,0.8363625,1.883,3.06145,54.0,294.60345320007616,1.1611553798977794,False,True,free_small,model
66,43.021,3.5247053790517944,10.0475,0.769325,1.7257500000000001,2.9944125,56.0,294.9557565157007,1.1634420704307982,False,False,free_small,model
67,43.1885,3.5320147744349715,10.152750000000001,0.76395,1.7165,2.9890375000000002,52.0,296.0196065254697,1.1660518450387445,False,False,free_small,model
68,43.221000000000004,3.529062920005729,10.1175,0.7722499999999999,1.7395,2.9973375000000004,55.0,298.08680352033883,1.1727533692266356,False,False,free_small,model
69,43.2505,3.5115808463543043,10.061,0.7583875,1.70925,2.983475,58.0,298.9974416937648,1.174919901645854,False,False,free_small,model
70,43.3145,3.6298053043010796,10.59775,0.8382000000000001,1.8827500000000001,3.0632875,58.5,300.7942708625003,1.1774024214664247,False,True,free_small,model
71,43.471000000000004,3.552879523001823,10.15975,0.78085,1.74875,3.0059375,59.5,304.404012337613,1.1784006064068209,False,False,free_small,model
72,43.6285,3.5747435871916817,10.292,0.7869999999999999,1.7650000000000001,3.0120875,51.0,305.35170752863195,1.1831672875853159,False,False,free_small,model
73,43.7455,3.556344905603301,10.21375,0.776475,1.756,3.0015625,56.0,306.2698208843407,1.1833038631735624,False,False,free_small,model
74,43.8995,3.627154370959735,10.55025,0.8201,1.83425,3.0451875,56.0,307.80400350192076,1.1873223544131448,False,False,free_small,model
75,43.899,3.6416450399580773,10.654,0.8435625,1.87025,3.0686500000000003,58.0,309.8150754953898,1.1875371115183089,False,False,free_small,model
76,44.084,3.6660654124236354,10.672,0.8580000000000001,1.9005,3.0830875,54.5,311.96172776361163,1.1888924771443274,False,False,free_small,model
77,44.28,3.6525848122182607,10.67675,0.853675,1.89875,3.0787625,57.5,313.49314891625875,1.1904387828534768,False,False,free_small,model
78,44.091499999999996,3.798210670578307,11.300999999999998,0.9505250000000001,2.1102499999999997,3.1756124999999997,58.0,315.6124901842926,1.1915476079260965,False,False,free_small,model
79,44.265,3.734262039094733,11.02125,0.8990250000000001,1.99375,3.1241125,51.5,315.95514392844825,1.1916844652459642,False,False,free_small,model
80,44.8475,3.763604167824595,11.255749999999999,0.9141875,2.04375,3.139275,59.5,317.52572586455994,1.1918602200373565,False,False,free_small,model
81,44.8855,3.776690398819416,11.272,0.9307749999999999,2.0752499999999996,3.1558625000000005,56.5,318.5617754887942,1.1918938811561095,False,False,free_small,model
82,43.7005,4.111019213533056,12.8265,1.160225,2.6087499999999997,3.3853125,53.0,321.8365213381967,1.1919221378909293,False,True,free_small,model
83,44.543499999999995,4.124227761384621,12.900500000000001,1.1663249999999998,2.6395,3.3914125,50.5,325.19866058372816,1.191927479085948,False,True,free_small,model
84,41.382000000000005,3.3718708221244986,10.24775,0.629075,1.49775,2.8541625,43.5,321.22042874263127,0.9218562863373119,True,True,free_small,model
0,44.335499999999996,4.175185488336127,12.317250000000001,0.62165,1.15225,3.4988625000000004,63.5,361.20593447400876,1.1097905217168764,False,False,grid_medium,model
1,44.365,4.2597739299809385,12.60925,0.6544375,1.2254999999999998,3.53165,55.0,361.25192051859307,1.1590332032885151,False,False,grid_medium,model
2,44.3625,4.2118150253319175,12.39825,0.612575,1.1345,3.4897875000000003,62.5,361.38940451167866,1.1793154725900308,False,False,grid_medium,model
3,44.3705,4.224868306413793,12.37575,0.6405750000000001,1.1635,3.5177875,57.5,361.4388159425754,1.2563325366315976,False,False,grid_medium,model
4,44.3705,4.332402725006679,12.65475,0.7179374999999999,1.29775,3.59515,65.5,361.43881594257545,1.3576163912744212,False,False,grid_medium,model
5,44.3575,4.35505475156492,12.623750000000001,0.7395624999999999,1.33575,3.616775,58.0,361.46598165162743,1.3683548604813052,False,False,grid_medium,model
6,44.3675,4.354815581318968,12.62125,0.7546999999999999,1.3565,3.6319125000000003,58.5,361.5550217843371,1.3893124497549854,False,False,grid_medium,model
7,44.418000000000006,4.345380562175419,12.59525,0.7430749999999999,1.35175,3.6202875,65.5,361.6350905782899,1.4127680426725242,False,False,grid_medium,model
8,44.447500000000005,4.356871434785907,12.58925,0.7527875,1.362,3.63,66.0,361.7557064882605,1.4170981067911725,False,False,grid_medium,model
9,44.361999999999995,4.383488005589868,12.6145,0.7715999999999998,1.3755000000000002,3.6488125,59.5,361.84533525229637,1.4443806080607808,False,True,grid_medium,model
10,44.3,4.333585895666143,12.556249999999999,0.7264625,1.328,3.603675,51.0,361.9142082286428,1.4517084377826899,False,False,grid_medium,model
11,44.269999999999996,4.337667229704405,12.443999999999999,0.74465,1.3245,3.6218625,59.0,362.1111147407969,1.455079694043234,False,False,grid_medium,model
12,44.314,4.368725511485792,12.5595,0.7501375,1.3555,3.62735,60.0,362.11471186309905,1.4688488126773798,False,True,grid_medium,model
13,44.2465,4.36748506686396,12.55775,0.7469250000000001,1.3505,3.6241375000000002,62.0,362.15858854172495,1.483321003170946,False,True,grid_medium,model
14,44.2405,4.357902097589545,12.55,0.7299500000000001,1.337,3.6071625000000003,59.0,362.2440377744508,1.4871040863505833,False,True,grid_medium,model
15,44.641999999999996,4.409528761446253,12.67275,0.7612874999999999,1.3857499999999998,3.6384999999999996,61.5,362.4868030847764,1.4955801188923286,False,False,grid_medium,model
16,44.465,4.352789801679455,12.590499999999999,0.7150375,1.29375,3.59225,63.5,362.6317426598421,1.502268003203483,False,False,grid_medium,model
17,44.699,4.456240348261019,12.73575,0.7915625,1.44425,3.668775,54.5,362.8164101826994,1.510655343464836,False,False,grid_medium,model
18,44.371,4.383541806061896,12.57375,0.7359374999999999,1.35175,3.61315,60.5,362.9298222034723,1.5193578454699528,False,False,grid_medium,model
19,44.424499999999995,4.41242836773459,12.62225,0.7618375,1.3867500000000001,3.63905,61.5,363.0902488180707,1.526785062856813,False,False,grid_medium,model
20,44.4645,4.418936420627899,12.552,0.78125,1.366,3.6584625,58.5,363.3189342661834,1.5304460808628007,False,True,grid_medium,model
21,44.5585,4.429085772390787,12.5945,0.796375,1.3817499999999998,3.6735875,56.5,363.4861892530605,1.5421158286111705,False,True,grid_medium,model
22,44.571,4.358022260987306,12.5785,0.7502625,1.3455,3.627475,65.0,363.58725028280446,1.5466469056776309,False,False,grid_medium,model
23,44.323,4.395656656384584,12.5205,0.7457125,1.354,3.6229250000000004,58.5,363.76510374471593,1.555321702189679,False,False,grid_medium,model
24,44.3455,4.386102471091851,12.565000000000001,0.75295,1.38375,3.6301625,53.0,363.91568354034985,1.5566929258477007,False,True,grid_medium,model
25,44.5085,4.330108109673505,12.350999999999999,0.7321375,1.3519999999999999,3.60935,61.0,364.47108426388104,1.5659208112796448,False,False,grid_medium,model
26,44.6695,4.36228614878692,12.440000000000001,0.7196374999999999,1.3290000000000002,3.5968500000000003,60.0,364.49169849382577,1.5720999087226335,False,False,grid_medium,model
27,44.852999999999994,4.375829224813818,12.38175,0.7698,1.3155000000000001,3.6470124999999998,56.0,364.7205136772783,1.5829260242441294,False,False,grid_medium,model
28,44.68,4.352791460358905,12.298,0.7517375,1.3014999999999999,3.6289500000000006,63.0,365.0432609802143,1.5880340963120385,False,False,grid_medium,model
29,44.6495,4.388123982567026,12.3905,0.7639374999999999,1.3555,3.64115,63.0,365.18279367165326,1.5940656259483277,False,False,grid_medium,model
30,44.884,4.395524235387459,12.4255,0.766475,1.32975,3.6436875000000004,61.0,365.4819179425531,1.5999157018760835,False,False,grid_medium,model
31,44.6315,4.3798850339512025,12.402750000000001,0.7629374999999999,1.376,3.64015,59.0,365.68421391584195,1.6056541976572833,False,False,grid_medium,model
32,45.0245,4.44511020117363,12.5175,0.776025,1.3965,3.6532375000000004,62.5,366.0712439907959,1.6056901167066258,False,False,grid_medium,model
33,44.678,4.323074056008844,12.2195,0.7191375,1.3094999999999999,3.59635,66.0,366.12328684016967,1.6123493911481928,False,False,grid_medium,model
34,44.7295,4.380988137167584,12.36,0.7551000000000001,1.36225,3.6323125000000003,61.5,366.2674069358941,1.614342294974144,False,False,grid_medium,model
35,44.8915,4.353530627007501,12.40275,0.7567125,1.34725,3.633925,66.5,366.66010523184997,1.6218222875700534,False,False,grid_medium,model
36,45.053,4.3874853514738295,12.54275,0.7921625,1.41125,3.6693749999999996,55.5,366.84166283994097,1.6238411254091873,False,False,grid_medium,model
37,44.9205,4.380742800578682,12.370999999999999,0.7601125,1.3725,3.6373249999999997,58.5,367.513840925184,1.6301204214617955,False,False,grid_medium,model
38,45.027,4.418549667220935,12.386,0.7885500000000001,1.416,3.6657625,54.5,367.8468954986504,1.6335318403570782,False,False,grid_medium,model
39,45.1025,4.472833644056547,12.56125,0.8308,1.4675,3.7080125,63.5,368.68930906131345,1.6358208326151549,False,True,grid_medium,model
40,45.29,4.419411621712314,12.48075,0.803825,1.4372500000000001,3.6810375000000004,58.5,369.0389843807361,1.639932978506662,False,False,grid_medium,model
41,45.439,4.458748781128797,12.492750000000001,0.815425,1.45025,3.6926375,62.5,370.0896782314676,1.6427100119404783,False,False,grid_medium,model
42,45.518,4.4439309179573705,12.491,0.817675,1.46225,3.6948875,66.0,370.77698899520715,1.6482934522208916,False,False,grid_medium,model
43,45.590999999999994,4.427823895861282,12.48975,0.8165,1.436,3.6937125,60.0,371.5010123712135,1.6500265987968155,False,False,grid_medium,model
44,45.489000000000004,4.413495024525471,12.4495,0.79615,1.40475,3.6733624999999996,65.5,371.5224367470215,1.651720978113318,False,False,grid_medium,model
45,45.676500000000004,4.4182311333365405,12.45125,0.8000499999999999,1.428,3.6772625000000003,62.5,372.0607656065081,1.6550482629683752,False,False,grid_medium,model
46,45.687,4.42536401533261,12.45975,0.7851375,1.39675,3.66235,64.5,372.5853667870064,1.6567085366118526,False,False,grid_medium,model
47,45.563,4.488642545958325,12.593250000000001,0.8319624999999999,1.4602499999999998,3.709175,55.0,373.7369894432144,1.6601871508384565,False,True,grid_medium,model
48,45.575,4.498167892326345,12.62375,0.834225,1.4837500000000001,3.7114374999999997,59.0,374.18206161588625,1.6617660880601444,False,True,grid_medium,model
49,45.701,4.476358050964711,12.58625,0.8216874999999999,1.458,3.6989,65.5,375.34861192519793,1.6648524873516313,False,False,grid_medium,model
50,45.9085,4.608124301342342,12.89675,0.9115125,1.58625,3.7887250000000003,57.0,376.44621427922516,1.6660268201941677,False,True,grid_medium,model
51,45.971000000000004,4.538684664464619,12.68075,0.8792625,1.53575,3.756475,62.5,376.9095439787246,1.6709335576492192,False,False,grid_medium,model
52,46.1725,4.54759954667794,12.64575,0.8660125,1.5255,3.743225,63.0,377.9135707521163,1.67349651166715,False,False,grid_medium,model
53,46.196,4.568679150912121,12.809000000000001,0.906425,1.5755,3.7836375,63.5,378.58616573269654,1.6753740623856683,False,False,grid_medium,model
54,46.649,4.62973164339587,13.0745,0.9346625,1.6,3.8118750000000006,63.0,379.5908859834808,1.6756055863051271,False,False,grid_medium,model
55,46.2755,4.6579341615729435,12.96675,0.9477375,1.645,3.8249500000000003,55.5,380.0462722712332,1.6772546041309857,False,True,grid_medium,model
56,46.536,4.6124849425571846,13.00675,0.91765,1.5825,3.7948625,63.0,381.0545986666814,1.680661857019296,False,False,grid_medium,model
57,46.653999999999996,4.555859834385432,12.794,0.8864375,1.509,3.76365,61.5,381.6759786773591,1.68286530115851,False,False,grid_medium,model
58,46.897999999999996,4.602479640296535,12.86275,0.9114625000000001,1.57375,3.7886749999999996,65.5,382.73758180793175,1.6852502100787818,False,False,grid_medium,model
59,46.823,4.6704913629065,13.1175,0.974,1.6644999999999999,3.8512125000000004,57.5,383.40650810954764,1.6874818266060305,False,True,grid_medium,model
60,46.8975,4.670572629316458,13.08475,0.94975,1.62,3.8269625,64.5,383.84168586251917,1.6881344872483444,False,False,grid_medium,model
61,47.1045,4.7282991067412965,13.2345,0.9825625,1.681,3.859775,61.5,384.64343595180924,1.6911961298481624,False,False,grid_medium,model
62,46.941500000000005,4.679629915531337,13.042,0.9766625,1.6705,3.853875,60.0,385.82945153996167,1.694460463232781,False,True,grid_medium,model
63,46.9615,4.710604950861908,13.187249999999999,0.9913875,1.6755,3.8686000000000003,63.0,386.66404395943533,1.6970972435675309,False,True,grid_medium,model
64,47.2765,4.748610390067771,13.337,1.000075,1.679,3.8772875000000004,64.5,387.63266822971286,1.6987576901580566,False,False,grid_medium,model
65,47.1415,4.766486235838247,13.3275,1.0147624999999998,1.70175,3.8919750000000004,64.0,388.65178723653133,1.7020275611169469,False,True,grid_medium,model
66,47.403,4.80384752124257,13.4475,1.0303375,1.7349999999999999,3.90755,59.5,389.55284459510733,1.703990794072395,False,True,grid_medium,model
67,47.3515,4.79621455709751,13.48575,1.025725,1.7337500000000001,3.9029375,60.0,390.50336969656246,1.7051861441621947,False,True,grid_medium,model
68,47.695,4.829197200133665,13.5335,1.0517625000000002,1.7685,3.9289750000000003,64.0,391.015534951385,1.7062957894866861,False,True,grid_medium,model
69,47.9865,4.804251968182554,13.466750000000001,1.0242375,1.7405,3.9014499999999996,63.5,391.74539112871605,1.7071927232882949,False,False,grid_medium,model
70,47.867,4.8415805940583905,13.58325,1.0588875,1.78925,3.9360999999999997,61.5,392.8606994010396,1.7074621542996566,False,True,grid_medium,model
71,48.2975,4.870170255458649,13.645499999999998,1.0599500000000002,1.81075,3.9371625000000003,67.5,393.7263415007484,1.7096097067461997,False,False,grid_medium,model
72,48.062,4.89597180849254,13.7715,1.0839874999999999,1.853,3.9612000000000003,65.0,394.8541697000468,1.7101674984816386,False,True,grid_medium,model
73,48.4165,4.912332725926277,13.776499999999999,1.0850999999999997,1.8544999999999998,3.9623124999999995,66.5,395.7485004212507,1.7113270043202808,False,True,grid_medium,model
74,48.278999999999996,4.848525840875315,13.55575,1.0454625,1.7915,3.922675,66.5,397.1906176148857,1.7127626071952704,False,False,grid_medium,model
75,48.549499999999995,4.850252817239316,13.568999999999999,1.0515999999999999,1.803,3.9288125000000003,57.5,397.49140697820565,1.713543818861495,False,False,grid_medium,model
76,48.295,4.878588001486006,13.6615,1.0623,1.826,3.9395125,70.0,399.45346265800015,1.7143464953127336,False,False,grid_medium,model
77,48.791,4.869173964825236,13.6155,1.0534875,1.8127499999999999,3.9307000000000003,64.5,400.001831228323,1.7157124044329057,False,False,grid_medium,model
78,48.870999999999995,4.902046925009915,13.71275,1.0682875,1.82975,3.9455,62.0,401.15801515507883,1.7166925588610131,False,False,grid_medium,model
79,48.8615,4.897190753920567,13.71925,1.0787624999999998,1.8515,3.955975,64.5,401.62451045909506,1.7170514078345693,False,False,grid_medium,model
80,48.9175,4.907243059448552,13.7135,1.0534625,1.80875,3.930675,71.5,403.4913257769497,1.7171873527652115,False,False,grid_medium,model
81,48.958,4.983113977429368,14.007249999999999,1.127275,1.9215,4.0044875,70.0,405.0538258547284,1.717704528715012,False,True,grid_medium,model
82,49.673500000000004,4.988422294687287,14.059750000000001,1.1123249999999998,1.90825,3.9895375,67.5,406.27722544330896,1.720002796924864,False,False,grid_medium,model
83,49.676,4.982196092036087,14.07875,1.1167625,1.93275,3.993975,71.0,407.2144123829114,1.7203871858421147,False,False,grid_medium,model
84,50.045,5.000160652626491,13.977,1.0962625,1.89575,3.9734750000000005,70.5,410.34574312527127,1.7218982344582856,False,False,grid_medium,model
85,50.0775,5.01212430931109,14.064499999999999,1.1095,1.909,3.9867125000000003,66.5,411.27759380456155,1.7222725967014076,False,False,grid_medium,model
86,50.6725,4.839500336793305,13.558,0.9877374999999999,1.732,3.8649500000000003,72.0,417.77118917217,1.7228467459139085,False,False,grid_medium,model
87,50.7065,4.847690448106276,13.589,0.9860374999999999,1.728,3.86325,70.5,418.14721445469434,1.7230377083225954,False,False,grid_medium,model
88,51.076,4.896065258435511,13.8215,1.0202875,1.81125,3.8975000000000004,79.0,419.11281125592507,1.7239396535690936,False,False,grid_medium,model
89,51.0435,4.837787062339141,13.666,1.00175,1.7645,3.8789625,77.0,420.84824325282887,1.7242527842813624,False,False,grid_medium,model
90,51.072,4.8647043346178105,13.72825,1.009625,1.78075,3.8868375000000004,68.0,421.79517060974956,1.7244341710973137,False,False,grid_medium,model
91,50.915,4.848035895148574,13.673,0.9999125,1.7469999999999999,3.877125,66.0,422.23670321656505,1.7244996548076332,False,False,grid_medium,model
92,51.067499999999995,4.872348935283061,13.716999999999999,1.002175,1.75775,3.8793875,67.5,423.2193165032061,1.7245701160279558,False,False,grid_medium,model
93,50.8575,4.848547069607262,13.746500000000001,1.0038749999999999,1.75075,3.8810875000000005,70.0,424.34729310479986,1.7247914673033586,False,False,grid_medium,model
94,50.844,4.846178198818453,13.744,0.9928,1.7285,3.8700125000000005,66.5,424.86695127551286,1.7248177945680034,False,False,grid_medium,model
95,51.1465,4.870890752939891,13.850750000000001,0.9949125000000001,1.74675,3.872125,69.5,428.6421357983669,1.7248300019777318,False,False,grid_medium,model
96,51.3345,4.764563522712053,13.6585,0.9312125,1.669,3.808425,76.0,434.0541472374771,1.724836277441236,False,False,grid_medium,model
97,51.739000000000004,4.793079930427199,13.83425,0.9431624999999999,1.6872500000000001,3.8203750000000003,74.0,440.10416098880097,1.7248382913951534,False,False,grid_medium,model
98,46.234,4.635031757724382,14.57725,0.77635,1.5235,3.6535625000000005,62.0,473.86595041558826,1.0050581079266416,True,False,grid_medium,model
0,46.909,4.3959205086660145,13.029,0.6001124999999999,1.21075,3.477325,64.0,394.9244803430739,0.9717286435818773,False,False,racetrack_medium,model
1,47.077,4.421194254463158,13.037500000000001,0.6184499999999999,1.22525,3.4956625,60.5,394.94806168557625,1.0166822804000835,False,True,racetrack_medium,model
2,46.9015,4.357458488126447,12.90625,0.5732375000000001,1.1520000000000001,3.45045,61.5,395.0028488885074,1.1445673070658473,False,False,racetrack_medium,model
3,46.913,4.371627182900901,12.88375,0.5880624999999999,1.1862499999999998,3.465275,65.0,395.0065181897038,1.1445744779214646,False,False,racetrack_medium,model
4,46.959500000000006,4.362047290968636,12.90475,0.582625,1.1789999999999998,3.4598375,66.0,395.0769526568679,1.1684191943755482,False,False,racetrack_medium,model
5,46.9315,4.3544052278642145,12.8845,0.583675,1.1695000000000002,3.4608875,61.0,395.096174020825,1.1732086655379426,False,False,racetrack_medium,model
6,47.001,4.3813367221255,12.93075,0.581975,1.16775,3.4591875,55.5,395.2849292957955,1.2026821616471748,False,False,racetrack_medium,model
7,47.073499999999996,4.41286576114044,12.975249999999999,0.6093625,1.2160000000000002,3.486575,60.5,395.35551620976196,1.2111019204027647,False,False,racetrack_medium,model
8,47.035,4.385070951968064,12.92175,0.5993999999999999,1.19025,3.4766125,59.0,395.4598598236097,1.214457794827294,False,False,racetrack_medium,model
9,47.055499999999995,4.3897838770446125,12.8485,0.5959125,1.178,3.4731250000000005,63.5,395.72778165635646,1.2360799451355282,False,False,racetrack_medium,model
10,47.08,4.4109501709431616,12.94775,0.6273374999999999,1.21875,3.50455,57.0,395.7455522867644,1.2631121283599724,False,True,racetrack_medium,model
11,46.708,4.335469760377581,12.81725,0.5574625,1.1365,3.4346750000000004,64.0,395.77477011644476,1.3117621661321428,False,True,racetrack_medium,model
12,46.78,4.358358335528468,12.8555,0.5781375,1.16275,3.45535,65.5,395.8502589728945,1.3201819248877327,False,True,racetrack_medium,model
13,46.7655,4.29971087922533,12.752749999999999,0.5591999999999999,1.12475,3.4364125000000003,64.0,396.1932624113476,1.32454648000245,False,False,racetrack_medium,model
14,46.798,4.345955072470131,12.82675,0.5628875,1.127,3.4401,68.0,396.24012424725504,1.3574906266507465,False,False,racetrack_medium,model
15,46.7995,4.350132128508932,12.835,0.5802875000000001,1.16825,3.4574999999999996,63.5,396.2708544114373,1.367127557072483,False,False,racetrack_medium,model
16,46.799499999999995,4.374140653140711,12.82925,0.5988125,1.17775,3.476025,64.0,396.32626913518504,1.3764075743700133,False,True,racetrack_medium,model
17,46.8775,4.360296690485017,12.72675,0.5925625,1.1592500000000001,3.4697750000000003,62.5,396.6932583668406,1.4005267714097096,False,False,racetrack_medium,model
18,46.83,4.373679662158684,12.6835,0.6027,1.1865,3.4799125,64.0,396.7779310542227,1.4033076715088775,False,True,racetrack_medium,model
19,46.854,4.370477673649731,12.74725,0.59215,1.1615000000000002,3.4693625,66.0,397.0348225830337,1.4204405528709916,False,False,racetrack_medium,model
20,46.9785,4.384108491169284,12.8135,0.6113,1.1989999999999998,3.4885124999999997,60.0,397.44177061049663,1.4278528965982622,False,True,racetrack_medium,model
21,46.72,4.306718380226731,12.75625,0.5368875,1.1127500000000001,3.4141000000000004,59.5,397.5193168765454,1.4436030366700987,False,False,racetrack_medium,model
22,46.7315,4.300259256564786,12.76825,0.5481625,1.129,3.425375,65.5,397.58671454118496,1.4488953351101295,False,False,racetrack_medium,model
23,46.734,4.283095481703037,12.753,0.5406125,1.0939999999999999,3.4178249999999997,56.0,397.8181819878813,1.4605774268848812,False,False,racetrack_medium,model
24,46.739000000000004,4.339710880170829,12.73875,0.5640499999999999,1.1320000000000001,3.4412625,67.0,397.96249559770973,1.4657296615347537,False,True,racetrack_medium,model
25,46.730999999999995,4.315854985241458,12.74,0.5529625,1.131,3.430175,59.5,398.04550785941046,1.4760016614057663,False,False,racetrack_medium,model
26,46.7445,4.2832951582129395,12.70225,0.5443875,1.0982500000000002,3.4216,63.0,398.2257594028563,1.4824512251553938,False,False,racetrack_medium,model
27,46.748999999999995,4.336385536634486,12.7705,0.55665,1.1404999999999998,3.4338625,61.0,398.43970168960846,1.4962225203163304,False,False,racetrack_medium,model
28,46.914500000000004,4.308650501237592,12.72225,0.5632125,1.13175,3.4404250000000003,61.0,398.6934229471637,1.5046738578077836,False,False,racetrack_medium,model
29,47.022999999999996,4.347461395925004,12.786999999999999,0.5655625,1.13525,3.442775,61.5,398.8928289646434,1.5103922557978993,False,False,racetrack_medium,model
30,46.879000000000005,4.359615261636324,12.85175,0.5749625,1.14725,3.452175,68.0,399.129572004047,1.5186883918339402,False,False,racetrack_medium,model
31,46.900999999999996,4.3755205032524085,12.86375,0.5766499999999999,1.1480000000000001,3.4538624999999996,57.0,399.2261274529936,1.5202649104166648,False,False,racetrack_medium,model
32,46.9765,4.320794354218059,12.699000000000002,0.5781999999999999,1.15025,3.4554124999999996,61.5,399.5206437859572,1.5282403712959638,False,False,racetrack_medium,model
33,46.8745,4.383199195605867,12.8485,0.5804750000000001,1.165,3.4576875,70.5,400.0364864309902,1.5303996201133707,False,False,racetrack_medium,model
34,47.091499999999996,4.370323313503402,12.8245,0.582125,1.1695000000000002,3.4593375,68.5,400.58028439728776,1.536115951754167,False,False,racetrack_medium,model
35,47.254999999999995,4.383493928976592,12.912749999999999,0.5958125,1.1789999999999998,3.473025,70.5,401.0818959777689,1.5421786531275363,False,False,racetrack_medium,model
36,47.06,4.319865712977014,12.777249999999999,0.553275,1.13875,3.4304875,58.0,401.44164771970713,1.5466225919270085,False,False,racetrack_medium,model
37,47.297,4.384746507184483,12.85375,0.5935124999999999,1.163,3.470725,64.0,401.5806969370015,1.5527681365883006,False,False,racetrack_medium,model
38,47.125,4.346910281542401,12.850249999999999,0.5845374999999999,1.199,3.46175,62.0,401.6217990838259,1.5607980073682892,False,False,racetrack_medium,model
39,47.092,4.36565417357004,12.8295,0.5866374999999999,1.1975,3.46385,62.5,401.88273263070914,1.566095095623218,False,False,racetrack_medium,model
40,47.0895,4.367073057026484,12.902249999999999,0.5770124999999999,1.193,3.454225,63.0,402.27495523041875,1.5700294366000358,False,False,racetrack_medium,model
41,47.166,4.348615005306734,12.781749999999999,0.55795,1.1444999999999999,3.4351625,62.0,402.4934469653132,1.5767934631717235,False,False,racetrack_medium,model
42,47.304500000000004,4.338809294991467,12.810500000000001,0.5740750000000001,1.17,3.4512875,65.0,402.9946267168933,1.5811400618753428,False,False,racetrack_medium,model
43,47.5715,4.394211808414238,12.9295,0.6000749999999999,1.20025,3.4772875,65.0,403.4914284452043,1.5857900151936228,False,False,racetrack_medium,model
44,47.247,4.447320781789779,13.036249999999999,0.622475,1.24675,3.4996875,61.0,403.9050066641032,1.5914116001187868,False,False,racetrack_medium,model
45,47.4185,4.436707787203651,13.023499999999999,0.6189625000000001,1.2385000000000002,3.496175,68.0,404.39842780679453,1.5943744142634806,False,False,racetrack_medium,model
46,47.4495,4.4527035927247915,13.11625,0.641775,1.26275,3.5189874999999997,63.5,405.0346119575539,1.6006585609308326,False,True,racetrack_medium,model
47,47.706,4.436110604579472,13.067,0.6309374999999999,1.233,3.50815,60.5,406.02830003770725,1.6065807289044294,False,False,racetrack_medium,model
48,47.97,4.517941759649917,13.30625,0.6660625,1.2977500000000002,3.543275,63.0,406.9034377065031,1.6097926589795928,False,True,racetrack_medium,model
49,48.046,4.461268476391573,13.13475,0.6358374999999999,1.2429999999999999,3.5130500000000002,61.5,408.1420928643695,1.6124084203423232,False,False,racetrack_medium,model
50,48.0415,4.520568866812619,13.24125,0.66715,1.297,3.5443625,61.5,408.7900023520366,1.6158553389949422,False,True,racetrack_medium,model
51,48.298,4.533654455805268,13.427,0.675225,1.314,3.5524375,63.5,409.6687956329278,1.6175936310106385,False,True,racetrack_medium,model
52,48.366,4.553840479636015,13.343,0.685225,1.31,3.5624375000000006,63.0,410.62846692028836,1.620113496967279,False,True,racetrack_medium,model
53,48.603,4.566739550601415,13.544,0.6751375,1.29975,3.55235,60.5,411.4244582538429,1.6223720500164622,False,False,racetrack_medium,model
54,48.584500000000006,4.565910379877186,13.385,0.6928875,1.3525,3.5701,62.0,412.59185946520404,1.6247325477616594,False,True,racetrack_medium,model
55,48.738,4.591125711753628,13.59525,0.6967375,1.3435,3.57395,66.5,413.7949260726342,1.6278982027398323,False,True,racetrack_medium,model
56,48.823,4.59244318791042,13.58375,0.6932125,1.35325,3.570425,64.0,414.98693530904376,1.6294851793083494,False,False,racetrack_medium,model
57,48.903,4.589676950752043,13.628499999999999,0.7214875000000001,1.40025,3.5987,67.5,415.83234118465464,1.629623677124434,False,True,racetrack_medium,model
58,49.2095,4.643872580572594,13.737,0.7243,1.4125,3.6015124999999997,61.0,418.0255180391233,1.6326979834976294,False,True,racetrack_medium,model
59,49.301,4.61302526577631,13.69775,0.7109000000000001,1.3685,3.5881125000000003,58.5,419.70141084848774,1.6337600391839335,False,False,racetrack_medium,model
60,49.371,4.647439553280297,13.80875,0.7038125000000001,1.37125,3.5810250000000003,61.5,420.1598709615597,1.6339743188156797,False,False,racetrack_medium,model
61,50.064,4.746369076436089,14.05025,0.7748625,1.46375,3.652075,60.0,421.80964652253283,1.6341625145766052,False,False,racetrack_medium,model
62,50.125,4.767183254478905,14.08125,0.79765,1.49375,3.6748624999999997,56.5,423.1795932221529,1.6354443010671527,False,False,racetrack_medium,model
63,50.2705,4.792321109546092,14.15625,0.782475,1.4877500000000001,3.6596875,64.0,423.6352218692093,1.6356176467073966,False,False,racetrack_medium,model
64,49.696,4.763500914386488,13.96975,0.787125,1.48875,3.6643375000000002,63.0,425.1732309015269,1.6362454398811717,False,True,racetrack_medium,model
65,50.09,4.750528387099342,14.01425,0.8006,1.49075,3.6778125,65.0,427.41458467890976,1.6363957106783622,False,True,racetrack_medium,model
66,50.0715,4.77958976820104,14.065,0.7980625,1.5002499999999999,3.675275,63.0,427.81749691061896,1.6364785828501458,False,True,racetrack_medium,model
67,50.980500000000006,4.821588076788915,14.23725,0.8144125,1.5382500000000001,3.691625,65.0,429.0307534978763,1.6366717979339673,False,True,racetrack_medium,model
68,50.513000000000005,4.808911460149034,14.120750000000001,0.806975,1.5245,3.6841875,63.0,430.55646816226323,1.637282195338654,False,True,racetrack_medium,model
69,50.6835,4.731192848151634,13.927,0.7436625,1.44375,3.620875,67.0,434.1954816012265,1.6373453630884283,False,False,racetrack_medium,model
70,50.992999999999995,4.881574386959771,14.2095,0.8668875,1.591,3.7441,62.5,435.1741857162948,1.637678489074101,False,True,racetrack_medium,model
71,51.7385,4.870922234216684,14.280750000000001,0.82255,1.5627499999999999,3.6997625000000003,66.0,437.3266110515842,1.63768931552736,False,False,racetrack_medium,model
72,51.2435,4.911665426697338,14.28425,0.8723875000000001,1.6105,3.7496,62.5,437.68818935510666,1.637911632043075,False,True,racetrack_medium,model
73,51.474000000000004,4.841835160936478,14.17275,0.82735,1.5525,3.7045624999999998,62.0,439.32015446283367,1.6379478896605648,False,False,racetrack_medium,model
74,51.7435,5.059345589891228,14.864,0.9730624999999999,1.76375,3.850275,71.5,440.6667687126897,1.6381238769637463,False,True,racetrack_medium,model
75,51.842,4.997056000299882,14.59525,0.9049625,1.6957499999999999,3.7821750000000005,69.0,441.32041237793374,1.6387608892609768,False,False,racetrack_medium,model
76,51.918000000000006,4.943349395165878,14.4165,0.86675,1.61775,3.7439625,62.5,443.84065482435017,1.6388875097913962,False,False,racetrack_medium,model
77,52.6955,5.084282113964286,14.9665,0.92765,1.721,3.8048624999999996,85.5,448.3855441853058,1.6391112260029364,False,False,racetrack_medium,model
78,52.6815,5.176654407784298,15.12375,0.993475,1.814,3.8706875,74.5,449.2868943039654,1.6396259475470816,False,True,racetrack_medium,model
79,53.3665,5.1596239891945,15.1015,0.9809625000000001,1.79675,3.858175,76.0,452.3805299299741,1.639659848274403,False,False,racetrack_medium,model
80,53.2145,5.2561303555266505,15.4075,1.041725,1.87375,3.9189375,72.5,453.54289666346864,1.6398566470535867,False,True,racetrack_medium,model
81,53.9005,5.066260205291447,14.698,0.9539375,1.7305,3.83115,79.5,456.21775750131616,1.6400583199609573,False,False,racetrack_medium,model
82,52.924,4.9249097847438374,14.43525,0.8943875,1.629,3.7716000000000003,66.5,457.0821134477996,1.640414024631844,False,False,racetrack_medium,model
83,53.2905,5.013044021632831,14.74175,0.9312874999999999,1.6935,3.8085000000000004,71.0,458.21139798073375,1.6405995598498537,False,False,racetrack_medium,model
84,53.638,4.897688849831117,14.2835,0.89185,1.6372499999999999,3.7690625,72.5,463.435840429888,1.6409169393828473,False,False,racetrack_medium,model
85,54.573,5.224949479316148,15.162749999999999,1.0379500000000002,1.85975,3.9151625,80.5,464.7206956800934,1.6415709247570025,False,False,racetrack_medium,model
86,54.7735,5.2783176143628046,15.50775,1.0560749999999999,1.8980000000000001,3.9332875000000005,77.5,466.6212328528461,1.6417037540397352,False,True,racetrack_medium,model
87,54.918000000000006,5.389782867805401,15.925,1.0987875,1.9667499999999998,3.976,75.0,467.9757488249153,1.642059774809886,False,True,racetrack_medium,model
88,55.2025,5.372357408369539,15.9665,1.063075,1.9375,3.9402875,86.0,468.91174979061896,1.6421020112011122,False,False,racetrack_medium,model
89,56.453,5.487648756363839,16.428,1.112425,2.0127499999999996,3.9896374999999997,80.5,477.7930254654607,1.6425107703949686,False,False,racetrack_medium,model
90,56.2295,5.441175896175031,16.211750000000002,1.0772125,1.96475,3.9544250000000005,80.5,479.9237467317273,1.642737657096297,False,False,racetrack_medium,model
91,55.945499999999996,5.370460942951675,15.9175,1.0519125,1.89075,3.929125,77.0,480.47718369155245,1.642759376874131,False,False,racetrack_medium,model
92,56.3625,5.521422228313133,16.506,1.14045,2.048,4.0176625,89.5,482.19752718842074,1.642773427865407,False,False,racetrack_medium,model
93,55.9555,5.425966044116803,16.177500000000002,1.099775,1.9855,3.9769875,83.5,482.57569045956814,1.6427824587360935,False,False,racetrack_medium,model
94,55.716499999999996,6.159922542504333,18.3645,1.5338875,2.61175,4.411099999999999,67.5,494.4820115884461,1.6428131227876361,False,True,racetrack_medium,model
95,51.29,4.939371929015409,15.22325,0.798625,1.51775,3.6758375,61.5,496.6449644643395,1.000441708663865,True,False,racetrack_medium,model
0,64.1375,4.210985093314745,10.921,0.41790000000000005,0.7985,3.2951125,66.0,507.5173680464038,0.5690116107279272,False,False,free_medium,model
1,64.14,4.211987246725838,10.915,0.42110000000000003,0.80175,3.2983124999999998,67.0,507.51987626297534,0.5909501299610523,False,False,free_medium,model
2,64.19149999999999,4.2375412417023135,10.97625,0.42833750000000004,0.81225,3.30555,64.0,507.55861143985726,0.6873469907750869,False,False,free_medium,model
3,64.189,4.3084864606831985,11.20325,0.49078749999999993,0.91825,3.368,63.0,507.5979956045545,0.7805044995510261,False,False,free_medium,model
4,64.211,4.327537756271212,11.27825,0.495625,0.925,3.3728375,66.0,507.7423194812082,0.8085943749030895,False,False,free_medium,model
5,64.309,4.3264844530901545,11.264,0.48977499999999996,0.9117500000000001,3.3669874999999996,61.5,508.08971338756726,0.8160726128641684,False,False,free_medium,model
6,64.0235,4.409419711285826,11.531749999999999,0.5240374999999999,0.94875,3.40125,63.5,508.1570071394885,0.9421680939812286,False,False,free_medium,model
7,64.0645,4.392178916804731,11.505749999999999,0.5215125,0.9532499999999999,3.3987249999999998,62.5,508.2335945462625,0.9528883541202332,False,False,free_medium,model
8,64.02799999999999,4.403188871110377,11.538,0.5339749999999999,0.9744999999999999,3.4111875,64.5,508.4528541152549,0.9621933431846593,False,False,free_medium,model
9,63.7955,4.366659119926037,11.481,0.5257499999999999,0.95025,3.4029625,69.0,508.6933747241959,0.9778445007917886,False,False,free_medium,model
10,64.00150000000001,4.391164011086436,11.526,0.5166875,0.9437500000000001,3.3939000000000004,61.5,508.73844391015496,0.9818161845908882,False,False,free_medium,model
11,64.02,4.4061659976119625,11.527750000000001,0.53275,0.95875,3.4099625,69.5,508.98286342384324,0.9990097788393755,False,False,free_medium,model
12,64.363,4.3460889725327645,11.277249999999999,0.5138625,0.90725,3.391075,64.5,509.81490064824163,1.005064911121329,False,False,free_medium,model
13,64.1835,4.373499860001324,11.53675,0.5191125000000001,0.9277500000000001,3.396325,73.5,509.8669935872789,1.0189730644711268,False,False,free_medium,model
14,63.897999999999996,4.431708558410458,11.61825,0.5563125,1.01025,3.4335250000000004,65.5,510.0777914253964,1.1155650542384516,False,True,free_medium,model
15,63.954,4.440874042772478,11.674,0.5523375,0.99125,3.42955,67.0,510.40416945115425,1.1385573995891305,False,False,free_medium,model
16,64.013,4.419058333870338,11.591249999999999,0.5401875,0.97975,3.4174,66.5,510.547793628097,1.1460637756770045,False,False,free_medium,model
17,63.7515,4.376690337020852,11.417750000000002,0.5242374999999999,0.9535,3.4014500000000005,64.0,510.9178560628404,1.1626653476128548,False,False,free_medium,model
18,63.965,4.408913882095302,11.54625,0.5543,0.9945,3.4315125,63.5,511.0262675173822,1.167409022621772,False,False,free_medium,model
19,64.048,4.440841504847619,11.6155,0.5645625000000001,1.018,3.441775,66.0,511.2771084637221,1.1899065308036472,False,True,free_medium,model
20,63.784000000000006,4.372295165420667,11.4025,0.5160625000000001,0.94625,3.393275,67.5,511.67930730661976,1.2059444291799402,False,False,free_medium,model
21,64.0175,4.435486495036747,11.492750000000001,0.553275,1.00475,3.4304875,65.5,511.9997675964056,1.2241507542365087,False,False,free_medium,model
22,64.164,4.436570872973022,11.5375,0.554225,1.00075,3.4314375000000004,65.5,512.5477329604921,1.2502642105009922,False,False,free_medium,model
23,63.664500000000004,4.374136113848328,11.41075,0.5403125,0.9762500000000001,3.4175250000000004,58.5,513.76060034173,1.2715407567963308,False,True,free_medium,model
24,64.144,4.414461630320764,11.57425,0.5445249999999999,0.9925,3.4217375,60.0,514.1500941436784,1.3079778590411624,False,False,free_medium,model
25,63.834,4.349111574533308,11.26375,0.50735,0.9430000000000001,3.3845625,64.5,514.645830922185,1.3203126230503408,False,False,free_medium,model
26,64.3415,4.45528390657104,11.524750000000001,0.5725499999999999,1.0282499999999999,3.4497625000000003,74.5,514.9828544014817,1.3366756500583843,False,True,free_medium,model
27,64.065,4.4098910612829165,11.29525,0.5532,1.0095,3.4304125,67.0,515.6235758668627,1.350652262198767,False,False,free_medium,model
28,64.4,4.439596954534398,11.26625,0.5563875,1.04525,3.4336,75.0,516.6842011600894,1.3580585298706715,False,False,free_medium,model
29,64.42500000000001,4.443912363943792,11.29575,0.5616625000000001,1.0525,3.4388750000000003,61.5,517.3303425759657,1.366027687277775,False,False,free_medium,model
30,64.51599999999999,4.424870141897895,11.408249999999999,0.5609625,0.9975,3.438175,69.5,517.6262010630212,1.3787897683498378,False,False,free_medium,model
31,64.694,4.468040693648117,11.5935,0.5800375,1.0502500000000001,3.45725,73.0,518.0621366943815,1.395203591605704,False,False,free_medium,model
32,64.186,4.383233792683904,11.2965,0.522075,0.9737499999999999,3.3992875,73.5,518.9595076403854,1.4057110420544618,False,False,free_medium,model
33,64.83099999999999,4.536697520785594,11.65675,0.6188624999999999,1.1255000000000002,3.496075,66.0,519.8846204821305,1.4141501439155708,False,True,free_medium,model
34,65.014,4.495455301742879,11.5175,0.588175,1.10175,3.4653875000000003,78.0,520.8448492892248,1.4232513906042472,False,False,free_medium,model
35,64.65299999999999,4.4486733811196775,11.473749999999999,0.582025,1.05675,3.4592375000000004,65.0,521.7542274431623,1.4353735074901468,False,True,free_medium,model
36,64.7595,4.42453482431036,11.509250000000002,0.5494125,1.006,3.426625,69.0,522.0647217565858,1.4392542525284027,False,False,free_medium,model
37,64.919,4.433490096624906,11.44625,0.573925,1.0382500000000001,3.4511375,70.0,522.7753659034372,1.4503358527894181,False,False,free_medium,model
38,65.098,4.491604362778011,11.5275,0.5939375,1.0955,3.4711499999999997,73.5,523.5075958952615,1.463403151092468,False,False,free_medium,model
39,65.7525,4.558117125247127,11.701250000000002,0.63435,1.15825,3.5115625,70.5,524.4163116833988,1.4725159686433913,False,True,free_medium,model
40,65.81700000000001,4.553842673986547,11.66475,0.6397375000000001,1.13,3.5169500000000005,72.0,525.5478042060383,1.4751283485991815,False,True,free_medium,model
41,65.38,4.447620480734306,11.524000000000001,0.5748625,1.0295,3.4520750000000002,70.5,527.0963056228603,1.493009397418716,False,False,free_medium,model
42,66.039,4.549899344274702,11.73325,0.6130125,1.0995,3.4902249999999997,76.0,528.2666885692279,1.5017926801749681,False,False,free_medium,model
43,66.411,4.6536565281777955,11.9205,0.68835,1.20525,3.5655625,67.5,529.6022591371634,1.5127891547552281,False,False,free_medium,model
44,66.816,4.7600034585476845,12.285,0.719725,1.271,3.5969375,70.5,530.7648125402122,1.517681642262965,False,False,free_medium,model
45,66.856,4.763037216089533,12.30175,0.7222124999999999,1.274,3.599425,68.5,531.1068446747536,1.5184139000695858,False,False,free_medium,model
46,66.304,4.605211426914364,12.01425,0.6635875,1.15975,3.5408000000000004,76.0,532.1309779369035,1.5270312818946334,False,False,free_medium,model
47,67.01400000000001,4.649305560734016,11.9205,0.6805499999999999,1.201,3.5577625,71.0,533.1668259580192,1.540780488224986,False,False,free_medium,model
48,66.7165,4.660693364152254,11.975,0.685275,1.2117499999999999,3.5624875000000005,77.0,534.6323589804856,1.5463799227128194,False,False,free_medium,model
49,67.44200000000001,4.769339793322029,12.257000000000001,0.7434125,1.295,3.620625,77.5,536.6211304957073,1.5472900232711395,False,False,free_medium,model
50,66.0725,4.568098083176822,11.7925,0.6287624999999999,1.09825,3.505975,69.5,537.291333617071,1.5547055705300712,False,False,free_medium,model
51,66.8375,4.727725640745263,12.123750000000001,0.7122875,1.2385000000000002,3.5895,72.5,537.9776998328686,1.5642217520387913,False,False,free_medium,model
52,66.8915,4.722416132657219,12.142,0.7053499999999999,1.2295,3.5825625,68.5,538.3029696637087,1.5660839356580412,False,False,free_medium,model
53,66.8675,4.722677915055423,12.11425,0.706925,1.24,3.5841374999999998,65.5,539.3770525873026,1.5730492001467191,False,False,free_medium,model
54,67.15,4.7846898064769885,12.3415,0.7680374999999999,1.32575,3.64525,75.5,540.8264682493759,1.5771851441952733,False,True,free_medium,model
55,67.7005,4.830376096938737,12.588249999999999,0.7801750000000001,1.34225,3.6573875,76.0,542.837972071746,1.5832993461741962,False,False,free_medium,model
56,66.75450000000001,4.657503690286907,11.99175,0.6724249999999999,1.1735000000000002,3.5496375000000002,67.5,544.507040553338,1.5848307962970096,False,False,free_medium,model
57,67.343,4.81772626648659,12.37425,0.7673875000000001,1.31425,3.6445999999999996,67.5,545.5427743949107,1.5935344959566091,False,False,free_medium,model
58,67.65350000000001,4.89907847320342,12.599,0.8092375,1.36925,3.68645,66.0,546.9767263511454,1.5976704400051633,False,True,free_medium,model
59,67.63749999999999,4.804368710924267,12.459,0.76065,1.2857500000000002,3.6378625,74.0,548.297387932933,1.6030572904683003,False,False,free_medium,model
60,67.7345,4.929648538452488,12.939,0.8271,1.40225,3.7043125000000003,73.0,550.0400567973229,1.605666213070861,False,False,free_medium,model
61,67.86500000000001,4.9428732181209805,13.0755,0.8338875,1.3995,3.7111,68.0,552.0052183473774,1.608549458044806,False,False,free_medium,model
62,68.0265,4.950777840724081,13.0875,0.8344625,1.4135,3.7116750000000005,71.0,552.1084509662642,1.6087761989258862,False,False,free_medium,model
63,68.6185,5.830014356929645,15.741499999999998,1.3311875,2.18975,4.208400000000001,78.0,555.2101466724911,1.6090814976417172,False,True,free_medium,model
64,68.1825,4.988545049245247,13.06025,0.8560625,1.428,3.733275,73.0,556.1087776379828,1.6171963033207608,False,False,free_medium,model
65,69.0775,5.882059987497439,15.839500000000001,1.3347250000000002,2.19025,4.2119375,71.0,557.7480748146686,1.6172900832066321,False,True,free_medium,model
66,68.1685,5.007315619779176,13.301,0.8677875,1.4532500000000002,3.745,72.0,558.3608795371592,1.621550907292946,False,False,free_medium,model
67,67.7065,5.085000084048996,13.556999999999999,0.91785,1.5265,3.7950625000000002,73.0,560.6242052543748,1.623667448676021,False,True,free_medium,model
68,69.28999999999999,5.857290062212701,15.797,1.338125,2.193,4.2153375,72.0,561.3383139881455,1.6263566638505385,False,False,free_medium,model
69,69.4745,5.8813536330577065,15.9165,1.3610874999999998,2.2344999999999997,4.238300000000001,72.5,562.4203764129333,1.6281944360350773,False,False,free_medium,model
70,69.05699999999999,5.837870634404652,15.8325,1.31895,2.1715,4.1961625,75.0,563.9513140914357,1.6295201777044581,False,False,free_medium,model
71,69.321,5.9239832575364595,16.0595,1.375075,2.2675,4.2522874999999996,74.0,565.2222901491987,1.633404192018868,False,True,free_medium,model
72,69.1705,5.883797216606039,15.93875,1.345475,2.21775,4.2226875,74.5,566.0373055992156,1.6349595707834816,False,True,free_medium,model
73,69.491,5.2836954388719,13.943249999999999,1.0104625,1.68375,3.8876750000000007,78.0,568.1733488144616,1.6356754096511632,False,False,free_medium,model
74,69.3875,5.976557775025065,16.274,1.4064125,2.3085,4.283625,70.5,568.9471796719345,1.6392940744771907,False,True,free_medium,model
75,69.981,5.954663048174156,16.1575,1.3774125000000002,2.271,4.254625,76.0,571.3735086658227,1.640444717729467,False,False,free_medium,model
76,70.10849999999999,5.890224240950882,16.040750000000003,1.35305,2.21075,4.2302625,79.5,572.909841405547,1.6409568084634132,False,False,free_medium,model
77,69.8315,5.8060967999982225,15.68575,1.287525,2.1159999999999997,4.1647375,67.5,574.7806200291453,1.6428306366275303,False,False,free_medium,model
78,69.639,5.73477396763281,15.408249999999999,1.2767,2.09675,4.153912500000001,69.0,576.2860468241907,1.645139000966678,False,False,free_medium,model
79,69.52850000000001,5.661153768701862,14.9115,1.2233625,2.01825,4.100575,77.0,577.6757985412394,1.6461382273222944,False,False,free_medium,model
80,68.9915,5.473625072743922,14.78925,1.10925,1.84475,3.9864625,68.0,580.7706036520028,1.6502555375257417,False,False,free_medium,model
81,69.125,5.443370925064145,14.624500000000001,1.0985624999999999,1.82375,3.9757749999999996,72.5,582.249300300289,1.6505852206398495,False,False,free_medium,model
82,69.7405,5.7801509062396494,15.6995,1.2705125000000002,2.10825,4.147725,83.0,584.4636927717814,1.6509745801924343,False,False,free_medium,model
83,69.339,5.385747132368022,14.54025,1.0743875,1.78875,3.9516,74.5,587.0194914125784,1.6513303005460678,False,False,free_medium,model
84,69.92949999999999,5.464774597459359,14.94675,1.0693125,1.8127499999999999,3.9465250000000003,80.5,589.2258928715876,1.651627119521701,False,False,free_medium,model
85,69.69,5.4603009728735135,14.925999999999998,1.0786,1.823,3.9558125,77.0,589.8448150664732,1.6516931628856462,False,False,free_medium,model
86,70.02000000000001,5.464820293747845,14.99,1.066325,1.819,3.9435375,76.5,591.8707892015395,1.6519325353502028,False,False,free_medium,model
87,69.68299999999999,5.457577993926824,14.7575,1.0662875,1.79575,3.9435000000000002,80.0,592.909712292439,1.6520311896021682,False,False,free_medium,model
88,69.9125,5.457548962990844,14.8485,1.06825,1.8255,3.9454625000000005,83.0,595.3501740382474,1.6522727016508751,False,False,free_medium,model
89,70.5635,5.6428122032979715,15.133,1.1811875,1.9809999999999999,4.058400000000001,72.0,597.4770461783141,1.6524084717668575,False,False,free_medium,model
90,70.943,5.612127021190107,15.1035,1.1614,1.95475,4.038612499999999,69.5,599.5339474139421,1.6525499209225192,False,False,free_medium,model
91,70.613,5.639416300917061,15.4925,1.1791625,1.99275,4.056375,73.5,602.028430084163,1.6526186671563399,False,False,free_medium,model
92,70.965,5.71046537881889,15.474,1.2052874999999998,2.0060000000000002,4.0825,77.5,602.4461144110139,1.652645570604554,False,False,free_medium,model
93,70.71950000000001,5.725371769114972,15.793,1.2052,2.037,4.0824125,84.0,604.8820848873575,1.6527001550916287,False,False,free_medium,model
94,70.9965,5.744188958331385,15.8295,1.233275,2.0614999999999997,4.1104875,80.5,607.1020258002211,1.6527393394526393,False,False,free_medium,model
95,71.215,5.653536460551594,15.51225,1.1949124999999998,2.01325,4.072125,86.5,607.494122709098,1.6527422288312748,False,False,free_medium,model
96,71.61099999999999,5.904670468599408,16.368000000000002,1.2952249999999998,2.1955,4.172437499999999,77.5,616.3481688961233,1.652766001509935,False,False,free_medium,model
97,72.07300000000001,5.971700465812988,16.397750000000002,1.3283875,2.2475,4.2056000000000004,73.5,619.7631850928183,1.6527666429535963,False,False,free_medium,model
98,66.006,5.0826854951969676,15.214749999999999,0.7444875,1.48725,3.6217000000000006,62.0,688.8998975184141,0.9411626041793129,True,True,free_medium,model
0,70.061,6.787587494541948,20.92275,0.6091624999999999,1.1795,3.940925,72.5,717.9653283081875,1.086232164676412,False,True,grid_large,model
1,70.4195,6.783484044877678,21.12025,0.6266,1.2085,3.9583625,67.0,718.6370372306206,1.1053980873958253,False,False,grid_large,model
2,70.41550000000001,7.009703187953823,21.17225,0.6820999999999999,1.26925,4.0138625,61.5,720.4234461937467,1.211415856176702,False,True,grid_large,model
3,70.72749999999999,7.0149655550145,21.26025,0.6772125,1.2515,4.0089749999999995,69.0,720.6807390620972,1.2357539017167538,False,False,grid_large,model
4,70.7345,7.012785271267163,21.1035,0.6895375,1.2445,4.0213,66.5,720.7209305726177,1.3312062860263085,False,False,grid_large,model
5,70.64,6.806211719680125,20.923000000000002,0.6694125000000001,1.2374999999999998,4.001175,67.5,720.7741525513361,1.3845267013687779,False,False,grid_large,model
6,70.48,6.889874673702879,20.694000000000003,0.6637374999999999,1.25175,3.9955,72.5,721.1241044528132,1.4892852249243147,False,False,grid_large,model
7,70.9425,7.019678234279775,21.141,0.7089624999999999,1.27175,4.040725,72.5,722.4462139681098,1.5158896832630981,False,False,grid_large,model
8,70.98150000000001,7.017271252064389,21.044,0.7077875,1.2685,4.03955,75.0,722.5558960200799,1.5388410398366124,False,False,grid_large,model
9,70.4555,6.961957462778363,20.62525,0.7218875,1.30225,4.053649999999999,70.0,722.9622831055349,1.575373948762828,False,True,grid_large,model
10,70.987,6.945757494411172,20.954500000000003,0.6725749999999999,1.22675,4.0043375,66.5,724.091775775022,1.5759544003524362,False,False,grid_large,model
11,70.6395,6.955803414952201,20.724249999999998,0.7081624999999999,1.26775,4.039925,78.0,724.637333412981,1.6078193981750852,False,False,grid_large,model
12,70.469,6.92370232523648,20.603749999999998,0.7096875,1.28725,4.041449999999999,78.5,724.9665444603315,1.6155997692780588,False,False,grid_large,model
13,71.1755,6.959189429132938,21.052,0.720875,1.29775,4.0526375,67.5,726.0851474502807,1.6207817338410258,False,False,grid_large,model
14,71.3535,7.034758492944169,21.14675,0.739525,1.31025,4.0712875,70.5,726.4934410541142,1.6379343433606481,False,False,grid_large,model
15,71.64750000000001,7.171061470587403,21.23775,0.7573874999999999,1.36575,4.08915,73.5,727.4867654397514,1.6409780051500877,False,False,grid_large,model
16,71.5115,7.0612785957926025,21.08925,0.71475,1.2795,4.0465125,66.5,727.5840333441618,1.6461059633549995,False,False,grid_large,model
17,71.40950000000001,7.099218562972372,20.994,0.7586374999999999,1.35325,4.0904,64.5,728.3105132914948,1.6606523455291107,False,False,grid_large,model
18,71.7585,7.1352803898978046,21.1845,0.7692124999999999,1.359,4.100975,67.0,728.6489937266582,1.6664364498262478,False,False,grid_large,model
19,71.245,7.131525005246992,21.019,0.7630999999999999,1.35775,4.0948625,66.5,728.8537347599868,1.6678668516786217,False,True,grid_large,model
20,71.6335,7.1393297063636165,21.155,0.7631249999999998,1.35775,4.0948875000000005,68.0,729.633498286996,1.6736993231998067,False,True,grid_large,model
21,71.7405,7.176946584331208,21.2245,0.8020375,1.4257499999999999,4.1338,72.0,730.7245404506696,1.6787700988651804,False,True,grid_large,model
22,72.047,7.194122766966271,21.28425,0.7701125,1.3795000000000002,4.101875,78.0,731.3160931555735,1.6822666255291072,False,False,grid_large,model
23,72.03450000000001,7.1206025520410865,21.22,0.7799875,1.37125,4.11175,80.5,731.8581983401347,1.6863605542810605,False,False,grid_large,model
24,71.997,7.165355233987336,21.32025,0.8007124999999999,1.399,4.1324749999999995,75.5,732.2513972216086,1.6921557052476919,False,False,grid_large,model
25,72.1005,7.163058039470769,21.34975,0.8147875,1.4337499999999999,4.1465499999999995,73.0,733.0617630441575,1.694992270659873,False,True,grid_large,model
26,72.48349999999999,7.200038902237983,21.48725,0.8105625,1.425,4.142325,74.0,733.5542629725996,1.6980650661796268,False,False,grid_large,model
27,71.98,7.111878058357011,21.1605,0.7808625,1.3712499999999999,4.1126249999999995,79.5,734.092534897874,1.7018075635052141,False,False,grid_large,model
28,72.3075,7.168524993153952,21.29675,0.819425,1.435,4.1511875,74.5,735.2148781234495,1.7072398544312937,False,True,grid_large,model
29,72.1355,7.164550906453684,21.330750000000002,0.7951625,1.39725,4.126925,73.5,735.7068080875208,1.7092163717017035,False,False,grid_large,model
30,72.5065,7.184885996738599,21.44425,0.8145249999999999,1.422,4.1462875,73.0,736.863504111084,1.7114584301743816,False,False,grid_large,model
31,72.4265,7.19908280978999,21.4965,0.8173874999999999,1.42275,4.149150000000001,73.5,738.4274776338773,1.715293958109081,False,False,grid_large,model
32,72.6635,7.217440058957904,21.57175,0.8279875,1.447,4.15975,73.0,739.9686578707965,1.7189560307542564,False,True,grid_large,model
33,72.3205,7.179365113866849,21.42,0.8195625,1.41625,4.151325,63.0,740.5610393885213,1.72152710611349,False,True,grid_large,model
34,72.5285,7.177426429622761,21.4485,0.8242125,1.4180000000000001,4.155975,74.0,741.8977928191958,1.7229481057084224,False,False,grid_large,model
35,72.527,7.226085252415853,21.581,0.82515,1.42775,4.156912499999999,67.0,743.0885877701564,1.7248497473479818,False,True,grid_large,model
36,72.71000000000001,7.233642731883288,21.68575,0.828225,1.43675,4.1599875,75.0,745.2830747337812,1.7264951526159427,False,True,grid_large,model
37,72.892,7.275922192207222,21.579749999999997,0.8569249999999999,1.46975,4.1886875,70.5,746.342870591956,1.728120507021158,False,True,grid_large,model
38,73.585,7.247060114235298,21.69675,0.856825,1.46975,4.1885875,82.5,749.0317251129031,1.731860059858891,False,False,grid_large,model
39,73.3535,7.220042169486655,21.57675,0.8536,1.4575,4.1853625,73.5,749.989261522802,1.7341373502184863,False,False,grid_large,model
40,74.02199999999999,7.257601701530998,21.858,0.8645499999999999,1.46425,4.1963124999999994,69.5,753.0803655985444,1.7376155506773328,False,True,grid_large,model
41,73.939,7.353501366161341,22.05925,0.860725,1.4535,4.1924875,75.5,756.5216122898279,1.7381837692349456,False,True,grid_large,model
42,74.4115,7.312413746523497,22.061999999999998,0.856475,1.45825,4.1882375,74.5,757.9766442165418,1.740873701140487,False,False,grid_large,model
43,74.78450000000001,7.308272284791526,22.032,0.8769625,1.476,4.208725,67.0,759.1795761107776,1.7432789392068626,False,True,grid_large,model
44,74.91,7.315031373711124,22.1625,0.884125,1.4849999999999999,4.2158875,74.0,760.5307765204548,1.7449000268715875,False,True,grid_large,model
45,77.7375,7.139192046998976,21.927500000000002,0.7966125,1.4125,4.128375,83.0,762.8390699998367,1.7464687918955233,False,False,grid_large,model
46,74.7755,7.313225817117112,21.974,0.85435,1.4605,4.1861125,72.0,763.7935534291828,1.7468754325795606,False,False,grid_large,model
47,75.03399999999999,7.32003652295109,22.25475,0.8565625,1.4340000000000002,4.188325,85.5,765.6527208954162,1.7495610975224896,False,False,grid_large,model
48,75.22,7.266868128721971,22.268,0.8556,1.4337499999999999,4.187362500000001,71.5,767.4466121964916,1.7497410900791126,False,False,grid_large,model
49,78.13499999999999,7.241459929628686,22.43275,0.8358249999999999,1.43925,4.1675875,94.0,769.6526490276387,1.7500676059912976,False,False,grid_large,model
50,78.695,7.252031505718284,22.2715,0.7916375,1.411,4.1234,84.0,771.5825004760075,1.7523580053014034,False,False,grid_large,model
51,78.181,7.218900678778025,22.335250000000002,0.812125,1.4145,4.1438875,83.0,772.9922180574165,1.7532874938713023,False,False,grid_large,model
52,78.678,7.275914629214123,22.28575,0.8178125,1.44275,4.1495750000000005,73.0,774.302410588396,1.7544681240619309,False,False,grid_large,model
53,76.156,7.337664508568199,22.48475,0.8648875,1.443,4.19665,76.5,776.2820735627392,1.7551097281263066,False,False,grid_large,model
54,78.6155,7.256805161986872,22.659750000000003,0.8248875,1.447,4.15665,83.5,777.7984326602032,1.7563369240588431,False,False,grid_large,model
55,79.197,7.334956763855949,22.670749999999998,0.815275,1.4405000000000001,4.1470375,83.5,780.169038614465,1.757764418908746,False,False,grid_large,model
56,78.95599999999999,7.264332290946237,22.5805,0.8215375,1.43175,4.1533,89.5,781.1782703572476,1.758775026615965,False,False,grid_large,model
57,79.219,7.316593591933722,22.9525,0.8264875,1.43275,4.158250000000001,82.5,783.2981837674654,1.7594186905860778,False,False,grid_large,model
58,79.324,7.27763912413309,22.461,0.8413375,1.4655,4.1731,73.5,785.4656210682729,1.7605594027952451,False,False,grid_large,model
59,79.001,7.2565685101832,22.716250000000002,0.8019375,1.4125,4.133699999999999,74.5,786.2036577276834,1.7613140776040868,False,False,grid_large,model
60,79.363,7.260021242662592,22.625,0.83755,1.4495,4.1693125,77.0,787.927391454765,1.7626618948180566,False,False,grid_large,model
61,80.56299999999999,7.314390827215295,22.396250000000002,0.8112375000000001,1.456,4.142999999999999,93.5,789.7890210924152,1.7634056306345152,False,False,grid_large,model
62,79.29249999999999,7.210791489645745,22.25825,0.7968249999999999,1.3895,4.1285875,83.5,792.43077701824,1.763464929102077,False,False,grid_large,model
63,77.627,7.583780083235116,23.125,0.9640875,1.593,4.29585,72.5,796.4417982998141,1.7634998561909854,False,True,grid_large,model
64,79.96000000000001,7.340131009202213,22.780749999999998,0.832525,1.46475,4.1642875,78.5,798.3811216724616,1.7659203677523638,False,False,grid_large,model
65,80.61,7.338209155653911,22.54775,0.8176875,1.444,4.14945,82.5,800.4030786787298,1.7671009203477477,False,False,grid_large,model
66,80.262,7.295061675572753,22.5355,0.8155374999999999,1.43825,4.1472999999999995,85.5,803.1671348961324,1.768337683985604,False,False,grid_large,model
67,80.36,7.274725008875713,22.516750000000002,0.8125499999999999,1.424,4.1443125,75.0,805.41025176745,1.7689227046456675,False,False,grid_large,model
68,81.364,7.322033626107496,22.229,0.8142375,1.4169999999999998,4.146,81.0,809.4003371252157,1.770601949463412,False,False,grid_large,model
69,80.703,7.326984580478767,22.479,0.8384875,1.44825,4.170249999999999,83.0,813.6616717005224,1.7710469183771447,False,False,grid_large,model
70,80.9105,7.284215257838762,22.18725,0.8174125000000001,1.4235,4.149175,78.5,815.9346102775285,1.7712259619312993,False,False,grid_large,model
71,80.85499999999999,7.350623913474067,22.642249999999997,0.8468499999999999,1.45125,4.1786125,83.5,817.3481337400234,1.7715146453362611,False,False,grid_large,model
72,81.541,7.3380999591233955,22.416249999999998,0.833375,1.452,4.1651375,79.5,818.887251589493,1.7723177682183908,False,False,grid_large,model
73,81.127,7.34573814766251,22.58125,0.8389,1.452,4.170662500000001,82.5,821.3665169576855,1.7724062743701787,False,False,grid_large,model
74,80.971,7.383085173703291,22.61475,0.8551,1.4855,4.186862499999999,90.0,822.5439084124512,1.772827481329914,False,False,grid_large,model
75,81.31200000000001,7.373605144293042,22.5285,0.8302125,1.439,4.161975,89.5,826.8349716697853,1.7735557595733042,False,False,grid_large,model
76,81.631,7.38733212757559,22.454250000000002,0.851825,1.45475,4.1835875,77.0,829.7818097364354,1.7740276534315944,False,False,grid_large,model
77,81.887,7.433739378157199,22.668,0.8408875,1.4540000000000002,4.17265,81.5,832.5836071153465,1.7745815810241923,False,False,grid_large,model
78,82.0655,7.4159738403255435,22.564,0.86185,1.4652500000000002,4.1936125,92.5,834.8172977964293,1.7747133537014967,False,False,grid_large,model
79,81.9885,7.412189691481176,22.44175,0.8510125,1.45125,4.1827749999999995,71.5,838.4313737385804,1.7751205118429858,False,False,grid_large,model
80,81.52199999999999,7.319339863283297,22.0625,0.84995,1.4375,4.181712500000001,88.0,844.8900842999699,1.7755594154157022,False,False,grid_large,model
81,82.2445,7.388366272863907,22.4005,0.8526874999999999,1.468,4.18445,90.5,847.5032216053819,1.7757856300184574,False,False,grid_large,model
82,82.73349999999999,7.405825087016046,22.461750000000002,0.8717125,1.476,4.203475,78.5,852.4231441001846,1.7758618222441622,False,False,grid_large,model
83,82.844,7.434351472641873,22.49525,0.8727625000000001,1.48175,4.204525,88.0,853.8596857853612,1.7760707575944863,False,False,grid_large,model
84,82.7815,7.4605966157656605,22.63075,0.8819125,1.4845000000000002,4.213675,83.5,856.994306889726,1.7763412426026193,False,False,grid_large,model
85,82.6905,7.5380359830104835,22.852,0.8811374999999999,1.49725,4.2129,82.0,861.2035354591278,1.7764468385019074,False,False,grid_large,model
86,82.3835,7.318326638385896,22.174750000000003,0.8369500000000001,1.43175,4.1687125,82.5,862.7954490585032,1.776451647137312,False,False,grid_large,model
87,82.2835,7.881605785441515,24.085500000000003,0.9752375,1.629,4.307,71.0,868.5862189335188,1.7765581990253887,False,False,grid_large,model
88,82.272,7.882603457917275,23.9375,0.99515,1.653,4.326912499999999,85.5,872.6062255540676,1.7768196925261694,False,True,grid_large,model
89,82.332,7.889274908665289,24.09825,0.9928874999999999,1.6672500000000001,4.32465,82.5,875.7593649004007,1.7768880148579886,False,False,grid_large,model
90,82.736,7.677757188202493,23.374499999999998,0.9266874999999999,1.548,4.25845,82.0,878.9814948249038,1.7769732852046858,False,False,grid_large,model
91,85.116,7.747469318700306,23.78475,0.9345875,1.57825,4.26635,79.5,886.1289902172774,1.777158102687259,False,False,grid_large,model
92,84.6135,7.942413869661464,24.66,0.9684375000000001,1.6197499999999998,4.3002,89.5,894.5617484217114,1.7774507230646586,False,False,grid_large,model
93,84.4465,7.909510825550072,24.295,0.9751624999999999,1.63525,4.306925,87.5,895.1510570474593,1.777600986802777,False,False,grid_large,model
94,84.883,7.927637743002305,24.397750000000002,0.9878750000000001,1.6585,4.319637500000001,82.5,897.7317402953606,1.7776455278783583,False,False,grid_large,model
95,85.29650000000001,8.035625865010495,24.68125,1.0187,1.71275,4.350462500000001,82.0,903.3204540674692,1.777749626846166,False,True,grid_large,model
96,86.32,7.900529035916465,24.02325,0.9876875,1.645,4.31945,93.0,905.5347808935036,1.7777646577132427,False,False,grid_large,model
97,85.50999999999999,8.154322333921623,24.9075,1.0128125,1.70525,4.344574999999999,93.0,906.8515507262073,1.7778684757908363,False,False,grid_large,model
98,86.90950000000001,8.165722946731346,25.109,1.00885,1.69675,4.340612500000001,84.0,917.4258200082393,1.777916947612242,False,False,grid_large,model
99,87.37700000000001,8.208723619686221,25.12725,1.040175,1.7405,4.3719375,100.5,924.9306357716112,1.777952101613121,False,True,grid_large,model
100,88.218,8.077423064921918,24.70075,0.9814875,1.669,4.31325,84.0,930.5828819041321,1.7779762977296816,False,False,grid_large,model
101,92.40199999999999,8.71428323101459,27.456000000000003,1.0855750000000002,1.85625,4.4173375,95.0,1054.7971909965545,1.778144945075455,False,True,grid_large,model
102,81.745,7.805449334404856,25.15475,0.849175,1.54175,4.180937500000001,76.5,1000.4595067070404,0.8944139158773543,True,False,grid_large,model
0,73.29599999999999,7.778824029136375,25.55925,0.7505124999999999,1.39275,4.082274999999999,86.0,757.4746362743758,1.2103190260637728,False,True,racetrack_large,model
1,73.919,7.923883744666238,25.653750000000002,0.803875,1.4602499999999998,4.1356375,82.0,758.0994830497806,1.3001637558972297,False,False,racetrack_large,model
2,73.85300000000001,7.9193222164137715,25.6625,0.805325,1.45525,4.1370875,85.5,758.3856337866903,1.3220636457394639,False,False,racetrack_large,model
3,73.856,7.7591833402027195,25.46075,0.737125,1.3820000000000001,4.068887500000001,74.5,758.6833676805312,1.567939294908844,False,False,racetrack_large,model
4,73.963,7.938664320051169,25.5345,0.8091125000000001,1.462,4.140874999999999,81.0,758.8500113246184,1.5717980313441227,False,False,racetrack_large,model
5,73.73599999999999,7.9176707276143965,25.441499999999998,0.804975,1.45725,4.1367375,89.0,759.0502113099344,1.587132305816834,False,False,racetrack_large,model
6,74.0325,7.864632396461914,25.41375,0.7517874999999999,1.395,4.08355,83.5,759.0565898085888,1.625227463650635,False,False,racetrack_large,model
7,74.164,7.835747132169368,25.451999999999998,0.7457499999999999,1.3895,4.0775125,95.5,759.336073953501,1.6286909715489668,False,False,racetrack_large,model
8,74.04050000000001,7.792376195112812,25.36725,0.7551875,1.4049999999999998,4.08695,86.5,759.4289678791463,1.6446601836746262,False,False,racetrack_large,model
9,73.73,7.81144649921756,25.4015,0.7481375,1.385,4.0799,85.5,759.4289915239583,1.6461649862541314,False,False,racetrack_large,model
10,73.75450000000001,7.895931041549725,25.6555,0.7682,1.418,4.0999625,86.0,759.5956678352167,1.6670212339728827,False,False,racetrack_large,model
11,73.83250000000001,7.796863559110113,25.3825,0.736075,1.38425,4.0678374999999996,90.0,760.3133855136966,1.6841940436727223,False,False,racetrack_large,model
12,74.2655,7.878693284289588,25.5015,0.7728625,1.4175,4.104625,85.5,760.970248295396,1.6893409153705794,False,False,racetrack_large,model
13,74.247,7.908957167501681,25.49025,0.77525,1.4372500000000001,4.1070125,81.5,761.3222632065604,1.690762046143316,False,False,racetrack_large,model
14,74.161,7.871185742499173,25.5335,0.7724125,1.42075,4.104175,86.5,761.939288216548,1.7004160679704592,False,False,racetrack_large,model
15,73.76050000000001,7.914976272270543,25.66675,0.77545,1.4337499999999999,4.107212499999999,86.0,762.2250509919008,1.7135629349925823,False,False,racetrack_large,model
16,73.771,7.9546236039055955,25.592750000000002,0.7828375,1.4275,4.1146,88.5,762.6049848237662,1.7174026752588225,False,False,racetrack_large,model
17,73.72649999999999,7.927087982895065,25.48475,0.8030375000000001,1.436,4.1348,85.5,763.1172583469308,1.7184943787016767,False,False,racetrack_large,model
18,73.7065,7.986446641840001,25.6315,0.7979375,1.4657499999999999,4.1297,83.5,763.4989954066863,1.7229611973898904,False,False,racetrack_large,model
19,73.684,7.911784685838219,25.561500000000002,0.7625125,1.4155,4.094275,79.5,763.879335244831,1.723928358415733,False,True,racetrack_large,model
20,73.863,7.979570671247496,25.56875,0.78295,1.44675,4.1147124999999996,88.5,764.1208579581598,1.730854715055337,False,False,racetrack_large,model
21,73.88149999999999,7.887818075327564,25.62925,0.775675,1.41275,4.1074375,82.0,764.1403596375632,1.735267800535894,False,False,racetrack_large,model
22,74.01400000000001,8.009938146574491,25.527,0.8070124999999999,1.4555,4.138775,82.5,765.3215787515304,1.7384572975269386,False,False,racetrack_large,model
23,73.963,8.017041283904145,25.73525,0.8029124999999999,1.44675,4.134675,83.0,765.620136169217,1.7424241360688066,False,False,racetrack_large,model
24,73.93,8.029993415171017,25.746000000000002,0.802975,1.46675,4.1347375,82.5,766.4125098468173,1.747606328069574,False,False,racetrack_large,model
25,74.2315,8.03193722134806,25.73975,0.8325750000000001,1.5095,4.1643375,79.5,767.1062224429078,1.7502402940021675,False,False,racetrack_large,model
26,73.8395,8.065875084254778,25.578000000000003,0.840675,1.509,4.1724375,82.5,767.4517953877698,1.7557462911026074,False,True,racetrack_large,model
27,74.25450000000001,8.053617479311459,25.849,0.801175,1.44375,4.132937500000001,89.5,767.8406504687262,1.7583372163055466,False,False,racetrack_large,model
28,73.693,8.15078509263262,25.686500000000002,0.8343499999999999,1.501,4.1661125000000006,82.5,768.5036413007633,1.7627503214560785,False,True,racetrack_large,model
29,74.529,8.135712136638237,26.027749999999997,0.85205,1.546,4.1838125,84.0,769.6831306102005,1.7640125701914096,False,True,racetrack_large,model
30,74.5575,8.182321568068973,26.00625,0.8705499999999999,1.5717500000000002,4.2023125,83.0,770.2417529391113,1.7683800332809045,False,True,racetrack_large,model
31,74.334,8.095650661516233,25.918,0.839075,1.508,4.170837499999999,84.0,771.218765828021,1.7714929467435423,False,False,racetrack_large,model
32,74.7165,8.160922217723702,25.97475,0.8570875,1.5505,4.18885,84.5,772.3394178274393,1.7748291179305757,False,False,racetrack_large,model
33,74.4925,8.099395034556826,25.87425,0.832625,1.4825,4.1643875,78.0,773.5093888563251,1.776612056831792,False,False,racetrack_large,model
34,74.9795,8.175323473232943,26.1235,0.8597125000000001,1.53825,4.1914750000000005,89.5,774.5662291132348,1.778995061411658,False,False,racetrack_large,model
35,74.856,8.191069955731646,26.28125,0.8501875,1.517,4.1819500000000005,96.5,776.0195041683317,1.7822849542069734,False,False,racetrack_large,model
36,75.615,8.253389999813928,26.32825,0.8504,1.54025,4.1821625000000004,88.0,778.1378641767456,1.7838764192051806,False,False,racetrack_large,model
37,75.6875,8.221039346197397,26.450499999999998,0.8627750000000001,1.548,4.1945375,88.0,779.467891592281,1.7870419095347323,False,False,racetrack_large,model
38,75.148,8.1748873457854,26.23,0.8439749999999999,1.49325,4.1757375,94.0,780.9181908235735,1.7876039609614864,False,False,racetrack_large,model
39,75.1,8.231239970373185,26.25675,0.850425,1.53375,4.1821874999999995,90.5,783.0440225919942,1.7896436937890465,False,False,racetrack_large,model
40,75.967,8.191764988612462,26.372,0.8529,1.5277500000000002,4.1846625,79.0,784.4414230940097,1.791548643517927,False,False,racetrack_large,model
41,75.9885,8.239607530576391,26.63875,0.8679874999999999,1.56525,4.19975,88.5,786.2278837023816,1.791950938398763,False,False,racetrack_large,model
42,75.061,8.254321698601636,26.3885,0.8751499999999999,1.6019999999999999,4.2069125,86.0,787.4213614059474,1.7927868680886578,False,True,racetrack_large,model
43,76.333,8.363061956542854,26.893,0.874825,1.57975,4.2065875,84.5,788.3669522088624,1.7948045844056897,False,False,racetrack_large,model
44,76.51050000000001,8.343994109293336,26.76225,0.8691,1.59275,4.2008624999999995,89.5,790.017075908552,1.7963460255636234,False,False,racetrack_large,model
45,76.71100000000001,8.177259801770141,26.528750000000002,0.8758999999999999,1.585,4.2076625,72.0,790.6933277456917,1.7975209787550377,False,True,racetrack_large,model
46,76.88,8.331071804175533,26.90325,0.8774249999999999,1.6145,4.2091875,100.0,792.6209516040517,1.7986901076431074,False,True,racetrack_large,model
47,77.07300000000001,8.295521453837043,26.905749999999998,0.869875,1.56975,4.2016375,87.5,793.9990837636064,1.7996998012466643,False,False,racetrack_large,model
48,77.3785,8.423814129956245,27.031750000000002,0.8804,1.60525,4.2121625,91.0,795.3468768316957,1.8014580545403533,False,True,racetrack_large,model
49,77.3115,8.335280418896907,26.823,0.8748875,1.5895000000000001,4.20665,83.0,796.7255469106831,1.8027891895566577,False,False,racetrack_large,model
50,77.229,8.338464277285592,26.841,0.87385,1.587,4.205612500000001,84.0,798.5022649239197,1.8037809601960604,False,False,racetrack_large,model
51,77.3435,8.25822198227388,26.6875,0.8592375,1.5715,4.191000000000001,87.5,800.0679782069546,1.8042073249004176,False,False,racetrack_large,model
52,77.47399999999999,8.20801780153464,26.572499999999998,0.852,1.5394999999999999,4.1837625,88.0,802.1368710947191,1.8044139830753732,False,False,racetrack_large,model
53,77.5795,8.328387185372188,26.865250000000003,0.86905,1.60225,4.2008125,88.5,803.3950518879129,1.8067299750685495,False,False,racetrack_large,model
54,77.6935,8.42263515080385,27.0015,0.8965375,1.6655,4.228299999999999,83.0,805.077441731099,1.8069890765116952,False,True,racetrack_large,model
55,78.03200000000001,8.436612863295311,27.04875,0.8959,1.637,4.227662500000001,86.5,806.8450792038918,1.807875004221863,False,False,racetrack_large,model
56,78.08000000000001,8.397876428226288,27.08625,0.88165,1.5862500000000002,4.2134125000000004,95.0,807.2804980717053,1.8085534434970674,False,False,racetrack_large,model
57,78.035,8.446782264237296,26.893,0.8869875,1.63075,4.21875,92.5,810.774452467088,1.8103908816758245,False,False,racetrack_large,model
58,78.556,8.514432832565811,27.1355,0.8919999999999999,1.63875,4.223762499999999,88.0,812.3884266743331,1.8109924859057998,False,False,racetrack_large,model
59,78.577,8.430154297464286,27.0685,0.8998375000000001,1.6139999999999999,4.2316,85.5,813.8564203126368,1.8119502908226794,False,True,racetrack_large,model
60,78.813,8.491298899522015,27.2085,0.9094624999999998,1.646,4.241225,89.5,815.5913610574962,1.812715148463761,False,True,racetrack_large,model
61,78.91499999999999,8.516585856686522,27.19025,0.9110625,1.65175,4.242825000000001,78.5,817.9019515057391,1.8140913007173898,False,False,racetrack_large,model
62,79.027,8.576737341168482,27.256,0.92805,1.68975,4.259812500000001,77.5,819.9245372772873,1.8149156019806834,False,False,racetrack_large,model
63,78.9095,8.48609873178236,27.10425,0.9287000000000001,1.669,4.2604625,97.0,822.2533360960457,1.8159062853688663,False,True,racetrack_large,model
64,79.3045,8.494619080139117,27.039,0.9306125000000001,1.68425,4.2623750000000005,85.0,825.3260168201726,1.816865362320726,False,True,racetrack_large,model
65,79.619,8.517116703391213,27.28,0.9342250000000001,1.67175,4.2659875,83.5,828.4243658524147,1.8178153236547194,False,True,racetrack_large,model
66,79.773,8.598433353065563,27.1975,0.9661875,1.7254999999999998,4.29795,82.5,830.4874343389855,1.8180622175823589,False,True,racetrack_large,model
67,79.952,8.560130852837917,27.3845,0.9196875,1.64425,4.25145,82.0,831.670619705585,1.8188322099454908,False,False,racetrack_large,model
68,80.3435,8.6010538544541,27.5715,0.9434374999999999,1.71275,4.275200000000001,88.5,833.1108714481462,1.8191281781760764,False,False,racetrack_large,model
69,80.0795,8.628772333085148,27.40175,0.94145,1.7035,4.2732125,92.0,834.6170439880584,1.819666375629926,False,False,racetrack_large,model
70,80.32050000000001,8.609253666931483,27.360750000000003,0.9384874999999999,1.70625,4.270250000000001,80.5,836.6615587654444,1.8203377598248291,False,False,racetrack_large,model
71,80.78,8.666785254673048,27.68,0.9556,1.72425,4.2873625,95.5,839.4137897777291,1.8205660065341063,False,False,racetrack_large,model
72,80.7615,8.627663802633215,27.45375,0.9768125000000001,1.76,4.308574999999999,90.0,841.5812189895224,1.8214051744399935,False,True,racetrack_large,model
73,81.35900000000001,8.689712775769344,27.78425,0.9699625,1.7349999999999999,4.301724999999999,82.0,844.612756810641,1.8216518978362746,False,False,racetrack_large,model
74,81.6845,8.738074613014806,27.652,0.9932875,1.78125,4.32505,83.0,849.082396874406,1.8226293185760365,False,True,racetrack_large,model
75,81.5955,8.737684020671676,27.707749999999997,0.976,1.762,4.307762500000001,92.5,851.4967864836335,1.8235183815947766,False,False,racetrack_large,model
76,81.8755,8.773200236688663,27.63875,0.9870749999999999,1.7770000000000001,4.3188375,81.5,853.0284359953678,1.8235469790153231,False,False,racetrack_large,model
77,82.12049999999999,8.766420101317651,27.74975,0.9859374999999999,1.7885,4.3177,94.5,854.3840906517169,1.823901101733167,False,False,racetrack_large,model
78,81.87899999999999,8.74367963213954,27.692,0.97235,1.7475,4.304112499999999,90.0,857.7097279104604,1.8240334672878384,False,False,racetrack_large,model
79,82.488,8.816155759418406,27.838250000000002,0.9794874999999998,1.7737500000000002,4.311249999999999,97.0,858.6824402439681,1.8240423051998969,False,False,racetrack_large,model
80,82.592,8.784206106193572,27.573999999999998,0.9688,1.74475,4.3005625,89.5,861.1824206436645,1.8243919549271583,False,False,racetrack_large,model
81,82.153,8.729507203950906,27.42225,0.9624874999999999,1.7327499999999998,4.29425,90.5,862.0204832501427,1.8247615183520918,False,False,racetrack_large,model
82,82.5685,8.745981114963588,27.49175,0.9584874999999999,1.7472500000000002,4.29025,95.0,864.2889243353641,1.8249289624079903,False,False,racetrack_large,model
83,83.2995,8.98946911501788,28.24225,1.0376375,1.8479999999999999,4.3694,88.0,867.7660902933098,1.82555208555084,False,True,racetrack_large,model
84,82.4565,8.816913037804106,27.63425,1.0074375,1.7857500000000002,4.3392,100.0,870.2756378187546,1.825964164608699,False,True,racetrack_large,model
85,83.29,8.888298040293538,27.929000000000002,1.0132124999999998,1.8065,4.344975,97.5,874.3582011401816,1.8261120004750275,False,False,racetrack_large,model
86,83.1105,8.916620046509385,27.8615,1.014025,1.81725,4.3457875,92.0,875.1909374420558,1.8261464055135377,False,True,racetrack_large,model
87,83.51599999999999,8.91514710962623,27.79725,1.0164624999999998,1.8432499999999998,4.348224999999999,84.5,880.3945133462521,1.8264256725126338,False,False,racetrack_large,model
88,83.6345,8.924200340505742,27.93975,1.00495,1.801,4.3367125,104.5,882.4525725553458,1.8265885753259796,False,False,racetrack_large,model
89,84.1405,9.042196465511253,28.17575,1.0537874999999999,1.87025,4.38555,105.5,885.3245393306545,1.8266863968577591,False,True,racetrack_large,model
90,84.281,8.918732392426275,27.844749999999998,1.0102,1.80725,4.341962499999999,89.5,887.8515659708864,1.8268575754212024,False,False,racetrack_large,model
91,84.7915,8.970257737876505,28.07675,1.0239375,1.82025,4.3557,87.5,890.6048155767032,1.8269492319906881,False,False,racetrack_large,model
92,84.749,8.965609105246998,28.007,1.0056625,1.80725,4.337425,99.5,892.9089833478342,1.8269608098864993,False,False,racetrack_large,model
93,84.79599999999999,8.924566728889792,28.027749999999997,1.0121375000000001,1.78925,4.3439,88.5,894.3995375572929,1.82701309997904,False,False,racetrack_large,model
94,85.4725,8.99982372246468,28.207250000000002,1.0040749999999998,1.79725,4.3358375,96.5,898.6251694026212,1.827092462915702,False,False,racetrack_large,model
95,85.1755,9.001152943080273,28.268250000000002,1.0234,1.796,4.3551625,89.5,899.4501212729883,1.8271061007407017,False,False,racetrack_large,model
96,85.951,9.087005985958895,28.43925,1.0232625,1.8344999999999998,4.355025,94.0,902.2287834496274,1.827130994895441,False,False,racetrack_large,model
97,85.04650000000001,9.025530654624514,28.103,1.02045,1.7795,4.352212499999999,86.5,907.0364195410668,1.8272032539572025,False,False,racetrack_large,model
98,87.297,8.913231070007683,27.8415,1.016725,1.7770000000000001,4.348487499999999,94.0,917.2619368957332,1.8272385173790984,False,False,racetrack_large,model
99,89.06700000000001,9.047214518334481,27.81125,1.0538875,1.8504999999999998,4.38565,96.0,957.4180380656593,1.8274132182996383,False,True,racetrack_large,model
100,91.476,9.167333730159424,28.270000000000003,1.05315,1.8555000000000001,4.3849124999999995,99.5,983.2682071260514,1.8274450978991976,False,False,racetrack_large,model
101,94.09899999999999,9.51299819936684,29.59625,1.128175,1.9797500000000001,4.4599375000000006,99.5,1009.0920753796551,1.8274512879059877,False,True,racetrack_large,model
102,95.032,8.679387200169572,27.394750000000002,0.871,1.529,4.2027625,109.0,1023.5400947534699,0.8924140490791644,True,False,racetrack_large,model
0,98.86949999999999,7.807792834987019,23.44725,0.696375,1.303,4.0281375,80.5,1003.3999052963147,1.042645899864079,False,True,free_large,model
1,99.944,7.8460900244099525,23.75575,0.69225,1.2417500000000001,4.0240124999999995,64.5,1005.7197333985443,1.1692583377255394,False,False,free_large,model
2,99.3305,8.200598159216572,23.802750000000003,0.785175,1.3995,4.116937500000001,70.0,1006.0339698142891,1.232278991242042,False,True,free_large,model
3,99.52850000000001,8.23307452649653,23.75425,0.8616875,1.4412500000000001,4.19345,70.0,1006.6138544276173,1.263670594635133,False,True,free_large,model
4,99.6165,8.211265011676083,23.738500000000002,0.8592625,1.4329999999999998,4.191025,75.0,1008.1198278533388,1.309889649920127,False,False,free_large,model
5,99.686,8.395953994760625,23.715249999999997,0.862325,1.47775,4.1940875,62.0,1008.5585140605738,1.327210722799039,False,False,free_large,model
6,99.765,8.450761258050317,23.8095,0.9134749999999999,1.5550000000000002,4.2452375,71.5,1009.5422514090453,1.3430539429389192,False,False,free_large,model
7,99.48,8.095548909478524,23.656750000000002,0.82675,1.4252500000000001,4.1585125000000005,70.0,1009.9747579207012,1.35486525516314,False,True,free_large,model
8,99.6015,8.40324734449053,23.69325,0.95035,1.588,4.2821125,76.5,1010.3267202532754,1.3593498255411929,False,True,free_large,model
9,100.09450000000001,8.453555444734105,24.009,0.9752875,1.58925,4.307049999999999,74.5,1011.6014225464482,1.374385874650896,False,True,free_large,model
10,99.5915,8.458697933713,23.87075,0.9093125,1.684,4.241075,66.0,1011.8849981768624,1.3825655190898867,False,True,free_large,model
11,99.929,8.431783445748376,23.80225,0.9476374999999999,1.6145,4.279400000000001,68.0,1012.8961099931657,1.386173240589986,False,False,free_large,model
12,100.5075,8.308404466964328,23.69075,0.9293500000000001,1.553,4.261112499999999,82.0,1013.3790222622108,1.3929307591371891,False,False,free_large,model
13,100.91300000000001,8.43736465132303,23.777,0.9688749999999999,1.62975,4.300637500000001,73.5,1014.7032489213616,1.39639741870994,False,False,free_large,model
14,100.429,8.512107606311362,24.008000000000003,0.9491625,1.657,4.280925,72.0,1014.939809024603,1.4043622279097085,False,False,free_large,model
15,100.708,8.567619409803681,23.964750000000002,1.0263125,1.72775,4.3580749999999995,72.0,1016.1975390108257,1.4063634100365903,False,True,free_large,model
16,101.09100000000001,8.53053683808788,24.05175,1.017475,1.684,4.349237499999999,66.5,1017.1581517349692,1.4110003385065788,False,False,free_large,model
17,100.541,8.537731233318056,24.1345,0.9421250000000001,1.69925,4.2738875,77.5,1017.1784934273653,1.413389538646799,False,False,free_large,model
18,100.5535,8.563744099221033,24.122999999999998,0.9516249999999999,1.68475,4.2833875,70.0,1017.4191587052114,1.416334235720497,False,False,free_large,model
19,100.59200000000001,8.523496971138556,24.006,0.9645625,1.6560000000000001,4.2963249999999995,71.5,1017.7088620748455,1.4193750850056317,False,False,free_large,model
20,100.816,8.453919974602009,23.878999999999998,0.9812,1.6705,4.3129625,70.5,1019.2490044290471,1.4272282915475105,False,False,free_large,model
21,101.1055,8.548591560720748,24.0615,0.996,1.6564999999999999,4.3277625,70.0,1020.409322464189,1.4289549241641288,False,False,free_large,model
22,101.273,8.562698411703277,24.075499999999998,1.0511249999999999,1.71675,4.382887500000001,73.5,1021.4652856853083,1.4323143291116591,False,True,free_large,model
23,101.38900000000001,8.559151884682262,24.05425,1.023,1.69575,4.3547625,66.0,1022.0690431567591,1.435087003505531,False,False,free_large,model
24,101.5925,8.521666304283148,23.965,0.9746874999999999,1.6855,4.30645,71.0,1022.6101477925083,1.4381409217358714,False,False,free_large,model
25,101.912,8.61920614328886,24.224,1.033575,1.6905000000000001,4.365337499999999,71.0,1024.5259601348519,1.4395093131993555,False,False,free_large,model
26,101.297,8.502632427060146,23.98625,0.9808874999999999,1.6917499999999999,4.31265,67.0,1025.153495574067,1.4430862244356477,False,False,free_large,model
27,101.46950000000001,8.500177470994009,23.82425,1.0028,1.64375,4.3345625000000005,68.0,1025.8073476869795,1.4451567730409818,False,False,free_large,model
28,102.2995,8.56461837323145,24.103250000000003,1.0444125,1.7222499999999998,4.376175,68.5,1026.919715913832,1.4484816554183837,False,False,free_large,model
29,101.621,8.565779387959708,24.0655,0.9916749999999999,1.707,4.3234375,68.5,1029.568909065793,1.4540045650364404,False,False,free_large,model
30,102.1275,8.52388976006436,23.9725,0.9929625,1.6545,4.324725,69.0,1030.601913487376,1.4559389621044476,False,False,free_large,model
31,101.9485,8.52841221811103,23.899749999999997,0.9885124999999999,1.68375,4.3202750000000005,71.0,1032.5832900882215,1.4605492343203577,False,False,free_large,model
32,102.6155,8.629734456369901,24.082250000000002,1.0517875,1.72475,4.38355,61.5,1033.5162620293004,1.4610266212673575,False,True,free_large,model
33,102.6165,8.637099578747373,24.174,1.0409375,1.7325,4.3727,69.5,1034.8198968588497,1.464318799083572,False,False,free_large,model
34,103.237,8.705746026063725,24.4315,1.0770499999999998,1.75975,4.4088125,64.0,1037.0134588748333,1.4659746809834333,False,True,free_large,model
35,102.438,8.649641827329914,24.06075,1.0063625,1.7045,4.338125,75.5,1038.7665837231593,1.4685466975056956,False,False,free_large,model
36,102.702,8.582067452600974,23.99925,1.0211625,1.6875,4.352925,70.0,1039.0827279017485,1.4718931679723568,False,False,free_large,model
37,102.5755,8.597524271885444,23.894750000000002,1.028625,1.719,4.3603875,68.5,1040.2203951421134,1.4730098415768949,False,False,free_large,model
38,103.0015,8.606246143652179,23.9955,1.0541874999999998,1.7235,4.385950000000001,59.0,1042.8487780611022,1.476779192402268,False,True,free_large,model
39,102.93299999999999,8.617624109208936,24.036749999999998,1.02205,1.68275,4.3538125,66.5,1044.677280386383,1.479106097371462,False,False,free_large,model
40,103.4985,8.669481388814354,24.2845,1.0404499999999999,1.7225,4.3722125,69.0,1048.1346151931602,1.4833395889149001,False,False,free_large,model
41,103.8245,8.68021810786475,24.2125,1.05845,1.74125,4.3902125,81.0,1051.0564998960904,1.4851837130989782,False,False,free_large,model
42,103.94900000000001,8.662914486729019,24.139,1.0646125,1.75275,4.396375,79.0,1052.8953098030154,1.4876794151051231,False,False,free_large,model
43,103.6585,8.679412162760784,24.17175,1.0842625,1.7725,4.416025,72.0,1055.6354424503998,1.4883857605124837,False,True,free_large,model
44,103.827,8.674626733912834,24.2445,1.0698249999999998,1.75775,4.4015875,68.0,1056.5464912968432,1.4899703386256524,False,False,free_large,model
45,104.28999999999999,8.650125127752816,24.19075,1.0822375000000002,1.7570000000000001,4.414,74.5,1058.86483786505,1.4908625997187805,False,False,free_large,model
46,104.54599999999999,8.731154838698817,24.419,1.069775,1.7429999999999999,4.4015375,66.0,1060.6899079594677,1.4925786941257653,False,False,free_large,model
47,104.313,8.690036947310526,24.217,1.0919374999999998,1.748,4.4237,63.0,1062.3159929762433,1.493790488224216,False,True,free_large,model
48,104.25,8.701355984095747,24.24175,1.0531625,1.76775,4.384925,69.5,1065.1985268038804,1.4943979571873838,False,False,free_large,model
49,105.043,8.736130167075427,24.372,1.1125249999999998,1.80625,4.4442875,71.5,1066.3802626813952,1.4965988663126903,False,True,free_large,model
50,104.98849999999999,8.754676497450983,24.414,1.0861874999999999,1.776,4.41795,67.0,1069.4591878132157,1.4982107219150118,False,False,free_large,model
51,105.311,8.756549470481517,24.41275,1.093475,1.778,4.4252375,73.0,1070.8939993827476,1.4992775890229377,False,False,free_large,model
52,105.122,8.767923941491759,24.477249999999998,1.1304874999999999,1.80475,4.462249999999999,66.5,1073.6870270260197,1.5000246093807392,False,True,free_large,model
53,105.5525,8.770582821608823,24.4215,1.1009625,1.79175,4.432725,70.5,1074.419303685231,1.5014654611385898,False,False,free_large,model
54,105.686,8.816502548224808,24.48775,1.1338249999999999,1.846,4.4655875,77.5,1077.215442487734,1.5022751918828774,False,True,free_large,model
55,105.7675,8.800664178108828,24.515,1.1022124999999998,1.79025,4.433975,70.5,1079.536792257945,1.5034524203292132,False,False,free_large,model
56,106.2245,8.856067944763733,24.7105,1.13075,1.8005,4.462512500000001,65.5,1083.8163212035467,1.5041393782941719,False,False,free_large,model
57,106.3425,8.796858003257846,24.53,1.1101874999999999,1.8014999999999999,4.44195,81.0,1085.967288649621,1.5056140478114397,False,False,free_large,model
58,106.8195,8.883772128366367,24.724,1.1286749999999999,1.8039999999999998,4.4604375,73.0,1088.646254039843,1.5059050882478044,False,False,free_large,model
59,107.11099999999999,8.939715654399372,24.858249999999998,1.1239125,1.784,4.455674999999999,77.5,1090.960898950792,1.5063625581145856,False,False,free_large,model
60,106.57,8.832281989460533,24.5645,1.100175,1.79425,4.4319375,74.5,1093.8493125582597,1.5078525350110306,False,False,free_large,model
61,107.411,8.875256493209047,24.741500000000002,1.131875,1.78925,4.4636375,70.5,1096.6997180667518,1.5090723478968036,False,False,free_large,model
62,107.173,8.861565449791588,24.725749999999998,1.1452624999999999,1.8087499999999999,4.477025000000001,67.5,1099.285700863286,1.5093228328869868,False,True,free_large,model
63,107.4665,8.89181351142241,24.7695,1.1304500000000002,1.788,4.4622125,73.0,1100.207835703416,1.5102903863775654,False,False,free_large,model
64,107.5875,8.910237562960496,24.86275,1.1187749999999999,1.7654999999999998,4.4505375,67.5,1104.2205342109314,1.510901728792968,False,False,free_large,model
65,108.622,8.97346345565715,25.048000000000002,1.1584124999999998,1.83325,4.490175000000001,73.5,1107.589552229524,1.5111540270094823,False,True,free_large,model
66,108.116,8.93757776740868,25.014499999999998,1.1306625,1.8565,4.462425,67.0,1109.7282629526885,1.5115588765773147,False,False,free_large,model
67,108.6095,8.96880271794148,25.11075,1.140975,1.81475,4.472737499999999,65.5,1111.2867070121827,1.5121454794428855,False,False,free_large,model
68,108.8185,8.999426266009198,25.105249999999998,1.1385375,1.812,4.4703,65.5,1114.0749792485694,1.5132916337792737,False,False,free_large,model
69,108.96950000000001,8.976441004677307,24.999000000000002,1.1468249999999998,1.8225,4.4785875,65.0,1120.0850161593637,1.5147666323980786,False,False,free_large,model
70,109.285,9.02083994161939,25.16275,1.1528625,1.82125,4.484624999999999,74.0,1121.6124649839062,1.5149443586191327,False,False,free_large,model
71,109.147,8.998162386014652,25.115000000000002,1.1595499999999999,1.834,4.4913125,72.0,1124.467949459842,1.5156004996733767,False,True,free_large,model
72,109.22749999999999,8.999275963853982,25.090249999999997,1.1415875,1.8122500000000001,4.47335,71.0,1126.3693030007753,1.5157140208023185,False,False,free_large,model
73,109.8415,9.08313865379423,25.256749999999997,1.171075,1.845,4.5028375,68.0,1132.1902601426896,1.5158245179618723,False,False,free_large,model
74,109.863,9.050990682775971,25.064,1.1534875,1.83325,4.485250000000001,69.0,1132.2022474392038,1.5160955448464322,False,False,free_large,model
75,109.8275,9.00097516962176,25.12025,1.1739375,1.85375,4.5057,70.0,1139.2430250921227,1.5174002246216853,False,True,free_large,model
76,110.9925,9.206932920399183,25.5285,1.1949375,1.8897499999999998,4.5267,66.0,1144.2371910463335,1.5176103489063228,False,True,free_large,model
77,110.0975,9.077168990597967,25.2595,1.1604875,1.83775,4.49225,62.5,1144.8754391401244,1.518201757299845,False,False,free_large,model
78,110.99600000000001,9.09641642318009,25.35075,1.16955,1.869,4.5013125,79.0,1149.239822775924,1.5185123275158288,False,False,free_large,model
79,111.0745,9.20850669527207,25.74125,1.1745,1.87025,4.5062625,67.5,1151.5270767298973,1.5190343597579399,False,False,free_large,model
80,111.619,9.24879245295489,25.773,1.1837624999999998,1.88475,4.515525,74.5,1155.1924824437292,1.519211063651483,False,False,free_large,model
81,111.4385,9.231182293384038,25.597749999999998,1.2023875,1.9009999999999998,4.53415,76.5,1158.4170204054708,1.519839707380139,False,True,free_large,model
82,111.872,9.210493623765192,25.76525,1.1936375,1.8929999999999998,4.5254,69.0,1162.9711660873663,1.519974786423704,False,False,free_large,model
83,111.8035,9.255848586864808,25.73825,1.2073625,1.914,4.539125,64.5,1163.972123079946,1.5205114245150309,False,True,free_large,model
84,113.98849999999999,9.324439363330974,26.0835,1.2068875000000001,1.9045,4.53865,77.5,1180.1984832476512,1.5214013467554584,False,False,free_large,model
85,114.244,9.324634569182766,25.98075,1.2036499999999999,1.9017499999999998,4.5354125000000005,76.5,1182.70434871615,1.521441893194341,False,False,free_large,model
86,114.00999999999999,9.39727586402779,26.33725,1.2259375000000001,1.93975,4.557699999999999,69.0,1186.3435046462032,1.5218869760368758,False,True,free_large,model
87,113.8725,9.34401821208414,26.176250000000003,1.2220499999999999,1.93725,4.553812499999999,85.0,1186.5817914428164,1.5220840975213006,False,True,free_large,model
88,114.6815,9.419471480220302,26.107,1.2236125,1.94075,4.555375,68.0,1199.0774653759086,1.522159721885422,False,False,free_large,model
89,115.223,9.346606093305285,25.816,1.2034125,1.90425,4.535175000000001,80.5,1200.5452826114833,1.5226748696872834,False,False,free_large,model
90,116.7185,9.472638092158737,26.252000000000002,1.2375625,1.959,4.569325,84.5,1215.7876490711938,1.5231770065774137,False,True,free_large,model
91,117.547,9.436046018942873,25.858249999999998,1.2276874999999998,1.959,4.55945,75.5,1217.8826340069659,1.5232457203310006,False,False,free_large,model
92,117.74000000000001,9.523086139009717,26.24725,1.2477625,1.9962499999999999,4.579525,77.5,1222.9058737441787,1.5234539919214751,False,True,free_large,model
93,117.476,9.404080317840481,25.83625,1.2012125,1.91925,4.5329749999999995,75.0,1225.0014992676333,1.5234992375492422,False,False,free_large,model
94,118.2645,9.51205050727439,26.24775,1.210775,1.952,4.5425375,70.0,1227.7582638611466,1.5236319398100464,False,False,free_large,model
95,118.1005,9.520793444238713,26.1595,1.2382,1.99575,4.5699625,81.5,1236.8706719108382,1.5238669118215136,False,False,free_large,model
96,118.64750000000001,9.548815331427349,26.423000000000002,1.241775,1.9642499999999998,4.5735375,89.0,1253.9586396269583,1.5242724542014197,False,False,free_large,model
97,119.732,9.51964007903662,26.52875,1.2279375,1.98625,4.559699999999999,89.5,1257.363136060947,1.5243846953482751,False,False,free_large,model
98,120.00450000000001,9.516270261792961,26.5075,1.2256125,1.9695,4.557375,83.5,1261.931113956784,1.5243858664036596,False,False,free_large,model
99,119.92699999999999,9.683884500392358,27.09575,1.27115,2.0534999999999997,4.602912499999999,90.0,1268.6196813177344,1.5245391894898537,False,True,free_large,model
100,120.84700000000001,9.620811862945878,26.525750000000002,1.2477999999999998,1.99225,4.5795625,92.5,1271.8510096956165,1.5245797537207408,False,False,free_large,model
101,128.027,9.965808789528538,27.87475,1.2925875,2.10975,4.62435,80.0,1369.843008416305,1.5246857863223124,False,True,free_large,model
102,115.156,8.683037510311415,25.29225,0.8447125,1.53525,4.176475,73.0,1454.317246462302,0.8747674202838405,True,False,free_large,model
0,40.6425,3.5732134731027108,10.65775,0.48091249999999997,1.0242499999999999,3.1873875,50.0,303.2517721162978,0.7256210521905975,False,False,case_minimart_n30,model
1,40.7575,3.641851474522027,10.809750000000001,0.5367500000000001,1.09475,3.243225,52.5,303.26810134663435,0.7489874945673115,False,False,case_minimart_n30,model
2,40.623999999999995,3.5743196060969407,10.67675,0.45945,1.0015,3.165925,53.5,303.2756919529246,0.7641562609480562,False,False,case_minimart_n30,model
3,40.475,3.5596676752484386,10.63725,0.45653750000000004,0.986,3.1630125,61.0,303.3054856581784,0.7817940468983823,False,True,case_minimart_n30,model
4,40.6085,3.62987426783117,10.79575,0.5278125,1.07375,3.2342874999999998,54.5,303.36131665503115,0.7877695420278885,False,True,case_minimart_n30,model
5,40.713499999999996,3.4933125954094844,10.4275,0.42894999999999994,0.9265000000000001,3.135425,54.5,303.39014932319856,0.8105796726767028,False,False,case_minimart_n30,model
6,40.7645,3.514202726625488,10.46975,0.428375,0.9217500000000001,3.13485,55.0,303.41845402764454,0.8254374094559206,False,False,case_minimart_n30,model
7,40.486000000000004,3.5643652138271094,10.659500000000001,0.4532125,0.98,3.1596875,59.0,303.42760083578196,0.8418970721130482,False,False,case_minimart_n30,model
8,40.653000000000006,3.4876224075504383,10.36075,0.41346249999999996,0.881,3.1199375,50.0,303.50980450719874,0.8540280671973038,False,False,case_minimart_n30,model
9,40.6595,3.642462238683425,10.814499999999999,0.5161875,1.0685,3.2226625,49.5,303.5218341154789,0.8652278425336034,False,False,case_minimart_n30,model
10,40.524,3.546697288089409,10.686,0.45606250000000004,0.9949999999999999,3.1625375,53.0,303.5600211061044,0.8703612471001796,False,False,case_minimart_n30,model
11,40.604,3.6367874239757048,10.811250000000001,0.499625,1.0405,3.2061,52.5,303.590175083597,0.8863721040438544,False,False,case_minimart_n30,model
12,40.606,3.6290296568022375,10.805250000000001,0.4970375,1.02925,3.2035125000000004,55.0,303.61804702579406,0.8908356275226891,False,False,case_minimart_n30,model
13,40.7655,3.727449060163339,10.88325,0.5439749999999999,1.22525,3.25045,51.0,303.7708005883825,0.9033236024837776,False,False,case_minimart_n30,model
14,40.716499999999996,3.6472004512775262,10.8565,0.501775,1.059,3.2082500000000005,54.5,303.8017177332344,0.913921685796926,False,False,case_minimart_n30,model
15,40.855000000000004,3.7246086691393385,10.8895,0.5387375000000001,1.218,3.2452125,57.0,304.21429913671545,0.9353349435609822,False,False,case_minimart_n30,model
16,41.019,3.634716837596357,10.904,0.5323374999999999,1.14275,3.2388125,61.5,304.33072898194166,0.9411285702402289,False,False,case_minimart_n30,model
17,41.066500000000005,3.5977787305410986,10.5445,0.50525,1.0695000000000001,3.2117250000000004,50.5,304.40466848109486,0.9579288388020916,False,False,case_minimart_n30,model
18,40.513,3.6409011015163184,10.84625,0.5043,1.042,3.210775,51.0,304.45319136491537,0.9744629937475441,False,True,case_minimart_n30,model
19,40.604,3.6520378888263716,10.90675,0.5200125,1.0844999999999998,3.2264875,57.0,304.57652362801,0.997549052021781,False,True,case_minimart_n30,model
20,40.894999999999996,3.742822891456291,10.995000000000001,0.5707125000000001,1.29125,3.2771875,59.5,304.7794664113028,1.0105610858659946,False,False,case_minimart_n30,model
21,40.6295,3.661010271907604,10.876999999999999,0.5315375,1.1145,3.2380125000000004,51.0,304.90468870362986,1.0222228286476864,False,True,case_minimart_n30,model
22,41.141,3.550295139525751,10.39775,0.47178749999999997,1.0055,3.1782624999999998,58.5,305.27320738116305,1.031573825228535,False,False,case_minimart_n30,model
23,41.122,3.576221750032115,10.566500000000001,0.48945000000000005,1.02925,3.195925,55.5,305.3889179263751,1.044738125653443,False,False,case_minimart_n30,model
24,41.288,3.605929306060292,10.58675,0.5255750000000001,1.1179999999999999,3.23205,54.0,305.52105103670056,1.0490676772077945,False,False,case_minimart_n30,model
25,41.343999999999994,3.5789605576671732,10.5715,0.49620000000000003,1.04575,3.202675,57.0,305.6489856376446,1.0578773838695659,False,False,case_minimart_n30,model
26,40.687,3.7533064961722102,11.059249999999999,0.57105,1.2842500000000001,3.2775250000000002,49.0,305.7122379937254,1.0736793871451467,False,True,case_minimart_n30,model
27,40.7405,3.7802167352883616,11.082,0.5958,1.3465,3.302275,50.5,305.8927710970819,1.0843671634400338,False,True,case_minimart_n30,model
28,40.620999999999995,3.642990442249901,10.94575,0.5282,1.1222500000000002,3.234675,53.0,305.9948236532726,1.0985599582512764,False,True,case_minimart_n30,model
29,40.65,3.737899930367204,10.986,0.5568249999999999,1.2614999999999998,3.2633,54.0,306.16006603124345,1.1003365090316,False,True,case_minimart_n30,model
30,40.718,3.642517647777398,10.92925,0.5300500000000001,1.119,3.2365250000000003,45.0,306.2355483542591,1.1232337348771817,False,False,case_minimart_n30,model
31,40.6485,3.629972074110537,10.9075,0.517625,1.087,3.2241,49.5,306.5365256315965,1.1264903168333158,False,False,case_minimart_n30,model
32,40.849000000000004,3.65232649612481,10.9455,0.5398000000000001,1.12975,3.246275,51.5,306.55132852721465,1.140235003109159,False,False,case_minimart_n30,model
33,40.803,3.6673177734744726,10.93375,0.5439375,1.12975,3.2504125000000004,53.5,306.5957365918372,1.1450152440367167,False,False,case_minimart_n30,model
34,40.8535,3.6682938639443963,10.936250000000001,0.5564499999999999,1.1525,3.262925,52.0,306.9067990029358,1.1581728478084377,False,False,case_minimart_n30,model
35,40.815,3.6345109354389757,10.86975,0.5241750000000001,1.0884999999999998,3.23065,56.0,307.1590623712759,1.1634375122680614,False,False,case_minimart_n30,model
36,40.9865,3.698529483307084,10.937999999999999,0.562025,1.202,3.2685000000000004,50.5,307.5184028179637,1.168864154642328,False,False,case_minimart_n30,model
37,40.6865,3.6975186159592637,11.086500000000001,0.5644875,1.1775000000000002,3.2709625000000004,56.5,307.88604819310103,1.184218125966178,False,True,case_minimart_n30,model
38,41.0085,3.6747012878403815,10.88175,0.54755,1.13725,3.2540250000000004,55.0,308.3248006680281,1.195596990053441,False,False,case_minimart_n30,model
39,41.1995,3.7095432966610455,10.9145,0.551175,1.20175,3.25765,54.0,309.08061604686156,1.2100636884386344,False,False,case_minimart_n30,model
40,41.512,3.671646751386648,10.647,0.5554,1.1832500000000001,3.261875,56.5,309.8336522271546,1.2234955669594738,False,False,case_minimart_n30,model
41,41.4445,3.6716012943064342,10.870999999999999,0.5547375000000001,1.1755,3.2612125,49.5,310.01134888664063,1.2355711260394726,False,False,case_minimart_n30,model
42,41.47,3.6803327030091415,10.849,0.5670375000000001,1.1767500000000002,3.2735125,54.0,310.6195652714986,1.2407298381497929,False,False,case_minimart_n30,model
43,41.518,3.7411180458565516,10.9545,0.5809374999999999,1.26275,3.2874125,54.0,310.7970761947786,1.250024135243545,False,False,case_minimart_n30,model
44,41.1095,3.6695276004010404,10.82075,0.544925,1.1475,3.2514000000000003,54.5,311.45245619798936,1.2607938448616691,False,False,case_minimart_n30,model
45,41.1455,3.7075899431400625,10.86025,0.5592874999999999,1.2152500000000002,3.2657625,54.5,311.99457444941834,1.268886107117007,False,False,case_minimart_n30,model
46,41.4875,3.7541215186967145,10.9525,0.5667375000000001,1.2272500000000002,3.2732125,54.0,312.51710048670986,1.2731622481324711,False,False,case_minimart_n30,model
47,41.011,3.6734086262090466,10.745999999999999,0.5459625000000001,1.1495000000000002,3.2524375,51.0,313.1995796201648,1.2814777493294722,False,False,case_minimart_n30,model
48,40.9975,3.658537791974114,10.75875,0.54655,1.15225,3.253025,57.0,313.4478109261424,1.2844964201052942,False,False,case_minimart_n30,model
49,40.971500000000006,3.709844270819973,10.7575,0.5582875,1.21,3.2647625,48.5,313.655751164507,1.2914000500487217,False,False,case_minimart_n30,model
50,41.063,3.7239378046021994,10.77175,0.5613250000000001,1.1995,3.2678000000000003,53.5,314.0763593588026,1.2950069167214557,False,False,case_minimart_n30,model
51,41.2365,3.730377141259418,10.88925,0.562325,1.2037499999999999,3.2687999999999997,49.0,314.93573185043056,1.2976287382193794,False,False,case_minimart_n30,model
52,40.9925,3.7136521583596274,10.82425,0.5610499999999999,1.1960000000000002,3.267525,51.5,315.5507949634067,1.3022901357095962,False,False,case_minimart_n30,model
53,41.1455,3.6488716756433863,10.455,0.531175,1.1295000000000002,3.2376500000000004,48.0,315.71816568540714,1.310215645077813,False,False,case_minimart_n30,model
54,40.855999999999995,3.7360558070525354,11.13025,0.5808375,1.25475,3.2873125,51.5,316.20387550883027,1.3117077908160073,False,False,case_minimart_n30,model
55,41.3125,3.722590210758108,10.729,0.556425,1.209,3.2629,53.5,316.92414900461574,1.3189141073895474,False,False,case_minimart_n30,model
56,40.9875,3.7588817760397006,11.250499999999999,0.5931375,1.273,3.2996125000000003,56.0,317.8124450102607,1.3203633589189954,False,False,case_minimart_n30,model
57,41.022999999999996,3.7951352345848166,11.28575,0.6042624999999999,1.31125,3.3107375,54.0,318.62620199636876,1.3232287196149377,False,True,case_minimart_n30,model
58,41.2265,3.690844032255818,10.753499999999999,0.562525,1.2080000000000002,3.269,50.5,318.7669838182387,1.331975676766838,False,False,case_minimart_n30,model
59,41.162499999999994,3.7429319123258793,11.03225,0.5848374999999999,1.26,3.2913125,56.0,319.8933846176824,1.337417189163121,False,False,case_minimart_n30,model
60,41.259,3.7740080049927904,11.04825,0.6059749999999999,1.29525,3.31245,55.0,320.63851814241417,1.3395164995107707,False,True,case_minimart_n30,model
61,41.562,3.783436807082114,11.15475,0.600275,1.29575,3.30675,53.0,321.75013751323814,1.3426761766202142,False,False,case_minimart_n30,model
62,41.4475,3.7747481640441243,11.13575,0.5965499999999999,1.30625,3.303025,54.0,324.1492693753663,1.343830610305786,False,False,case_minimart_n30,model
63,41.649,3.772821299457429,11.1115,0.588175,1.2645,3.29465,56.5,324.3101990644123,1.3470229819616446,False,False,case_minimart_n30,model
64,41.9525,3.7834041230683324,11.154250000000001,0.609275,1.29575,3.31575,62.0,325.5754428112934,1.3490398528707388,False,False,case_minimart_n30,model
65,41.676,3.7948885168359494,11.1205,0.606225,1.29425,3.3126999999999995,55.5,326.52782931931597,1.35024877545075,False,True,case_minimart_n30,model
66,42.037499999999994,3.792020412547632,11.13575,0.6151875,1.3094999999999999,3.3216625,55.0,326.78255143679564,1.3504838159497539,False,False,case_minimart_n30,model
67,41.7715,3.7781332612127008,11.05325,0.6251249999999999,1.3202500000000001,3.3316000000000003,60.5,327.79386050059816,1.3513719458515026,False,False,case_minimart_n30,model
68,41.831500000000005,3.7732814419551026,11.0785,0.60365,1.29175,3.310125,57.0,329.0145922701384,1.3552340832718959,False,False,case_minimart_n30,model
69,41.891999999999996,3.7806088190456584,11.0115,0.6065,1.294,3.312975,55.5,329.294264951298,1.3561873546469727,False,False,case_minimart_n30,model
70,41.900999999999996,3.842310592176596,11.359,0.6413625,1.362,3.3478375000000002,64.0,330.472737845012,1.3570768299192892,False,False,case_minimart_n30,model
71,42.0175,3.8016446548235407,11.119,0.6119374999999999,1.3039999999999998,3.3184125,49.0,330.5731044640157,1.357886481653888,False,False,case_minimart_n30,model
72,41.710499999999996,3.8270155953454355,11.31175,0.6433874999999999,1.38125,3.3498625000000004,61.0,331.69826173311486,1.3595394282281144,False,False,case_minimart_n30,model
73,41.700500000000005,3.8417364935333502,11.39625,0.645625,1.37,3.3521,61.0,332.5733592679568,1.3608836188224678,False,True,case_minimart_n30,model
74,41.9775,3.834125484696611,11.36325,0.6386875,1.35575,3.3451625,63.0,333.28598833439736,1.3624160611546687,False,False,case_minimart_n30,model
75,42.045,3.83094439832559,11.38975,0.6166,1.3199999999999998,3.3230750000000002,59.0,334.1751853317552,1.3632833158439357,False,False,case_minimart_n30,model
76,42.05800000000001,3.8177483084582864,11.3635,0.6289125,1.3365,3.3353875,59.5,335.26563730852354,1.3638287391774948,False,False,case_minimart_n30,model
77,42.1575,3.8021928462599717,11.2945,0.6209875,1.33325,3.3274625,57.0,336.21102370827765,1.3652337638503391,False,False,case_minimart_n30,model
78,42.324,3.8443898700573405,11.457,0.641375,1.3755000000000002,3.34785,61.5,337.0171306649542,1.3658486207462122,False,False,case_minimart_n30,model
79,42.329499999999996,3.838739781048539,11.42925,0.625575,1.3475000000000001,3.3320499999999997,65.5,337.83189722223244,1.366501324698403,False,False,case_minimart_n30,model
80,42.3375,3.829051079826026,11.417,0.6311875,1.34825,3.3376625,64.0,338.77415348468503,1.3668009675265433,False,False,case_minimart_n30,model
81,42.433,3.831539958582261,11.47325,0.6228,1.33375,3.329275,59.0,340.3973656570332,1.3670606142183381,False,False,case_minimart_n30,model
82,43.283,3.886291387740324,11.72625,0.6514625,1.411,3.3579375000000002,57.0,344.8972822779658,1.368592243601764,False,False,case_minimart_n30,model
83,43.277,3.8713536070363332,11.72,0.64065,1.3795000000000002,3.347125,65.5,346.0285927977909,1.368946186643514,False,False,case_minimart_n30,model
84,43.2695,3.87182500916754,11.73575,0.636825,1.36525,3.3432999999999997,67.0,346.63956473637904,1.3690652430941985,False,False,case_minimart_n30,model
85,43.351,3.852451615440602,11.663250000000001,0.63165,1.33975,3.338125,66.0,347.5882928322625,1.3693163159478803,False,False,case_minimart_n30,model
86,43.233000000000004,3.8701371339249855,11.60275,0.6305125,1.35575,3.3369875,65.5,348.6960640102346,1.3695388794923513,False,False,case_minimart_n30,model
87,43.186499999999995,3.841647458010006,11.5435,0.619275,1.3315000000000001,3.32575,65.0,349.2447100959607,1.369668540764218,False,False,case_minimart_n30,model
88,43.439,3.8591637628218485,11.67875,0.629675,1.36175,3.33615,66.0,350.5789263762835,1.3698430620698328,False,False,case_minimart_n30,model
89,43.468,3.8797791249597724,11.7245,0.64315,1.3832499999999999,3.349625,64.0,351.68898736744916,1.3700411717503038,False,False,case_minimart_n30,model
90,43.498999999999995,3.8970403652384302,11.8205,0.6652,1.4377499999999999,3.3716749999999998,64.5,352.258243016381,1.3700843720993263,False,False,case_minimart_n30,model
91,43.5095,3.9105234494276573,11.839500000000001,0.6663375,1.40875,3.3728125,68.0,353.3582618077827,1.3701568155688268,False,False,case_minimart_n30,model
92,43.6965,3.917004134474233,11.904,0.66045,1.4009999999999998,3.366925,65.0,353.9600044925139,1.3701769261030214,False,False,case_minimart_n30,model
93,43.5505,3.9290209372068174,12.132249999999999,0.6776500000000001,1.4452500000000001,3.384125,72.0,354.915315179097,1.3702000832280379,False,False,case_minimart_n30,model
94,43.7305,3.9420149894916365,12.2175,0.69005,1.47375,3.396525,68.5,355.97523143913526,1.3702119174099625,False,False,case_minimart_n30,model
95,43.445,3.941367632898144,12.191500000000001,0.6755374999999999,1.4325,3.3820125,63.0,363.89227082267763,1.3702126324718542,False,False,case_minimart_n30,model
96,41.837500000000006,4.0067701274520635,12.442250000000001,0.7092,1.498,3.4156750000000002,63.0,386.0775378659188,1.0240583833218606,True,True,case_minimart_n30,model
0,28.084,2.955947963099886,9.2985,0.666925,1.4685000000000001,2.8920125,35.5,28.134666666666668,0.6897948403696358,False,True,grid_small,route
1,28.0855,2.958621990583424,9.305,0.6947875000000001,1.51575,2.919875,38.5,28.153333333333332,0.6980460401287197,False,True,grid_small,route
2,28.1275,2.966221158822999,9.323250000000002,0.696275,1.528,2.9213625,36.5,28.176,0.7058288614360472,False,False,grid_small,route
3,28.167,2.983221871426914,9.349499999999999,0.7129875000000001,1.5505,2.9380750000000004,37.0,28.189333333333334,0.7147877190791753,False,True,grid_small,route
4,28.2375,2.9865963586287227,9.373999999999999,0.7156875,1.548,2.940775,38.5,28.233333333333334,0.7190257761218757,False,False,grid_small,route
5,28.109499999999997,2.9898960559779733,9.343,0.7078125,1.5245,2.9329,42.5,28.237333333333332,0.7278990006571693,False,True,grid_small,route
6,28.180999999999997,3.0361942239671786,9.41225,0.7447375,1.6179999999999999,2.969825,39.5,28.273333333333333,0.7561433247581337,False,True,grid_small,route
7,28.188000000000002,3.014472317447167,9.403500000000001,0.7478875,1.62725,2.972975,38.5,28.348,0.7612786491018982,False,True,grid_small,route
8,28.2935,3.0502822950365895,9.50775,0.7489,1.6265,2.9739875,40.5,28.386666666666667,0.7700195541708043,False,True,grid_small,route
9,28.4555,3.0304640539933247,9.52725,0.7668625,1.63825,2.99195,40.0,28.512,0.7835021660480368,False,True,grid_small,route
10,28.4795,3.0332131182310498,9.5555,0.75925,1.63225,2.9843374999999996,39.0,28.534666666666666,0.7869894992502907,False,False,grid_small,route
11,28.4625,3.0298953249391802,9.505500000000001,0.755125,1.621,2.9802125,35.5,28.61466666666667,0.788519322404796,False,False,grid_small,route
12,28.616500000000002,3.0587790088351037,9.6385,0.7943625000000001,1.6912500000000001,3.01945,36.5,28.668,0.8082212478217842,False,False,grid_small,route
13,28.609,3.0591476642852644,9.56425,0.8006125,1.6945,3.0256999999999996,40.0,28.722666666666665,0.8114035879803249,False,True,grid_small,route
14,28.725,3.086197236737239,9.68325,0.818175,1.7875,3.0432625,39.5,28.818666666666665,0.823149875363711,False,True,grid_small,route
15,28.8355,3.066181165223526,9.6345,0.812925,1.73,3.0380125,43.0,28.882666666666665,0.8255581476313816,False,False,grid_small,route
16,28.822,3.0895989666746617,9.658249999999999,0.8118000000000001,1.72825,3.0368875000000006,40.0,28.890666666666668,0.8295483058724693,False,False,grid_small,route
17,28.964,3.0912022600539832,9.7065,0.8316749999999999,1.7502499999999999,3.0567625,41.0,28.956,0.8399581338488399,False,False,grid_small,route
18,29.0555,3.159932396730707,9.8625,0.8669749999999999,1.8715000000000002,3.0920625,42.5,29.082666666666668,0.873202194704118,False,False,grid_small,route
19,28.8905,3.1928734695942467,9.695,0.86805,1.88425,3.0931375,40.5,29.136,0.8961541171961623,False,True,grid_small,route
20,29.172,3.1392990577398816,9.89025,0.888,1.873,3.1130875000000002,42.0,29.256,0.902172191576224,False,True,grid_small,route
21,29.355,3.1786582140282205,9.9565,0.9054875,1.94625,3.1305750000000003,37.5,29.373333333333335,0.9145182126953376,False,True,grid_small,route
22,29.3525,3.1918638046443304,9.956,0.8987499999999999,1.9297499999999999,3.1238375,44.0,29.386666666666667,0.9160255083601869,False,True,grid_small,route
23,29.381999999999998,3.167040061090589,9.931000000000001,0.8847375,1.847,3.109825,43.5,29.454666666666668,0.9167392576120216,False,False,grid_small,route
24,29.2695,3.210130734258052,9.910499999999999,0.8886624999999999,1.9445000000000001,3.11375,37.0,29.468,0.9245689056833521,False,True,grid_small,route
25,29.441499999999998,3.1621414907814156,10.0225,0.9150375,1.904,3.1401250000000003,40.5,29.473333333333333,0.9309274224475294,False,True,grid_small,route
26,29.503999999999998,3.1530651566252073,9.9555,0.9084875,1.88775,3.133575,40.5,29.549333333333333,0.9374575153112227,False,False,grid_small,route
27,29.6485,3.170876435481983,10.042,0.9229,1.9015,3.1479875,42.5,29.636,0.9471952650237051,False,True,grid_small,route
28,29.6545,3.177611744536885,10.062249999999999,0.933175,1.92275,3.1582624999999998,43.5,29.64666666666667,0.9508286021636224,False,True,grid_small,route
29,29.691499999999998,3.1807058971424658,10.08775,0.9356375000000001,1.92225,3.1607250000000002,47.0,29.689333333333334,0.9532263234640039,False,False,grid_small,route
30,29.707,3.189877989285712,10.076,0.946475,1.9675,3.1715625,42.5,29.728,0.96216880424435,False,False,grid_small,route
31,29.686,3.2623737788749105,9.908999999999999,0.9583625,2.051,3.1834499999999997,43.0,29.78,0.9727611332114704,False,True,grid_small,route
32,29.849,3.2166066751738978,10.1565,0.9581875,1.99975,3.183275,44.0,29.912,0.9748901799898884,False,False,grid_small,route
33,29.881500000000003,3.2776711697597394,10.10375,0.9714749999999999,2.09775,3.1965624999999998,46.0,29.924,0.9889107975826917,False,True,grid_small,route
34,29.933999999999997,3.283422962454915,10.01625,0.9734499999999999,2.0865,3.1985374999999996,45.0,29.944,0.9914532110443002,False,True,grid_small,route
35,29.924500000000002,3.258025439666966,10.23375,0.957975,2.0252499999999998,3.1830625,40.0,30.002666666666666,0.9943595365702566,False,False,grid_small,route
36,30.008499999999998,3.2850739420154014,10.049,0.974125,2.0815,3.1992125,41.5,30.024,0.9998838139670501,False,False,grid_small,route
37,30.012,3.2968713856004968,10.04525,0.9703999999999999,2.0772500000000003,3.1954875000000005,39.5,30.029333333333334,1.0000971096720368,False,False,grid_small,route
38,29.978,3.3023477639079886,10.091000000000001,0.9829125,2.1087499999999997,3.208,44.0,30.109333333333332,1.0142339655787402,False,True,grid_small,route
39,30.017,3.299198741664336,10.0945,0.9944875000000001,2.1334999999999997,3.219575,43.0,30.202666666666666,1.0233191830861164,False,True,grid_small,route
40,30.266,3.335821919480859,10.277999999999999,1.0079624999999999,2.17675,3.2330500000000004,40.5,30.28933333333333,1.038841899866147,False,True,grid_small,route
41,30.4185,3.334388269302117,10.354,0.9964250000000001,2.18325,3.2215125000000002,42.0,30.54,1.042009610273899,False,False,grid_small,route
42,30.518,3.3529629383268036,10.619499999999999,1.0212625000000002,2.23775,3.2463499999999996,43.5,30.688,1.051297665248583,False,True,grid_small,route
43,30.7985,3.3927051464822826,10.73725,1.085925,2.3442499999999997,3.3110125,45.5,30.928,1.1237824853861387,False,True,grid_small,route
44,31.31,3.4194490054375994,10.778,1.0726624999999999,2.34375,3.29775,43.5,31.426666666666666,1.1252538891005481,False,False,grid_small,route
45,31.378500000000003,3.423213202300822,10.82525,1.0789875,2.3715,3.304075,45.5,31.473333333333333,1.1253288921896876,False,False,grid_small,route
46,31.3995,3.4184925377926536,10.845500000000001,1.0937999999999999,2.3907499999999997,3.3188875000000007,43.0,31.504,1.1322249933352408,False,True,grid_small,route
47,31.407,3.4355838400990564,10.8995,1.0900750000000001,2.375,3.3151625000000005,44.0,31.521333333333335,1.141415377177626,False,False,grid_small,route
48,28.951,2.9350300376227114,9.46675,0.6782000000000001,1.5205,2.9032875000000002,40.5,29.204,0.6974564579853277,True,False,grid_small,route
0,33.149,2.8047886764091823,8.0375,0.4121625,0.93225,2.63725,48.5,33.6,0.4475207205014287,False,True,racetrack_small,route
1,33.4785,2.925348118918219,8.42475,0.50535,1.1655,2.7304375,48.0,33.818666666666665,0.5301195075912621,False,True,racetrack_small,route
2,33.564499999999995,2.933887054636225,8.48175,0.515475,1.1775,2.7405625000000002,48.5,33.872,0.5362291714668888,False,True,racetrack_small,route
3,34.1485,2.9354681731846597,8.2915,0.5130874999999999,1.1785,2.738175,47.5,34.568,0.5404781297006679,False,False,racetrack_small,route
4,34.180499999999995,2.9458893241617226,8.281500000000001,0.5255375,1.19825,2.750625,46.5,34.61066666666667,0.5443875045765816,False,True,racetrack_small,route
5,34.6405,3.195385499564388,9.87725,0.6519125,1.53675,2.877,43.0,34.718666666666664,0.6627287693339229,False,True,racetrack_small,route
6,34.572500000000005,3.1620825461202786,9.78875,0.6502125,1.52575,2.8753,44.0,34.78933333333333,0.6636122216475122,False,True,racetrack_small,route
7,34.659,3.167364179652826,9.70025,0.6454625,1.5114999999999998,2.8705499999999997,38.5,34.806666666666665,0.6659413274565107,False,False,racetrack_small,route
8,34.6875,3.2422714934211436,10.14,0.7094,1.6452499999999999,2.9344875,40.5,34.85066666666667,0.7264669071523141,False,True,racetrack_small,route
9,34.801,3.2456087823534183,9.8695,0.7290625,1.69225,2.9541500000000003,45.5,35.038666666666664,0.7511863593249198,False,True,racetrack_small,route
10,34.7595,3.226740854967829,9.7875,0.7272875000000001,1.62975,2.952375,40.0,35.077333333333335,0.7538717450454587,False,True,racetrack_small,route
11,34.9825,3.294430721843923,10.087,0.776225,1.749,3.0013125,45.0,35.08266666666667,0.7881069389303424,False,True,racetrack_small,route
12,35.0765,3.293718839638279,10.116,0.7787249999999999,1.7647499999999998,3.0038125000000004,42.5,35.28933333333333,0.8019778802402369,False,True,racetrack_small,route
13,35.248,3.3819040689754134,10.881499999999999,0.8600875,1.8867500000000001,3.085175,43.0,35.316,0.8553048014785437,False,False,racetrack_small,route
14,35.313,3.388249431575916,10.823,0.837375,1.85125,3.0624625,45.5,35.38666666666666,0.8560266861079062,False,False,racetrack_small,route
15,35.2265,3.4140063154719242,10.897,0.8724874999999999,1.911,3.097575,42.5,35.446666666666665,0.9028306890069634,False,True,racetrack_small,route
16,35.532,3.4385710992328837,11.0765,0.896725,1.9465,3.1218125,45.0,35.596,0.9087836241953535,False,False,racetrack_small,route
17,35.474999999999994,3.4521890966992985,11.02825,0.9018625,1.9545,3.12695,45.0,35.624,0.9353079394028156,False,True,racetrack_small,route
18,35.496,3.520740430729311,11.067250000000001,0.9032499999999999,2.12075,3.1283375,44.5,35.80266666666667,0.944018712607156,False,True,racetrack_small,route
19,35.573499999999996,3.5373194430743666,11.079,0.9511874999999999,2.1470000000000002,3.1762750000000004,44.5,35.80533333333333,0.9710879821016692,False,True,racetrack_small,route
20,35.8255,3.5783348544797056,11.20225,0.976475,2.19775,3.2015624999999996,45.5,35.99466666666667,1.003739974723938,False,True,racetrack_small,route
21,36.316,3.6572359917889115,11.475000000000001,1.0244999999999997,2.396,3.2495874999999996,49.5,36.59866666666667,1.063231304223264,False,True,racetrack_small,route
22,36.954499999999996,3.6909682541872435,11.364999999999998,1.03575,2.3815,3.2608375,43.5,37.117333333333335,1.072923314963012,False,False,racetrack_small,route
23,36.7855,3.719173648542561,11.633500000000002,1.0603875,2.4585,3.285475,46.5,37.136,1.1010121135032562,False,True,racetrack_small,route
24,37.5665,3.7380888277041002,11.4945,1.1134249999999999,2.5317499999999997,3.3385125,51.0,37.896,1.1641177752554182,False,True,racetrack_small,route
25,38.563500000000005,3.7479438387537516,11.42375,1.1237750000000002,2.5575,3.3488625,52.5,39.088,1.1711101441199068,False,True,racetrack_small,route
26,35.7085,3.1345217871368813,9.824000000000002,0.6365875,1.5150000000000001,2.861675,46.5,36.14,0.6578997049754439,True,False,racetrack_small,route
0,40.0785,3.2491393357957943,9.9885,0.5646,1.26775,2.7896875,41.0,40.342666666666666,0.5841644376162196,False,True,free_small,route
1,40.1025,3.384178088938834,10.311250000000001,0.6490875,1.45725,2.874175,52.0,40.361333333333334,0.6623181458438961,False,True,free_small,route
2,40.1995,3.5143046064814936,10.48975,0.74535,1.7345000000000002,2.9704375,59.5,40.36666666666667,0.7530746858549463,False,True,free_small,route
3,40.2435,3.529515069578141,10.49,0.7605749999999999,1.75925,2.9856625,51.0,40.413333333333334,0.7640548132947916,False,True,free_small,route
4,40.224000000000004,3.5037554597977802,10.45675,0.7562375,1.68125,2.981325,48.5,40.46933333333333,0.7769939373791735,False,True,free_small,route
5,40.2885,3.537261160671802,10.57025,0.77075,1.7425,2.9958375000000004,41.0,40.532,0.7886804895651882,False,True,free_small,route
6,40.308,3.5294937602755185,10.5185,0.7648,1.71075,2.9898875,45.0,40.56666666666667,0.7972091519646624,False,False,free_small,route
7,40.381,3.5419220517010372,10.613499999999998,0.7827500000000001,1.76775,3.0078375,43.5,40.572,0.7982117053969955,False,True,free_small,route
8,40.442,3.602620472136117,10.86375,0.825875,1.83225,3.0509625000000002,51.0,40.612,0.8446659615602742,False,True,free_small,route
9,40.713,3.6085870423833564,10.9515,0.84405,1.86175,3.0691375,51.0,40.830666666666666,0.8464669378210056,False,True,free_small,route
10,40.579499999999996,3.615039842560104,10.842749999999999,0.831525,1.8610000000000002,3.0566125,48.5,40.864,0.8548450348428884,False,True,free_small,route
11,40.665,3.6230509912423168,10.91725,0.829575,1.867,3.0546625,50.0,40.99466666666667,0.8588093401898186,False,False,free_small,route
12,40.8345,3.641148456985402,11.1495,0.8626,1.928,3.0876875,51.0,41.04266666666667,0.8910428435971435,False,False,free_small,route
13,40.814,3.6698500388320427,11.20425,0.8742000000000001,1.9555,3.0992875,59.5,41.12,0.8943217259360573,False,True,free_small,route
14,40.8445,3.6855430116873293,11.129249999999999,0.8815374999999999,1.95475,3.106625,49.0,41.12266666666667,0.9015891032790655,False,True,free_small,route
15,41.048,3.8129752828981234,11.803,0.947375,2.1697499999999996,3.1724625,49.5,41.24133333333333,0.9919767226330618,False,True,free_small,route
16,41.269999999999996,3.8210370003203606,11.91925,0.9677125,2.21475,3.1928,44.5,41.576,1.0012609998616175,False,False,free_small,route
17,41.269000000000005,3.8382066981763856,11.953,0.9811000000000001,2.2497499999999997,3.2061875,47.0,41.577333333333335,1.0073375741595259,False,True,free_small,route
18,41.289,3.8473976540379136,12.03,0.9767000000000001,2.24525,3.2017875,52.5,41.58133333333333,1.0171210725096826,False,False,free_small,route
19,41.31,3.8734454439339467,12.0985,0.99325,2.2845,3.2183375000000005,45.5,41.612,1.0425032573537258,False,True,free_small,route
20,41.422,4.02318348617409,12.6305,1.1076125,2.5067500000000003,3.3327,49.5,41.66133333333333,1.1405307516057002,False,True,free_small,route
21,41.6815,4.008710786788113,12.54025,1.0992125000000001,2.4835000000000003,3.3242999999999996,47.5,41.92933333333333,1.1406197964066394,False,False,free_small,route
22,42.321,4.0432181926778235,12.2425,1.1303874999999999,2.49125,3.355475,46.0,42.42933333333333,1.1549943200220503,False,True,free_small,route
23,42.483000000000004,4.11634389934497,12.599499999999999,1.1755250000000002,2.597,3.4006125000000003,48.5,42.501333333333335,1.2047417182692972,False,True,free_small,route
24,42.625,4.125627395627484,12.678,1.1780749999999998,2.6012500000000003,3.4031625,52.5,42.64266666666666,1.2129161851513401,False,True,free_small,route
25,42.623,4.1229271155431455,12.685500000000001,1.1718125,2.59375,3.3969000000000005,45.5,42.64533333333333,1.2131333754004736,False,False,free_small,route
26,42.6295,4.176222498692588,12.96275,1.2171875,2.6915,3.442275,41.5,42.70933333333333,1.2403479245942262,False,True,free_small,route
27,42.76,4.153863473436678,12.9795,1.2009124999999998,2.6587500000000004,3.426,42.5,42.836,1.2423621801463276,False,False,free_small,route
28,42.6495,4.1418864343167545,12.81725,1.1963375,2.665,3.421425,49.5,42.95466666666667,1.243077693605132,False,False,free_small,route
29,42.673500000000004,4.141662580490281,12.825,1.2068750000000001,2.694,3.4319625,47.0,42.977333333333334,1.247624019792652,False,False,free_small,route
30,42.7925,4.143207973049092,12.84825,1.1924000000000001,2.66875,3.4174875,47.0,43.138666666666666,1.24906607044196,False,False,free_small,route
31,42.786,4.146924913793221,12.83475,1.2053375000000002,2.69025,3.4304250000000005,48.5,43.17733333333333,1.2504268186811187,False,False,free_small,route
32,43.0265,4.140070729311219,13.01425,1.193425,2.686,3.4185125,54.0,43.42933333333333,1.25091236013031,False,False,free_small,route
33,41.382000000000005,3.3718708221244986,10.24775,0.629075,1.49775,2.8541625,43.5,41.90266666666667,0.6484634048374921,True,False,free_small,route
0,42.6475,4.322720478248055,13.2635,0.63495,1.278,3.5121625000000005,53.0,42.572,0.6342078153648861,False,True,grid_medium,route
1,42.7285,4.343178310027367,13.32175,0.6659125000000001,1.31725,3.543125,55.5,42.624,0.6534790073359898,False,True,grid_medium,route
2,43.171,4.364073829418419,13.64325,0.6641875,1.3695,3.5414,57.0,43.029333333333334,0.6633859653539641,False,False,grid_medium,route
3,43.232,4.435889447497495,13.96175,0.6929125,1.41225,3.570125,53.0,43.104,0.6719074340612293,False,True,grid_medium,route
4,43.235,4.370535645489456,13.6785,0.6644625,1.32625,3.541675,48.0,43.306666666666665,0.6733349845690099,False,False,grid_medium,route
5,43.3565,4.376415277243979,13.408,0.6693,1.3407499999999999,3.5465125000000004,56.5,43.32933333333333,0.673862327533309,False,False,grid_medium,route
6,43.507,4.404691077407286,13.626249999999999,0.6722124999999999,1.359,3.5494250000000003,55.5,43.49733333333333,0.6781751694493262,False,False,grid_medium,route
7,43.5495,4.411344677366848,13.65075,0.67875,1.36625,3.5559624999999997,55.0,43.532,0.6807950535899718,False,False,grid_medium,route
8,43.5845,4.444078807842619,13.701250000000002,0.703125,1.384,3.5803375000000006,54.5,43.614666666666665,0.7198151871489339,False,True,grid_medium,route
9,43.7765,4.5271033430949394,12.99925,0.8711125,1.5,3.748325,55.0,43.681333333333335,0.8410538928195722,False,True,grid_medium,route
10,44.105000000000004,4.726642080954466,13.381,0.9992749999999999,1.661,3.8764875000000005,57.5,44.214666666666666,0.9984218964035249,False,True,grid_medium,route
11,44.927499999999995,4.841150979924796,13.8295,1.0222375000000001,1.7349999999999999,3.89945,60.0,45.05733333333333,1.0374042643542418,False,True,grid_medium,route
12,45.0265,4.865972248709944,13.8995,1.0525125,1.81075,3.929725,57.0,45.24,1.0540680334960144,False,True,grid_medium,route
13,45.3725,4.859992704586453,13.718,1.0612125,1.7847499999999998,3.938425,54.5,45.33733333333333,1.0646153551413398,False,True,grid_medium,route
14,45.3795,4.962377417933554,14.02525,1.0742374999999997,1.85375,3.9514500000000004,56.0,45.44133333333333,1.0742442215866836,False,True,grid_medium,route
15,45.5045,4.937863389737128,13.873750000000001,1.063025,1.81625,3.9402375,59.0,45.54666666666667,1.076318669094232,False,False,grid_medium,route
16,45.6135,4.957098829480406,13.92975,1.0801999999999998,1.8565,3.9574125,60.5,45.66,1.0833066528409876,False,True,grid_medium,route
17,45.826499999999996,5.015220784903169,14.146,1.1263999999999998,1.92375,4.0036125,58.5,45.884,1.1270928770859683,False,True,grid_medium,route
18,46.178,5.021213997337709,14.619250000000001,1.1465375,1.9795,4.02375,65.0,46.309333333333335,1.1276619014318434,False,True,grid_medium,route
19,46.4965,5.044210229334112,14.31725,1.1903000000000001,1.98575,4.067512499999999,58.0,46.48266666666667,1.2106082811384433,False,False,grid_medium,route
20,46.4685,5.098782143794904,14.53875,1.2359,2.0315,4.1131125,60.5,46.616,1.2587114932510197,False,True,grid_medium,route
21,48.053,5.216559572125913,14.44525,1.2578125,2.0705,4.135025000000001,61.5,48.28933333333333,1.2784804100623803,False,True,grid_medium,route
22,48.10850000000001,5.224010546181534,14.432500000000001,1.2646625,2.077,4.141875000000001,62.5,48.292,1.27975646792744,False,True,grid_medium,route
23,48.2505,5.286955980290742,15.026,1.281375,2.18525,4.1585875,59.0,48.62133333333333,1.30388281352898,False,True,grid_medium,route
24,48.370999999999995,5.35428469720048,15.9525,1.313975,2.27325,4.1911875,69.0,48.66266666666667,1.3468805205571248,False,True,grid_medium,route
25,48.9525,5.42646211318244,16.26375,1.3908125,2.3737500000000002,4.268025,63.5,49.092,1.4054537038645731,False,True,grid_medium,route
26,49.236000000000004,5.469533896565665,16.3975,1.3891875,2.385,4.266400000000001,64.5,49.372,1.422283762470363,False,False,grid_medium,route
27,49.675,5.615272041185541,16.92525,1.4306375,2.53525,4.30785,64.0,50.00266666666667,1.4627222407422056,False,True,grid_medium,route
28,49.846999999999994,5.6509223134736395,17.0965,1.4744625,2.5985,4.351675,61.0,50.19733333333333,1.4731263923461462,False,True,grid_medium,route
29,51.698,5.637163123144488,17.098750000000003,1.45115,2.55375,4.328362500000001,70.5,52.141333333333336,1.474757409914994,False,False,grid_medium,route
30,52.024,5.672194591755857,17.22475,1.46165,2.573,4.3388625,67.0,52.510666666666665,1.49660370812091,False,False,grid_medium,route
31,46.234,4.635031757724382,14.57725,0.77635,1.5235,3.6535625000000005,62.0,46.16,0.7882331785175597,True,False,grid_medium,route
0,45.625,4.355158697450259,12.96425,0.6041375,1.1925,3.48135,54.0,45.44,0.6032448774880106,False,True,racetrack_medium,route
1,45.588499999999996,4.369438732274844,12.97775,0.6019375,1.1920000000000002,3.4791499999999997,56.0,45.44133333333333,0.6032731552564135,False,True,racetrack_medium,route
2,45.788,4.373207990665582,13.006,0.6071,1.1967500000000002,3.4843125,55.0,45.57333333333333,0.6109537978759826,False,True,racetrack_medium,route
3,45.8605,4.390995842136487,13.0335,0.6345125,1.245,3.511725,55.0,45.656,0.611958867450297,False,True,racetrack_medium,route
4,45.9915,4.401506443856595,13.098749999999999,0.6334125000000002,1.2545,3.510625,51.5,45.888,0.6277091814621013,False,False,racetrack_medium,route
5,47.266000000000005,4.474618632957157,13.482500000000002,0.653,1.29375,3.5302125,56.0,47.368,0.6389643008189734,False,True,racetrack_medium,route
6,47.6025,4.477136308745189,13.12325,0.6250375,1.2542499999999999,3.50225,58.0,47.54,0.6421297189433713,False,False,racetrack_medium,route
7,47.64,4.631637466231746,13.54125,0.7564,1.36875,3.6336125,62.5,47.856,0.7498305888387998,False,True,racetrack_medium,route
8,48.598,4.719121994158263,13.971250000000001,0.7506375000000001,1.43325,3.6278499999999996,61.5,48.532,0.7581129723583263,False,False,racetrack_medium,route
9,48.8275,4.952251130311547,15.055,0.8867375,1.63925,3.7639499999999995,59.0,49.03066666666667,0.896368821706667,False,True,racetrack_medium,route
10,49.763999999999996,5.024771972962889,15.2125,0.90725,1.6965,3.7844625,65.5,49.676,0.9020071163561083,False,True,racetrack_medium,route
11,49.7935,5.046323714564123,15.227,0.9385374999999999,1.71675,3.8157500000000004,69.0,49.768,0.936333808023244,False,True,racetrack_medium,route
12,49.807500000000005,5.139712542097715,15.12425,0.9906625,1.76075,3.8678749999999997,64.0,49.78,0.9981150712697231,False,True,racetrack_medium,route
13,49.8455,5.381545900871999,16.0,1.1632625,2.053,4.040475000000001,61.5,50.010666666666665,1.188529820136393,False,True,racetrack_medium,route
14,49.992,5.448610800853483,16.200499999999998,1.213625,2.11775,4.090837499999999,58.0,50.029333333333334,1.205790690373508,False,False,racetrack_medium,route
15,49.9645,5.509857731706423,16.069499999999998,1.2196250000000002,2.14675,4.0968374999999995,60.5,50.164,1.2279447663488139,False,False,racetrack_medium,route
16,49.9565,5.525813079030723,16.06675,1.2557,2.18375,4.1329125,60.5,50.22266666666667,1.2502252922147195,False,True,racetrack_medium,route
17,50.775000000000006,5.490417266769409,16.0825,1.2850375,2.0997500000000002,4.16225,60.5,50.88933333333333,1.291893662366618,False,True,racetrack_medium,route
18,50.903499999999994,5.530355376373269,16.26875,1.3008625,2.1014999999999997,4.178075,53.0,51.276,1.30364862714849,False,True,racetrack_medium,route
19,51.303,5.6039828116496695,16.9755,1.3066125000000002,2.16925,4.183825,61.0,51.31066666666667,1.329930570111971,False,True,racetrack_medium,route
20,51.4475,5.642461629161216,17.125999999999998,1.3221375000000002,2.22375,4.199350000000001,62.5,51.70666666666666,1.3504659241288888,False,True,racetrack_medium,route
21,51.6405,5.671794461534162,17.090000000000003,1.3477125,2.23025,4.224925,55.0,51.91866666666667,1.3703207493182463,False,True,racetrack_medium,route
22,51.897000000000006,5.7348081314507064,16.62325,1.3584375,2.3747499999999997,4.23565,69.0,52.09466666666667,1.3957977295259831,False,True,racetrack_medium,route
23,52.0675,5.848924299251252,17.60725,1.4175,2.4125,4.2947125,61.0,52.12,1.4385524826005236,False,True,racetrack_medium,route
24,52.423,5.831989603237119,17.18775,1.4223625,2.3354999999999997,4.299575,77.5,52.556,1.4450146306293876,False,True,racetrack_medium,route
25,53.1015,5.966567447163143,17.860500000000002,1.4807375,2.4640000000000004,4.357950000000001,57.0,53.28933333333333,1.480990229603782,False,True,racetrack_medium,route
26,53.1925,5.998381018109088,18.06825,1.4753999999999998,2.4525,4.352612499999999,61.0,53.40266666666667,1.48641820945067,False,False,racetrack_medium,route
27,53.6075,5.951223698850754,17.47675,1.492,2.4467499999999998,4.3692125,62.5,53.778666666666666,1.4920488778049175,False,True,racetrack_medium,route
28,53.819,6.1277585962462595,18.50025,1.515725,2.53625,4.3929375,72.5,53.99733333333333,1.5105001081987268,False,True,racetrack_medium,route
29,54.823,6.243216358344064,18.445999999999998,1.5898374999999998,2.6567499999999997,4.46705,60.5,55.08133333333333,1.596811295234816,False,True,racetrack_medium,route
30,51.29,4.939371929015409,15.22325,0.798625,1.51775,3.6758375,61.5,51.477333333333334,0.8110030784350925,True,False,racetrack_medium,route
0,61.960499999999996,4.137045372509425,10.8015,0.397725,0.7809999999999999,3.2749375,57.0,61.876,0.3776601315472404,False,True,free_medium,route
1,62.176,4.1431786496476875,10.81375,0.40525,0.7805,3.2824625000000003,46.0,62.093333333333334,0.3919327593877831,False,True,free_medium,route
2,62.195499999999996,4.164992576731128,10.888000000000002,0.41275,0.80225,3.2899624999999997,48.0,62.269333333333336,0.3936978810519165,False,True,free_medium,route
3,62.457,4.175285340440842,10.95975,0.42421250000000005,0.8225,3.301425,51.5,62.304,0.4005689564028462,False,False,free_medium,route
4,62.4075,4.175807457433833,10.82575,0.43184999999999996,0.8222499999999999,3.3090625,64.5,62.44133333333333,0.41553702835011,False,True,free_medium,route
5,62.566500000000005,4.294040393507529,11.23775,0.4809375,0.90575,3.35815,51.0,62.449333333333335,0.4739717919559979,False,True,free_medium,route
6,62.6255,4.292302821497113,11.26,0.5037,0.9435,3.3809125,48.0,62.48,0.4793039788231575,False,False,free_medium,route
7,62.909,4.338983926678901,11.426,0.5075,0.95425,3.3847125,51.0,62.76,0.5009207703796048,False,False,free_medium,route
8,62.5935,4.911802242472344,14.76175,0.6255375,1.3265,3.50275,61.0,62.776,0.6386557965369574,False,True,free_medium,route
9,62.796,4.984029224026202,14.92275,0.6980125,1.42825,3.575225,56.5,62.956,0.7051000939376516,False,False,free_medium,route
10,62.712999999999994,5.340781333957634,15.98825,0.889025,1.63775,3.7662375,61.0,62.99733333333333,0.8925989975884835,False,True,free_medium,route
11,62.7205,5.364485981299541,15.979000000000001,0.90055,1.642,3.7777625,49.5,63.00666666666667,0.9008804475373704,False,True,free_medium,route
12,62.94,5.3762070319048245,16.313499999999998,0.8938249999999999,1.66475,3.7710375,61.0,63.141333333333336,0.9074510848827816,False,False,free_medium,route
13,62.929,5.790608773931995,17.578,1.0431750000000002,2.021,3.9203875000000004,55.0,63.221333333333334,1.047370403407315,False,True,free_medium,route
14,63.09,5.820492828249342,17.7715,1.057575,2.03275,3.9347874999999997,56.0,63.36,1.0585657769494812,False,True,free_medium,route
15,63.454,5.81391943308176,17.7895,1.0511875000000002,1.99925,3.9284000000000003,53.0,63.59466666666667,1.0607566144353417,False,False,free_medium,route
16,63.488,5.8189529610507424,17.5805,1.1282375,2.04875,4.00545,60.0,63.67333333333333,1.129746233293713,False,True,free_medium,route
17,63.79,5.90773820558231,17.6515,1.1564875,2.11375,4.0337,61.0,64.09866666666667,1.1593692544521104,False,True,free_medium,route
18,64.3625,5.95346850392389,18.05075,1.1603875000000001,2.13725,4.037599999999999,55.5,64.704,1.1613565338521863,False,True,free_medium,route
19,64.589,5.859771955107166,17.6005,1.1719874999999997,2.127,4.049200000000001,55.0,64.74,1.16227407526492,False,True,free_medium,route
20,64.675,6.094128128521361,17.6685,1.1867125,2.1957500000000003,4.063924999999999,61.5,65.01466666666667,1.2189959944121431,False,True,free_medium,route
21,65.22149999999999,6.110776222436919,18.456,1.264525,2.4147499999999997,4.1417375,59.5,65.11066666666666,1.2567550034990134,False,True,free_medium,route
22,65.4855,6.035367330935207,18.036749999999998,1.2168875,2.2645,4.094100000000001,64.5,65.712,1.2605665076229924,False,False,free_medium,route
23,65.67099999999999,6.17764518557641,18.102249999999998,1.33775,2.42225,4.2149625,63.5,65.912,1.3706388668404685,False,True,free_medium,route
24,65.713,6.148047984700849,18.139499999999998,1.3771624999999998,2.4822499999999996,4.254375,68.5,65.95866666666667,1.3833469519821069,False,True,free_medium,route
25,66.042,6.038590023187392,16.6955,1.4183374999999998,2.3914999999999997,4.29555,77.0,66.28533333333333,1.4179400238435058,False,True,free_medium,route
26,66.149,6.021962608778317,16.71875,1.4041375,2.36475,4.28135,75.0,66.36,1.4185802431430166,False,False,free_medium,route
27,66.2325,6.40429356056943,19.066499999999998,1.548575,2.6719999999999997,4.425787499999999,62.0,66.42933333333333,1.5572988871284184,False,True,free_medium,route
28,66.68299999999999,6.629005644056889,18.9335,1.6679374999999999,2.8805,4.54515,68.5,66.68133333333333,1.696819472949201,False,False,free_medium,route
29,66.604,6.610465671109035,18.82825,1.6832375000000002,2.89525,4.560450000000001,69.0,66.90266666666666,1.6991001993282786,False,True,free_medium,route
30,66.622,6.634369979286949,18.88825,1.6837374999999999,2.901,4.56095,66.5,66.928,1.7109345011277286,False,True,free_medium,route
31,66.691,6.665458461707665,19.0635,1.6839,2.917,4.5611125,62.5,66.96,1.7262484339853355,False,True,free_medium,route
32,67.2535,6.687057545857222,19.14575,1.694525,2.91775,4.571737499999999,74.0,67.396,1.7278499766428395,False,True,free_medium,route
33,67.38149999999999,6.700822456273007,19.265749999999997,1.7332875,2.95025,4.6105,72.0,67.59466666666667,1.7370786271963286,False,True,free_medium,route
34,67.52199999999999,6.713088457620227,19.30975,1.7403,2.95825,4.6175125,59.5,67.72,1.7525103754171596,False,True,free_medium,route
35,68.162,6.72379923576083,19.37075,1.7263375,2.98875,4.60355,70.5,68.348,1.75288642403566,False,False,free_medium,route
36,68.742,6.930977480607728,20.534,1.782575,3.164,4.6597875,75.5,68.87466666666667,1.7549319124841682,False,True,free_medium,route
37,68.82,6.817250587367621,19.711,1.765775,3.049,4.6429875,80.0,69.02666666666667,1.78071793410359,False,False,free_medium,route
38,68.888,6.984005801191001,20.62475,1.8045125,3.1875,4.681725,65.0,69.24,1.8006990269099172,False,True,free_medium,route
39,66.006,5.0826854951969676,15.214749999999999,0.7444875,1.48725,3.6217000000000006,62.0,66.0,0.7651300810334668,True,False,free_medium,route
0,69.22399999999999,6.711228720597591,20.384999999999998,0.6426875,1.2045,3.97445,73.5,69.14666666666666,0.6286971922862088,False,True,grid_large,route
1,69.4375,6.772423913326281,20.5505,0.6745999999999999,1.2297500000000001,4.0063625,69.5,69.19866666666667,0.6644084960587976,False,True,grid_large,route
2,69.8175,6.807165905653017,20.697000000000003,0.6803625,1.24425,4.012125,64.5,69.58133333333333,0.6687292726204853,False,False,grid_large,route
3,69.7245,6.830710223397436,20.561,0.6843625,1.2625,4.016125,69.5,69.72,0.6782801615209548,False,True,grid_large,route
4,69.7555,6.8884704401761905,20.527,0.69955,1.2770000000000001,4.0313125,71.0,69.89333333333333,0.6915874802229323,False,True,grid_large,route
5,70.61500000000001,7.082150540616722,21.333,0.7141500000000001,1.2842500000000001,4.0459125,61.0,70.80266666666667,0.6995378361234521,False,True,grid_large,route
6,70.6325,6.974945923735989,20.788,0.7257375000000001,1.3330000000000002,4.0575,69.0,70.868,0.710874340786503,False,True,grid_large,route
7,70.98150000000001,7.017271252064389,21.044,0.7077875,1.2685,4.03955,75.0,70.956,0.7148437219887037,False,False,grid_large,route
8,70.82400000000001,7.13578999307016,21.06125,0.750825,1.3545,4.082587500000001,70.0,71.00933333333333,0.7438713355738245,False,True,grid_large,route
9,71.25450000000001,7.147970334647963,21.055,0.7607999999999999,1.35325,4.0925625,67.0,71.32666666666667,0.7581450751754591,False,False,grid_large,route
10,71.313,7.159685488497591,21.049500000000002,0.7664625,1.381,4.098225,70.0,71.39466666666667,0.764128962033114,False,False,grid_large,route
11,71.144,7.123911875532041,20.964,0.767425,1.35,4.099187499999999,70.5,71.464,0.7671746548880728,False,True,grid_large,route
12,71.61600000000001,7.224791496684624,21.13725,0.782875,1.39975,4.114637500000001,72.5,71.64933333333333,0.7814765028801876,False,True,grid_large,route
13,72.0075,7.07886294783934,21.2155,0.7930625,1.3995000000000002,4.1248249999999995,68.0,71.912,0.7837521667905606,False,False,grid_large,route
14,71.9695,7.101596486555957,21.2735,0.8037875000000001,1.40875,4.13555,70.5,71.964,0.784503936228485,False,False,grid_large,route
15,72.05799999999999,7.139367078034802,21.334000000000003,0.8021499999999999,1.4027500000000002,4.1339125,69.5,71.96933333333334,0.794350399569514,False,False,grid_large,route
16,71.922,7.168997585628764,21.32875,0.7900874999999999,1.38775,4.12185,66.0,72.02266666666667,0.7988503449706467,False,False,grid_large,route
17,72.05199999999999,7.105524042948704,21.198,0.777225,1.37325,4.1089875000000005,82.0,72.088,0.8025170046857775,False,False,grid_large,route
18,72.203,7.196815848062091,21.372,0.8059125,1.422,4.137675,75.0,72.19466666666666,0.812532891947179,False,True,grid_large,route
19,72.35499999999999,7.183538367793382,21.54625,0.8003875,1.4020000000000001,4.132149999999999,70.5,72.308,0.8130710657057969,False,False,grid_large,route
20,72.5635,7.202984456451368,21.46925,0.816875,1.4325,4.1486374999999995,80.5,72.34,0.8145782930852249,False,False,grid_large,route
21,72.2585,7.170339994010067,21.424500000000002,0.8090875,1.40525,4.14085,68.5,72.38666666666667,0.8153571320112449,False,True,grid_large,route
22,72.315,7.220913362486428,21.54875,0.8220249999999999,1.4362499999999998,4.1537875,69.0,72.40933333333334,0.8171836142314842,False,False,grid_large,route
23,72.206,7.146602361722831,21.351750000000003,0.7889124999999999,1.38775,4.120674999999999,67.5,72.41066666666667,0.8212111852416057,False,False,grid_large,route
24,71.86699999999999,7.173333873059725,21.333,0.8051124999999999,1.396,4.136875,69.5,72.41866666666667,0.8237635811842948,False,True,grid_large,route
25,72.48349999999999,7.200038902237983,21.48725,0.8105625,1.425,4.142325,74.0,72.424,0.8275459465344441,False,False,grid_large,route
26,72.28450000000001,7.248269779140088,21.54325,0.8323375,1.4445000000000001,4.1641,69.5,72.45733333333334,0.8356405012203766,False,True,grid_large,route
27,72.409,7.239347205036921,21.548000000000002,0.8386374999999999,1.44925,4.1704,76.0,72.59733333333334,0.8385183463666407,False,True,grid_large,route
28,72.5355,7.224979994892244,21.49225,0.823525,1.4255,4.1552875,69.0,72.68266666666666,0.8419478797239691,False,False,grid_large,route
29,72.57,7.265971018538412,21.746000000000002,0.8444375,1.43975,4.1762,72.5,72.868,0.8539046023402499,False,False,grid_large,route
30,72.56049999999999,7.294295947160326,21.801000000000002,0.851875,1.4445000000000001,4.1836375,72.5,72.93466666666667,0.8664723778803621,False,True,grid_large,route
31,72.9165,7.343206666446304,22.079,0.8607125,1.45425,4.192475,69.5,73.22933333333333,0.8700029540499259,False,True,grid_large,route
32,74.124,7.301431399054459,22.06925,0.8692249999999999,1.475,4.2009875,64.5,74.42133333333334,0.8724201911861229,False,True,grid_large,route
33,73.939,7.353501366161341,22.05925,0.860725,1.4535,4.1924875,75.5,74.42666666666666,0.8747527862578863,False,True,grid_large,route
34,74.34649999999999,7.441484164740323,22.50675,0.8955124999999999,1.5219999999999998,4.227275000000001,78.5,74.58133333333333,0.8880202349480848,False,True,grid_large,route
35,74.461,7.467080011898904,22.5625,0.8784375,1.496,4.2102,77.5,74.668,0.8915782696931963,False,False,grid_large,route
36,74.78450000000001,7.460559675420585,22.20775,0.9073375,1.5255,4.2391,61.5,75.176,0.9029092965094723,False,True,grid_large,route
37,75.383,7.453945696578165,22.049,0.926725,1.5445,4.2584875,72.5,75.55733333333333,0.9415275430784753,False,True,grid_large,route
38,75.527,7.473063024491957,22.130499999999998,0.9399249999999999,1.5670000000000002,4.2716875,87.0,75.708,0.9443538936816617,False,True,grid_large,route
39,77.73150000000001,7.660528492794879,22.671,0.9669874999999999,1.6179999999999999,4.29875,86.0,77.38133333333333,0.9593486016507339,False,True,grid_large,route
40,77.66749999999999,7.760615612155798,23.33325,0.9654624999999999,1.6125,4.297224999999999,72.0,78.15733333333333,0.964968272721727,False,True,grid_large,route
41,78.267,8.128043753493213,24.33325,0.9956625,1.738,4.327425,90.5,78.51066666666667,0.9874387874694962,False,False,grid_large,route
42,78.168,7.849976724084551,23.77725,1.0025249999999999,1.681,4.3342875,82.0,78.552,0.9930975813714046,False,True,grid_large,route
43,78.363,7.8180409608669095,22.985500000000002,0.9780875,1.6324999999999998,4.30985,71.5,78.92533333333333,1.0055506977349076,False,False,grid_large,route
44,78.503,7.832022303801315,23.04725,1.0172124999999999,1.6935,4.348974999999999,78.0,79.08533333333334,1.0085768820810828,False,True,grid_large,route
45,78.70400000000001,7.9418774716997715,23.253,1.0353499999999998,1.7055,4.367112499999999,77.5,79.16133333333333,1.0435639074102203,False,True,grid_large,route
46,79.40700000000001,8.054816904174675,23.63825,1.0520875,1.7342499999999998,4.38385,76.0,79.87333333333333,1.0701394269269648,False,True,grid_large,route
47,79.713,8.132368396533854,23.837,1.07865,1.76375,4.4104125,79.0,80.08533333333334,1.0919552049236425,False,True,grid_large,route
48,80.717,8.196397891643333,24.097,1.095825,1.7799999999999998,4.4275875,90.5,81.11866666666667,1.1081117386270003,False,True,grid_large,route
49,81.6045,8.169047855286633,24.13975,1.1163999999999998,1.81975,4.4481625000000005,84.5,82.128,1.1100067253639834,False,True,grid_large,route
50,82.40450000000001,8.2501183655575,24.61,1.1064374999999997,1.791,4.4382,80.0,83.01866666666666,1.1217546048193534,False,False,grid_large,route
51,82.392,8.244371580092047,24.2285,1.1151375,1.8205,4.446899999999999,81.5,83.24533333333333,1.1227106043261048,False,False,grid_large,route
52,82.4105,8.273958870810933,24.31875,1.121925,1.8325,4.4536875,88.5,83.27333333333333,1.1289433768106762,False,True,grid_large,route
53,82.80850000000001,8.30688552064554,24.6445,1.1588,1.89175,4.490562499999999,89.0,83.31466666666667,1.140249149124343,False,True,grid_large,route
54,83.869,8.395004315260632,25.092750000000002,1.1422374999999998,1.87175,4.474,79.5,84.09866666666667,1.1585254258355957,False,False,grid_large,route
55,85.3605,8.539036889222913,25.128999999999998,1.1860624999999998,1.915,4.517825,81.0,85.94,1.1949297896764546,False,True,grid_large,route
56,86.32849999999999,8.630923516147094,25.944,1.2023,1.9492500000000001,4.534062499999999,74.5,86.65066666666667,1.2112127118925782,False,True,grid_large,route
57,86.2595,8.665307973694391,26.1475,1.2016,1.9525000000000001,4.533362500000001,78.0,86.7,1.2196940903825286,False,True,grid_large,route
58,89.46799999999999,8.560961527790084,25.506,1.2167999999999999,1.97225,4.5485625,84.5,90.288,1.2207052869967023,False,True,grid_large,route
59,89.9975,8.693610769002301,25.8015,1.2254125,2.00425,4.557175,92.5,90.55466666666666,1.2222796809292946,False,False,grid_large,route
60,89.59899999999999,8.617909178621392,26.2485,1.2416749999999999,1.98225,4.5734375,81.5,90.74933333333334,1.2372793544147207,False,True,grid_large,route
61,90.66399999999999,8.722592668179992,26.24325,1.2473125,2.0025,4.579075,101.0,90.95333333333333,1.2400220095812324,False,True,grid_large,route
62,90.31700000000001,8.728936845176403,25.908,1.2065000000000001,2.0170000000000003,4.5382625,90.5,91.06,1.2444620133284923,False,False,grid_large,route
63,90.741,8.759257364990367,25.93675,1.2275875,2.01,4.55935,86.5,91.14933333333333,1.2451476078977624,False,False,grid_large,route
64,90.9345,8.86880778390912,26.1685,1.247825,2.05175,4.579587500000001,89.0,91.832,1.2607708749211994,False,True,grid_large,route
65,91.36,8.825768772312596,25.914,1.2727625,2.07125,4.604525000000001,94.0,92.12666666666667,1.267867829178164,False,True,grid_large,route
66,91.30250000000001,8.92465267671698,26.599,1.2603750000000002,2.0465,4.592137500000001,91.0,92.16266666666667,1.27919192808535,False,True,grid_large,route
67,91.404,8.95469810838642,26.6815,1.2926250000000001,2.0934999999999997,4.624387499999999,81.0,92.24666666666667,1.2798385756595343,False,True,grid_large,route
68,92.07650000000001,8.995652723557612,26.9555,1.2878249999999998,2.099,4.619587500000001,104.0,93.05866666666667,1.313075122693357,False,False,grid_large,route
69,81.745,7.805449334404856,25.15475,0.849175,1.54175,4.180937500000001,76.5,82.21333333333334,0.823481603565456,True,False,grid_large,route
0,70.45949999999999,7.21208525082465,23.25475,0.6020749999999999,1.1955,3.9338374999999997,69.5,69.832,0.5847640002506178,False,False,racetrack_large,route
1,70.599,7.220080945958189,23.2715,0.6255,1.2235,3.9572624999999997,70.0,70.05866666666667,0.5943209197528151,False,False,racetrack_large,route
2,70.3785,7.441314716664365,23.55925,0.6586624999999999,1.27725,3.990425,76.0,70.148,0.6485072124860802,False,True,racetrack_large,route
3,70.79150000000001,7.460995476165733,23.73525,0.6783125000000001,1.306,4.0100750000000005,63.0,70.16266666666667,0.6493926127035864,False,True,racetrack_large,route
4,70.8565,7.455867421968132,23.672,0.6957625,1.3367499999999999,4.027525000000001,69.5,70.564,0.6679646695356344,False,True,racetrack_large,route
5,71.60300000000001,7.5335781994200435,23.8095,0.7000500000000001,1.3247499999999999,4.0318125,64.5,71.17333333333333,0.6754804987416896,False,True,racetrack_large,route
6,71.6775,7.545785253898231,24.003,0.6980875,1.309,4.02985,68.0,71.21466666666667,0.6899319089736005,False,False,racetrack_large,route
7,71.983,7.517584815022953,23.895,0.6985874999999999,1.30525,4.03035,64.0,71.78266666666667,0.6924864353912791,False,False,racetrack_large,route
8,72.0025,7.699110108112466,24.2715,0.7469874999999999,1.4140000000000001,4.078749999999999,79.5,71.82266666666666,0.7403937582177346,False,True,racetrack_large,route
9,73.52950000000001,7.886121219081465,25.55275,0.7595125,1.422,4.0912749999999996,83.0,73.22266666666667,0.7410747737479841,False,False,racetrack_large,route
10,73.65100000000001,7.935089066212605,25.643,0.780925,1.42275,4.1126875,84.5,73.25333333333333,0.7540655743619592,False,False,racetrack_large,route
11,73.345,8.1182902212304,25.57425,0.8329875,1.522,4.16475,77.0,73.256,0.7965062763236473,False,True,racetrack_large,route
12,73.8095,8.044184100462195,25.4705,0.8151875,1.4849999999999999,4.14695,78.5,73.772,0.8064519834007471,False,False,racetrack_large,route
13,73.8375,8.154952333005898,25.6845,0.8292875,1.48675,4.1610499999999995,93.0,73.78,0.8209685992585412,False,False,racetrack_large,route
14,74.256,8.15259307948364,26.00525,0.8571625,1.521,4.188925,85.0,74.204,0.8265353882053837,False,True,racetrack_large,route
15,74.3245,8.196889573430473,26.036,0.8612875,1.53525,4.19305,84.0,74.208,0.8298103434165187,False,True,racetrack_large,route
16,74.4555,8.029987639877856,25.576,0.8384125,1.5085,4.170175,86.5,74.28533333333333,0.8364107635759065,False,False,racetrack_large,route
17,74.50999999999999,8.196239717066653,25.92575,0.8672875,1.57275,4.19905,80.5,74.31733333333334,0.8405403555438352,False,True,racetrack_large,route
18,74.5575,8.182321568068973,26.00625,0.8705499999999999,1.5717500000000002,4.2023125,83.0,74.33466666666666,0.84275238511791,False,True,racetrack_large,route
19,74.8285,8.274003150722223,26.314500000000002,0.8690875,1.56425,4.20085,91.5,74.59866666666667,0.8512059963679215,False,False,racetrack_large,route
20,74.989,8.233943366316902,26.2245,0.8903249999999999,1.5905,4.222087499999999,81.5,74.76933333333334,0.8515742544710706,False,True,racetrack_large,route
21,74.926,8.146924270340357,25.793,0.8681875,1.5547499999999999,4.199949999999999,76.5,75.00533333333334,0.851925301038529,False,False,racetrack_large,route
22,75.5245,8.277455084791114,26.4635,0.8744999999999999,1.56575,4.206262499999999,81.0,75.108,0.8599437458760939,False,False,racetrack_large,route
23,75.00399999999999,8.128344434308294,25.792,0.8846375,1.549,4.2164,68.5,75.14,0.8705427070846145,False,False,racetrack_large,route
24,75.6525,8.149549448243564,25.44125,0.8783125,1.53975,4.210075,85.0,75.68266666666666,0.8711122953789284,False,False,racetrack_large,route
25,76.23349999999999,8.188340402281643,26.080750000000002,0.884675,1.5582500000000001,4.2164375,83.5,76.25733333333334,0.8822444406056632,False,False,racetrack_large,route
26,76.3615,8.470849920931245,26.41225,0.9230499999999999,1.6412499999999999,4.2548125,85.5,76.336,0.9144244794037496,False,True,racetrack_large,route
27,76.9665,8.204017939232672,26.08675,0.90855,1.557,4.2403125,84.0,77.34,0.9204278464363997,False,False,racetrack_large,route
28,77.41149999999999,8.309873048268013,26.26775,0.943375,1.63025,4.2751375,83.5,77.99733333333333,0.9361013031862171,False,True,racetrack_large,route
29,78.251,8.5215583558331,26.23975,0.9806374999999999,1.69875,4.312399999999999,83.0,78.476,0.9659750680357121,False,False,racetrack_large,route
30,77.90950000000001,8.769982885276105,27.34275,1.019375,1.78525,4.3511375,75.5,78.62933333333334,1.0048709008685899,False,True,racetrack_large,route
31,79.60300000000001,8.545817460573677,26.64725,1.0260875,1.7225,4.357849999999999,78.0,80.41466666666666,1.0067321228491097,False,True,racetrack_large,route
32,80.90700000000001,8.646381065949225,26.72825,1.0394875,1.77975,4.37125,77.0,80.66,1.0155012126759808,False,False,racetrack_large,route
33,80.83699999999999,8.716961771297571,26.78425,1.0628125,1.80675,4.394575,77.0,80.89066666666666,1.0607927863223305,False,True,racetrack_large,route
34,81.3895,8.78374712785409,26.853,1.0814875000000002,1.8047499999999999,4.41325,77.5,81.54533333333333,1.0665149514440966,False,True,racetrack_large,route
35,81.89750000000001,8.798583907457491,26.5885,1.0974374999999998,1.8395000000000001,4.4292,85.0,81.98266666666666,1.0669974650737064,False,True,racetrack_large,route
36,81.6935,8.94441041083298,27.494999999999997,1.0892,1.8962500000000002,4.4209625,77.0,82.16666666666667,1.0714275323055447,False,True,racetrack_large,route
37,82.422,8.752032464612196,26.65175,1.0629624999999998,1.79975,4.394724999999999,74.5,82.44933333333333,1.0727964618978305,False,False,racetrack_large,route
38,82.355,8.9369382863786,27.161749999999998,1.08445,1.8399999999999999,4.4162125,72.0,82.456,1.0785058405630288,False,False,racetrack_large,route
39,82.523,8.83443972847678,27.50325,1.0738124999999998,1.80275,4.405575,84.0,82.752,1.0833362518609115,False,False,racetrack_large,route
40,82.31,9.122810129557369,28.141,1.1059875,1.92425,4.43775,75.5,82.75733333333334,1.1009910928762745,False,True,racetrack_large,route
41,82.34700000000001,9.143922222510424,28.1565,1.1189375000000001,1.94025,4.450699999999999,80.0,82.78,1.1171386636966933,False,True,racetrack_large,route
42,83.5455,9.20309770131816,28.613,1.1293625,1.9335,4.461125,72.0,83.428,1.1236172910744509,False,False,racetrack_large,route
43,83.0715,9.060153948829768,27.44375,1.139625,1.90525,4.4713875000000005,83.0,83.70266666666667,1.1520666718635006,False,True,racetrack_large,route
44,83.685,9.118709421515899,27.596,1.1770500000000002,1.96,4.5088124999999994,71.5,84.404,1.1669737804417135,False,True,racetrack_large,route
45,84.005,9.071768437112706,27.418750000000003,1.17235,1.93325,4.5041125,71.5,84.48266666666666,1.1695665090249188,False,False,racetrack_large,route
46,84.22800000000001,9.109294435642921,27.4955,1.173625,1.94325,4.505387499999999,85.5,84.508,1.1700750081176856,False,False,racetrack_large,route
47,84.7855,9.18038881735914,27.628,1.175675,1.931,4.5074375,81.5,84.64533333333334,1.171267394748071,False,False,racetrack_large,route
48,83.9025,9.449471917043553,28.79875,1.1744,1.9837500000000001,4.5061625,93.0,84.65066666666667,1.1885000460653437,False,False,racetrack_large,route
49,85.66149999999999,9.252243627935481,28.049999999999997,1.208475,1.97125,4.5402375,100.0,85.616,1.1947520554294264,False,True,racetrack_large,route
50,86.2225,9.257508181972234,27.76075,1.209475,1.9482499999999998,4.5412375,96.5,86.05333333333333,1.2103602772089723,False,False,racetrack_large,route
51,85.714,9.411419718575047,28.454250000000002,1.231325,2.02225,4.5630875,85.5,86.23066666666666,1.2216517532750302,False,True,racetrack_large,route
52,86.619,9.580242501969234,28.69725,1.258225,2.053,4.589987499999999,85.0,86.844,1.2685143190380408,False,True,racetrack_large,route
53,88.0735,9.708993334987113,30.031750000000002,1.2706,2.1094999999999997,4.6023625,95.5,88.80533333333334,1.2821762368907321,False,True,racetrack_large,route
54,89.298,9.839364741020079,30.17375,1.3640750000000001,2.242,4.6958375,88.0,89.79733333333333,1.365777231449449,False,True,racetrack_large,route
55,90.1275,9.889396420271588,30.261499999999998,1.390675,2.26375,4.7224375,92.5,90.46666666666667,1.3764065896895838,False,True,racetrack_large,route
56,91.5835,10.123231346400253,31.180999999999997,1.3588,2.2675,4.6905625,96.5,92.39066666666666,1.3796256370178948,False,False,racetrack_large,route
57,92.5525,10.3609311400366,32.08025,1.4421249999999999,2.384,4.7738875,100.0,93.048,1.453291457715915,False,True,racetrack_large,route
58,93.5355,10.464053948496037,32.041250000000005,1.4492375000000002,2.4050000000000002,4.781000000000001,115.5,93.88133333333333,1.4544518097958457,False,True,racetrack_large,route
59,93.655,10.475104873465586,32.2195,1.4637625,2.4379999999999997,4.795525,116.0,94.25466666666667,1.4665335232194612,False,True,racetrack_large,route
60,96.6985,10.636245609631876,32.592,1.4937125,2.42625,4.825475000000001,109.0,97.588,1.5048478011288287,False,True,racetrack_large,route
61,95.032,8.679387200169572,27.394750000000002,0.871,1.529,4.2027625,109.0,95.07866666666666,0.8537022443144778,True,False,racetrack_large,route
0,95.676,7.171579435434607,21.403750000000002,0.55705,1.05325,3.8888125000000002,62.0,95.90533333333333,0.5473339294925097,False,True,free_large,route
1,95.685,7.174803389169499,21.40775,0.5387375000000001,1.01775,3.8705,60.0,95.92666666666666,0.5479996096572384,False,False,free_large,route
2,95.6645,7.158213377454387,21.3595,0.5567500000000001,1.064,3.8885125,63.5,95.98,0.5489333264937152,False,True,free_large,route
3,97.2475,7.225846048129777,21.63125,0.5607125,1.04925,3.892475,62.5,97.004,0.5508751079384216,False,True,free_large,route
4,97.584,7.524113881641153,22.71425,0.6068125,1.1437499999999998,3.938575,74.5,97.69466666666666,0.6097630348580784,False,True,free_large,route
5,98.86949999999999,7.807792834987019,23.44725,0.696375,1.303,4.0281375,80.5,98.88533333333334,0.6779266060797549,False,True,free_large,route
6,99.2765,7.884039608918418,23.669249999999998,0.7467374999999999,1.33775,4.0785,71.5,99.28133333333334,0.7355585631508889,False,True,free_large,route
7,99.462,8.062549423087827,23.634999999999998,0.7754749999999999,1.3587500000000001,4.1072375,70.0,99.29466666666667,0.7661962104170609,False,False,free_large,route
8,99.398,8.075912441166288,23.676000000000002,0.81185,1.4085,4.1436125,70.0,99.35866666666666,0.7983658061592068,False,True,free_large,route
9,99.88900000000001,8.33136943478156,24.042,0.9060874999999999,1.5797500000000002,4.23785,79.0,99.504,0.8697949343161755,False,False,free_large,route
10,99.765,8.450761258050317,23.8095,0.9134749999999999,1.5550000000000002,4.2452375,71.5,99.87466666666667,0.9071531596903496,False,False,free_large,route
11,99.8925,8.375760835543563,23.76875,0.9171,1.6360000000000001,4.2488624999999995,64.5,100.03733333333334,0.9080722952304081,False,False,free_large,route
12,99.88499999999999,8.429875310055907,23.804000000000002,0.920325,1.58875,4.2520875,71.5,100.18533333333333,0.9131608599468949,False,False,free_large,route
13,99.6015,8.40324734449053,23.69325,0.95035,1.588,4.2821125,76.5,100.204,0.9542113100088478,False,True,free_large,route
14,100.239,8.471846824901778,23.81125,0.9636125,1.5939999999999999,4.295375,68.5,100.42133333333334,0.974748886881531,False,False,free_large,route
15,100.219,8.47529404804294,23.81675,0.9785374999999998,1.627,4.3103,67.5,100.46,0.9780176613416994,False,True,free_large,route
16,100.831,8.52991125850334,23.978250000000003,1.00035,1.608,4.332112500000001,79.5,100.892,0.9946579298103052,False,False,free_large,route
17,100.708,8.567619409803681,23.964750000000002,1.0263125,1.72775,4.3580749999999995,72.0,101.108,0.9962516042044965,False,True,free_large,route
18,100.81649999999999,8.566884083851214,24.03425,1.0211375,1.73475,4.3529,71.5,101.35333333333334,1.0040665314593318,False,False,free_large,route
19,101.154,8.513468541610145,23.859499999999997,1.0322,1.73825,4.3639624999999995,70.5,101.60266666666666,1.008978569209511,False,True,free_large,route
20,101.34299999999999,8.50323672966935,23.910249999999998,1.006775,1.631,4.338537500000001,76.5,101.652,1.0138218841585365,False,False,free_large,route
21,101.288,8.605817764324362,24.16325,1.0190125,1.65875,4.350775,65.0,101.892,1.020403418467444,False,False,free_large,route
22,101.661,8.616819697566905,24.12975,1.0190374999999998,1.678,4.3508,72.5,101.916,1.0240613751788785,False,False,free_large,route
23,101.76499999999999,8.557268621184946,23.985999999999997,1.029275,1.6582499999999998,4.3610375,68.5,101.94933333333333,1.025908009823389,False,False,free_large,route
24,101.7415,8.610785867724859,24.217,1.0485875,1.6935,4.38035,70.0,102.064,1.031903487884958,False,False,free_large,route
25,101.273,8.562698411703277,24.075499999999998,1.0511249999999999,1.71675,4.382887500000001,73.5,102.06666666666666,1.0390455376123509,False,True,free_large,route
26,101.8725,8.63296173483124,24.16975,1.03205,1.6757499999999999,4.3638125,70.0,102.208,1.0409335126744308,False,False,free_large,route
27,102.1455,8.611346196786851,24.17825,1.06215,1.7105,4.393912499999999,66.5,102.25866666666667,1.0512003467673883,False,False,free_large,route
28,102.18950000000001,8.643030329849433,24.3995,1.0685249999999997,1.7215,4.4002875,81.0,102.29866666666666,1.0549843689194902,False,False,free_large,route
29,102.0605,8.705434234852657,24.34325,1.076425,1.7295,4.4081875,82.0,102.396,1.075070873061829,False,True,free_large,route
30,102.37049999999999,8.683147440550652,24.152749999999997,1.0784999999999998,1.7275,4.4102625,69.5,102.68133333333333,1.0792931128827064,False,True,free_large,route
31,103.09049999999999,8.706943528265375,24.3305,1.0917999999999997,1.79375,4.4235625,70.0,103.33733333333333,1.0835467550929876,False,True,free_large,route
32,103.8435,8.731150293670433,24.278,1.073375,1.72025,4.4051375,69.0,103.76666666666667,1.087047416931564,False,False,free_large,route
33,103.6235,8.751838188491808,24.36675,1.0886999999999998,1.74825,4.4204625,79.5,103.864,1.096507023448732,False,False,free_large,route
34,103.8335,8.765730156181593,24.29625,1.0988875,1.759,4.43065,71.5,103.90933333333334,1.1032610428903606,False,False,free_large,route
35,103.7345,8.78997631473904,24.3365,1.1141874999999999,1.77125,4.44595,78.5,104.10933333333334,1.109772095553002,False,True,free_large,route
36,104.884,8.830070672550352,24.62425,1.1275749999999998,1.7845,4.4593375,77.0,104.63333333333334,1.1128531503802104,False,True,free_large,route
37,104.93,8.856260592681995,24.61475,1.129675,1.8010000000000002,4.4614375,73.5,104.80533333333334,1.1154066053853076,False,True,free_large,route
38,105.10900000000001,8.860162835185976,24.6875,1.1522875,1.8495,4.48405,83.0,105.09466666666667,1.1207105012479395,False,True,free_large,route
39,105.16050000000001,8.839670016453356,24.5175,1.1200125,1.7927499999999998,4.451775,74.0,105.38266666666667,1.1239092022223793,False,False,free_large,route
40,105.668,8.925244579075244,24.74275,1.1486874999999999,1.83925,4.480449999999999,64.5,105.412,1.129471684612962,False,False,free_large,route
41,105.53450000000001,8.889262389594228,24.80375,1.148225,1.8205,4.4799875,72.5,105.57466666666667,1.135183467168545,False,False,free_large,route
42,106.02799999999999,8.911125973759077,24.761499999999998,1.1684499999999998,1.8565,4.5002125,65.0,105.99066666666667,1.137479105582367,False,True,free_large,route
43,106.0285,8.962695093313123,25.308999999999997,1.1477374999999999,1.84825,4.4795,73.0,106.26666666666667,1.14227813787613,False,False,free_large,route
44,106.53800000000001,8.992212434281976,24.91525,1.1486625,1.82375,4.480424999999999,75.0,106.55733333333333,1.1590669623010155,False,False,free_large,route
45,106.925,9.03345377801659,25.061999999999998,1.1629,1.8472499999999998,4.4946625000000004,75.0,107.18666666666667,1.1654293156917634,False,False,free_large,route
46,107.51150000000001,9.071734182169129,25.277500000000003,1.1818,1.8679999999999999,4.5135625,71.5,107.39866666666667,1.1708057482830692,False,False,free_large,route
47,107.3115,9.091623557479377,25.439,1.1836625,1.873,4.5154250000000005,72.0,107.49466666666666,1.1792909031565166,False,True,free_large,route
48,107.5025,9.155730996406152,25.6025,1.2046124999999999,1.9125,4.5363750000000005,77.5,107.80933333333333,1.1974841357248054,False,True,free_large,route
49,109.501,9.291153863687885,25.710749999999997,1.233975,1.97925,4.565737499999999,67.5,109.184,1.2105719728449498,False,True,free_large,route
50,109.945,9.342254223402408,25.779249999999998,1.2348249999999998,1.987,4.5665875,68.5,109.56133333333334,1.2142852540571538,False,False,free_large,route
51,109.68299999999999,9.46220805744506,26.354,1.27125,2.0725,4.6030125,76.0,109.65466666666667,1.2227535142905857,False,True,free_large,route
52,110.412,9.490730738904418,26.425,1.24225,2.00125,4.5740125,86.0,110.104,1.2385413872577544,False,False,free_large,route
53,110.384,9.437441835459696,26.291249999999998,1.2497874999999996,2.00575,4.58155,82.5,110.92133333333334,1.271962033577529,False,False,free_large,route
54,111.1115,9.700754396667708,27.533749999999998,1.3053625,2.0795000000000003,4.637124999999999,80.0,111.42133333333334,1.3043948199975721,False,True,free_large,route
55,116.47149999999999,10.070529504306435,28.26525,1.3926749999999999,2.243,4.7244375,100.0,116.808,1.377643289530913,False,True,free_large,route
56,119.6105,10.222380041571892,28.7055,1.381825,2.224,4.713587499999999,86.5,120.62133333333334,1.3921837966594404,False,False,free_large,route
57,121.219,10.264907230469433,28.9815,1.3997249999999999,2.2714999999999996,4.7314875,111.5,121.72666666666667,1.3998687318867626,False,False,free_large,route
58,121.1665,10.312823546156617,29.48725,1.4086750000000001,2.28425,4.7404375000000005,99.5,121.73733333333334,1.404078345677412,False,False,free_large,route
59,120.68350000000001,10.194385700200073,28.097,1.419175,2.2817499999999997,4.7509375,95.0,121.74666666666667,1.4287726095859683,False,True,free_large,route
60,115.156,8.683037510311415,25.29225,0.8447125,1.53525,4.176475,73.0,115.012,0.8301778115530511,True,False,free_large,route
0,38.442499999999995,3.7126303575576522,11.6345,0.5894250000000001,1.1974999999999998,3.2959000000000005,56.0,38.08533333333333,0.5856372456395356,False,True,case_minimart_n30,route
1,38.469,3.820546811386427,11.88025,0.691525,1.3855,3.3979999999999997,56.0,38.14933333333333,0.688436152022672,False,True,case_minimart_n30,route
2,38.913,3.9110748307181002,12.020499999999998,0.7121875,1.44675,3.4186625,55.0,38.688,0.716196327017066,False,True,case_minimart_n30,route
3,38.948,3.8597707286891714,12.0105,0.7191125,1.4505,3.4255875000000002,53.0,38.778666666666666,0.72526370157224,False,True,case_minimart_n30,route
4,39.010999999999996,3.870384628170892,12.03075,0.7260125,1.46425,3.4324875,57.5,38.792,0.7329032210629289,False,True,case_minimart_n30,route
5,39.137,3.9232078138768696,12.097249999999999,0.7273,1.4545,3.433775,53.0,38.948,0.7487309049645432,False,True,case_minimart_n30,route
6,39.150999999999996,3.909258647112792,12.06175,0.738325,1.47475,3.4448,58.0,39.010666666666665,0.7505656399688512,False,True,case_minimart_n30,route
7,39.5445,3.9527752074070603,12.28725,0.7623625,1.5387499999999998,3.4688375000000002,61.0,39.12,0.7705285406093976,False,False,case_minimart_n30,route
8,39.492999999999995,3.9458111187448917,12.149750000000001,0.7674000000000001,1.4762499999999998,3.473875,60.5,39.157333333333334,0.7836921767811209,False,True,case_minimart_n30,route
9,39.8455,4.09391852648551,12.35725,0.7858375,1.652,3.4923125,63.5,39.36266666666667,0.7983897724973943,False,False,case_minimart_n30,route
10,39.835499999999996,4.062231034501492,12.38325,0.7953,1.6320000000000001,3.5017750000000003,63.5,39.508,0.8082129716494408,False,True,case_minimart_n30,route
11,39.935,4.090795549821882,12.20125,0.81715,1.65975,3.523625,59.0,39.56133333333333,0.823397218559932,False,True,case_minimart_n30,route
12,39.951499999999996,4.085696909179838,12.369250000000001,0.8115875000000001,1.6597499999999998,3.5180625,59.0,39.678666666666665,0.8255751978016492,False,False,case_minimart_n30,route
13,40.4695,4.1658719547813305,12.672,0.8504125,1.7857500000000002,3.5568875,60.5,39.72266666666667,0.8405807104887435,False,False,case_minimart_n30,route
14,40.323499999999996,4.162592631918117,12.4925,0.8476875,1.7782499999999999,3.5541625000000003,66.0,39.79333333333334,0.847017884718186,False,True,case_minimart_n30,route
15,40.4415,4.180789989595848,12.529,0.8643875,1.8045,3.5708624999999996,58.5,39.94,0.8614572928677265,False,True,case_minimart_n30,route
16,40.4535,4.135839335067407,12.645,0.8792125000000001,1.7897500000000002,3.5856874999999997,60.0,40.004,0.8675977224832676,False,True,case_minimart_n30,route
17,40.724000000000004,4.142437694274065,12.41175,0.8748374999999999,1.75625,3.5813124999999997,63.5,40.28933333333333,0.8758525403083992,False,False,case_minimart_n30,route
18,40.737,4.1810556862100325,12.63325,0.88605,1.76725,3.592525,60.5,40.372,0.8762081829849991,False,True,case_minimart_n30,route
19,40.7245,4.194561773552053,12.7475,0.8673,1.7835,3.5737750000000004,57.0,40.392,0.897511209866024,False,False,case_minimart_n30,route
20,40.9245,4.231688967797531,12.85925,0.9119875,1.8595,3.6184625000000006,59.0,40.768,0.9334955518348896,False,True,case_minimart_n30,route
21,41.751,4.299870892037317,13.156,0.9501625,1.9615,3.6566374999999995,66.5,41.281333333333336,0.9335660914278587,False,True,case_minimart_n30,route
22,41.7405,4.317153949435224,13.13825,0.9378625,1.9332500000000001,3.6443375,63.5,41.282666666666664,0.942275427015105,False,True,case_minimart_n30,route
23,41.896,4.339031378904313,13.2205,0.9501499999999999,1.9605000000000001,3.656625,60.0,41.448,0.9563296593445106,False,False,case_minimart_n30,route
24,42.032,4.335603941975128,13.252749999999999,0.9560625,1.97125,3.6625375,65.5,41.564,0.9571760103002465,False,True,case_minimart_n30,route
25,42.299499999999995,4.314725831956973,13.01325,0.9481375,1.911,3.6546125,60.0,41.936,0.9573268717301299,False,False,case_minimart_n30,route
26,43.0225,4.3857290774230275,13.2375,0.9728500000000001,2.02125,3.679325,64.5,42.528,0.9744371602033752,False,True,case_minimart_n30,route
27,43.6745,4.377246035269112,13.4495,0.9929625000000001,2.04725,3.6994375,67.5,43.052,0.9783989911028154,False,False,case_minimart_n30,route
28,43.6065,4.462238767360692,13.671,1.012725,2.1285,3.7192,71.0,43.14666666666667,1.0156229865195958,False,True,case_minimart_n30,route
29,43.611000000000004,4.464096405459456,13.654,1.02355,2.1315,3.7300250000000004,68.0,43.17066666666667,1.0310030036059137,False,True,case_minimart_n30,route
30,43.628,4.494105691863882,13.6345,1.0452124999999999,2.1675,3.7516875,70.0,43.36533333333333,1.0421551040536263,False,True,case_minimart_n30,route
31,43.644499999999994,4.493130282153498,13.62875,1.0547625,2.18925,3.7612374999999996,66.0,43.396,1.042467667764565,False,True,case_minimart_n30,route
32,43.900000000000006,4.485410814424243,13.729,1.03595,2.15125,3.742425,67.5,43.529333333333334,1.044943667646578,False,False,case_minimart_n30,route
33,44.197,4.494751427511828,13.686,1.027775,2.126,3.7342500000000003,69.5,43.81066666666667,1.0496000700686023,False,False,case_minimart_n30,route
34,44.272000000000006,4.505954940797261,13.8025,1.0542,2.1782500000000002,3.760675,66.0,43.888,1.052045463193953,False,False,case_minimart_n30,route
35,41.837500000000006,4.0067701274520635,12.442250000000001,0.7092,1.498,3.4156750000000002,63.0,41.292,0.7114438684438683,True,False,case_minimart_n30,route
