rep,distance_m,trip_time_min,exposed_slots,impulse_revenue,impulse_items,basket_value,congestion_cells,planned_items,plan,instance
0,29.072666666666667,2.9596233856155245,9.547333333333333,0.6974333333333333,1.566,2.94895,40,5.073,Hiện trạng,grid_small
1,29.044666666666668,2.9811901187367598,9.579,0.6491166666666667,1.4566666666666668,2.9304166666666664,41,5.127,Hiện trạng,grid_small
2,29.036,2.964597176220776,9.608333333333333,0.6644,1.493,2.930183333333333,40,5.0986666666666665,Hiện trạng,grid_small
3,29.130666666666666,2.97613261543911,9.568333333333333,0.6883,1.542,2.9271666666666665,42,5.039,Hiện trạng,grid_small
4,29.097333333333335,2.9557676090133014,9.542,0.6816333333333332,1.5253333333333334,2.9103833333333338,45,5.014333333333333,Hiện trạng,grid_small
5,29.02466666666667,2.9386689391697014,9.497666666666667,0.6757166666666667,1.5173333333333334,2.893,41,4.992666666666667,Hiện trạng,grid_small
6,29.1,2.953565195041387,9.593,0.6585333333333333,1.464,2.9179000000000004,46,5.0713333333333335,Hiện trạng,grid_small
7,29.129333333333335,2.941538261011103,9.601,0.6720333333333333,1.506,2.941133333333333,43,5.108333333333333,Hiện trạng,grid_small
8,28.857333333333333,2.8870457059821746,9.391666666666667,0.67455,1.5133333333333334,2.8657,46,4.933333333333334,Hiện trạng,grid_small
9,28.891333333333332,2.9362077917547675,9.478333333333333,0.6782833333333333,1.5243333333333333,2.9012833333333328,41,5.013,Hiện trạng,grid_small
10,29.06,2.9547407300859403,9.577,0.6778833333333334,1.5203333333333333,2.9225500000000006,44,5.045,Hiện trạng,grid_small
11,28.931333333333335,2.921885997853209,9.447333333333333,0.6743666666666667,1.5073333333333334,2.8806833333333333,48,4.957666666666666,Hiện trạng,grid_small
12,29.24,2.9908897097884464,9.675666666666666,0.6922666666666667,1.5556666666666668,2.9671833333333333,48,5.11,Hiện trạng,grid_small
13,29.126666666666665,2.9600663287809716,9.525333333333334,0.66045,1.485,2.9237333333333337,39,5.076,Hiện trạng,grid_small
14,28.990666666666666,2.9520830202498898,9.530666666666667,0.68975,1.5493333333333332,2.921383333333333,42,5.022,Hiện trạng,grid_small
15,29.094,2.9710800074928945,9.626666666666667,0.6936000000000001,1.5496666666666667,2.9686666666666666,45,5.126,Hiện trạng,grid_small
16,28.984,2.926242409119094,9.489666666666666,0.68925,1.543,2.9178666666666664,45,4.998,Hiện trạng,grid_small
17,29.132,2.9641780814261485,9.598333333333333,0.6921166666666666,1.544,2.9523499999999996,43,5.077333333333334,Hiện trạng,grid_small
18,28.988,2.948536178460591,9.498666666666667,0.67235,1.514,2.914183333333333,44,5.044333333333333,Hiện trạng,grid_small
19,29.062666666666665,2.9448646717821854,9.528666666666666,0.69055,1.5516666666666667,2.9293666666666667,47,5.032,Hiện trạng,grid_small
20,29.162,2.961792839671982,9.566333333333333,0.6963833333333334,1.5576666666666668,2.9469666666666665,48,5.061333333333334,Hiện trạng,grid_small
21,29.176666666666666,3.0054216117748656,9.672333333333333,0.7001333333333334,1.5656666666666668,2.9885333333333333,46,5.153666666666667,Hiện trạng,grid_small
22,29.137333333333334,2.9708919057542627,9.558,0.6863833333333333,1.5373333333333334,2.9443499999999996,44,5.064333333333333,Hiện trạng,grid_small
23,29.096,2.980098899297123,9.591333333333333,0.6779499999999999,1.522,2.9451166666666673,39,5.099,Hiện trạng,grid_small
24,29.058666666666667,2.9490244302485795,9.528666666666666,0.6906666666666667,1.54,2.9338499999999996,48,5.041666666666667,Hiện trạng,grid_small
25,29.028,2.9614679186738013,9.586666666666666,0.6806666666666666,1.529,2.9275999999999995,39,5.048,Hiện trạng,grid_small
26,29.32,2.9963941958524223,9.685333333333332,0.6830833333333334,1.5236666666666667,2.9763499999999996,44,5.137333333333333,Hiện trạng,grid_small
27,28.957333333333334,2.9296930650858437,9.500333333333334,0.6859333333333333,1.534,2.9084666666666665,44,4.995666666666667,Hiện trạng,grid_small
28,29.042,2.938490378878133,9.531333333333333,0.6903166666666668,1.549,2.901716666666667,41,4.9783333333333335,Hiện trạng,grid_small
29,28.959333333333333,2.9328779088210952,9.504333333333333,0.6845166666666668,1.5323333333333333,2.9239666666666664,41,5.041666666666667,Hiện trạng,grid_small
0,29.186666666666667,2.717074564239645,8.073,0.45894999999999997,0.993,2.7104666666666666,47,5.073,Tiện lợi – theo mô hình,grid_small
1,29.431333333333335,2.7685371657366424,8.205333333333334,0.4863166666666666,1.0436666666666667,2.7676166666666666,42,5.127,Tiện lợi – theo mô hình,grid_small
2,29.195333333333334,2.7450206008404154,8.137,0.4779,1.0266666666666666,2.7436833333333337,42,5.0986666666666665,Tiện lợi – theo mô hình,grid_small
3,29.248666666666665,2.7408492467621848,8.126666666666667,0.49201666666666666,1.045,2.7308833333333333,39,5.039,Tiện lợi – theo mô hình,grid_small
4,29.091333333333335,2.7168775004315315,8.047333333333333,0.47245000000000004,1.0133333333333334,2.7012,43,5.014333333333333,Tiện lợi – theo mô hình,grid_small
5,29.002,2.7013200280194227,8.021666666666667,0.47509999999999997,1.0226666666666666,2.6923833333333334,40,4.992666666666667,Tiện lợi – theo mô hình,grid_small
6,29.316,2.743237569414975,8.137333333333334,0.4707833333333333,1.0143333333333333,2.73015,42,5.0713333333333335,Tiện lợi – theo mô hình,grid_small
7,29.324666666666666,2.7439404753302927,8.185333333333332,0.4992166666666667,1.0696666666666668,2.7683166666666668,39,5.108333333333333,Tiện lợi – theo mô hình,grid_small
8,28.815333333333335,2.6715532815443574,7.935,0.47486666666666666,1.0283333333333333,2.6660166666666667,41,4.933333333333334,Tiện lợi – theo mô hình,grid_small
9,28.983333333333334,2.730322132444235,8.056666666666667,0.4841833333333333,1.0396666666666667,2.707183333333333,45,5.013,Tiện lợi – theo mô hình,grid_small
10,29.178,2.7326501167124175,8.082666666666666,0.47636666666666666,1.0233333333333334,2.7210333333333336,42,5.045,Tiện lợi – theo mô hình,grid_small
11,28.953333333333333,2.6927482752026015,7.977333333333333,0.47595000000000004,1.024,2.682266666666667,44,4.957666666666666,Tiện lợi – theo mô hình,grid_small
12,29.199333333333332,2.749360071327287,8.117,0.46335000000000004,0.9963333333333333,2.7382666666666666,45,5.11,Tiện lợi – theo mô hình,grid_small
13,29.182,2.7394582523924766,8.086666666666666,0.4695,1.0106666666666666,2.732783333333333,49,5.076,Tiện lợi – theo mô hình,grid_small
14,29.114,2.722658936409263,8.063666666666666,0.47093333333333326,1.011,2.702566666666667,44,5.022,Tiện lợi – theo mô hình,grid_small
15,29.28,2.752316675195353,8.167,0.4905999999999999,1.0576666666666668,2.7656666666666667,50,5.126,Tiện lợi – theo mô hình,grid_small
16,29.084666666666667,2.7058848840577454,8.039666666666667,0.4622666666666667,0.99,2.6908833333333333,41,4.998,Tiện lợi – theo mô hình,grid_small
17,29.312666666666665,2.742048386482291,8.166333333333334,0.4878833333333334,1.0446666666666666,2.7481166666666668,41,5.077333333333334,Tiện lợi – theo mô hình,grid_small
18,29.170666666666666,2.740612420441338,8.116666666666667,0.4776333333333333,1.0223333333333333,2.7194666666666665,41,5.044333333333333,Tiện lợi – theo mô hình,grid_small
19,29.086666666666666,2.7092859881793387,8.028666666666666,0.4620333333333333,0.9936666666666667,2.7008500000000004,41,5.032,Tiện lợi – theo mô hình,grid_small
20,29.190666666666665,2.733228054903563,8.151,0.48311666666666664,1.0383333333333333,2.7337000000000002,41,5.061333333333334,Tiện lợi – theo mô hình,grid_small
21,29.47,2.772503520324899,8.231333333333334,0.48476666666666673,1.044,2.7731666666666666,43,5.153666666666667,Tiện lợi – theo mô hình,grid_small
22,29.277333333333335,2.7395688264227767,8.159,0.47883333333333333,1.031,2.7368000000000006,42,5.064333333333333,Tiện lợi – theo mô hình,grid_small
23,29.27,2.7514316234017353,8.139,0.4816833333333333,1.0333333333333334,2.7488499999999996,44,5.099,Tiện lợi – theo mô hình,grid_small
24,29.368,2.736462256198113,8.151666666666667,0.5000166666666667,1.0716666666666668,2.7432000000000003,43,5.041666666666667,Tiện lợi – theo mô hình,grid_small
25,29.241333333333333,2.7345690899129096,8.119,0.47705000000000003,1.0253333333333334,2.7239833333333334,43,5.048,Tiện lợi – theo mô hình,grid_small
26,29.347333333333335,2.767161407451577,8.166666666666666,0.47936666666666666,1.0346666666666666,2.7726333333333333,47,5.137333333333333,Tiện lợi – theo mô hình,grid_small
27,28.919333333333334,2.6980564884581955,8.035333333333334,0.4719333333333333,1.0193333333333334,2.694466666666667,45,4.995666666666667,Tiện lợi – theo mô hình,grid_small
28,29.091333333333335,2.7030824469074495,8.017333333333333,0.46881666666666666,1.0103333333333333,2.6802166666666665,42,4.9783333333333335,Tiện lợi – theo mô hình,grid_small
29,29.104666666666667,2.7084905108569033,8.052,0.4794,1.0363333333333333,2.71885,43,5.041666666666667,Tiện lợi – theo mô hình,grid_small
0,29.186666666666667,2.717074564239645,8.073,0.45894999999999997,0.993,2.7104666666666666,47,5.073,Tiện lợi – chọn bằng mô phỏng,grid_small
1,29.431333333333335,2.7685371657366424,8.205333333333334,0.4863166666666666,1.0436666666666667,2.7676166666666666,42,5.127,Tiện lợi – chọn bằng mô phỏng,grid_small
2,29.195333333333334,2.7450206008404154,8.137,0.4779,1.0266666666666666,2.7436833333333337,42,5.0986666666666665,Tiện lợi – chọn bằng mô phỏng,grid_small
3,29.248666666666665,2.7408492467621848,8.126666666666667,0.49201666666666666,1.045,2.7308833333333333,39,5.039,Tiện lợi – chọn bằng mô phỏng,grid_small
4,29.091333333333335,2.7168775004315315,8.047333333333333,0.47245000000000004,1.0133333333333334,2.7012,43,5.014333333333333,Tiện lợi – chọn bằng mô phỏng,grid_small
5,29.002,2.7013200280194227,8.021666666666667,0.47509999999999997,1.0226666666666666,2.6923833333333334,40,4.992666666666667,Tiện lợi – chọn bằng mô phỏng,grid_small
6,29.316,2.743237569414975,8.137333333333334,0.4707833333333333,1.0143333333333333,2.73015,42,5.0713333333333335,Tiện lợi – chọn bằng mô phỏng,grid_small
7,29.324666666666666,2.7439404753302927,8.185333333333332,0.4992166666666667,1.0696666666666668,2.7683166666666668,39,5.108333333333333,Tiện lợi – chọn bằng mô phỏng,grid_small
8,28.815333333333335,2.6715532815443574,7.935,0.47486666666666666,1.0283333333333333,2.6660166666666667,41,4.933333333333334,Tiện lợi – chọn bằng mô phỏng,grid_small
9,28.983333333333334,2.730322132444235,8.056666666666667,0.4841833333333333,1.0396666666666667,2.707183333333333,45,5.013,Tiện lợi – chọn bằng mô phỏng,grid_small
10,29.178,2.7326501167124175,8.082666666666666,0.47636666666666666,1.0233333333333334,2.7210333333333336,42,5.045,Tiện lợi – chọn bằng mô phỏng,grid_small
11,28.953333333333333,2.6927482752026015,7.977333333333333,0.47595000000000004,1.024,2.682266666666667,44,4.957666666666666,Tiện lợi – chọn bằng mô phỏng,grid_small
12,29.199333333333332,2.749360071327287,8.117,0.46335000000000004,0.9963333333333333,2.7382666666666666,45,5.11,Tiện lợi – chọn bằng mô phỏng,grid_small
13,29.182,2.7394582523924766,8.086666666666666,0.4695,1.0106666666666666,2.732783333333333,49,5.076,Tiện lợi – chọn bằng mô phỏng,grid_small
14,29.114,2.722658936409263,8.063666666666666,0.47093333333333326,1.011,2.702566666666667,44,5.022,Tiện lợi – chọn bằng mô phỏng,grid_small
15,29.28,2.752316675195353,8.167,0.4905999999999999,1.0576666666666668,2.7656666666666667,50,5.126,Tiện lợi – chọn bằng mô phỏng,grid_small
16,29.084666666666667,2.7058848840577454,8.039666666666667,0.4622666666666667,0.99,2.6908833333333333,41,4.998,Tiện lợi – chọn bằng mô phỏng,grid_small
17,29.312666666666665,2.742048386482291,8.166333333333334,0.4878833333333334,1.0446666666666666,2.7481166666666668,41,5.077333333333334,Tiện lợi – chọn bằng mô phỏng,grid_small
18,29.170666666666666,2.740612420441338,8.116666666666667,0.4776333333333333,1.0223333333333333,2.7194666666666665,41,5.044333333333333,Tiện lợi – chọn bằng mô phỏng,grid_small
19,29.086666666666666,2.7092859881793387,8.028666666666666,0.4620333333333333,0.9936666666666667,2.7008500000000004,41,5.032,Tiện lợi – chọn bằng mô phỏng,grid_small
20,29.190666666666665,2.733228054903563,8.151,0.48311666666666664,1.0383333333333333,2.7337000000000002,41,5.061333333333334,Tiện lợi – chọn bằng mô phỏng,grid_small
21,29.47,2.772503520324899,8.231333333333334,0.48476666666666673,1.044,2.7731666666666666,43,5.153666666666667,Tiện lợi – chọn bằng mô phỏng,grid_small
22,29.277333333333335,2.7395688264227767,8.159,0.47883333333333333,1.031,2.7368000000000006,42,5.064333333333333,Tiện lợi – chọn bằng mô phỏng,grid_small
23,29.27,2.7514316234017353,8.139,0.4816833333333333,1.0333333333333334,2.7488499999999996,44,5.099,Tiện lợi – chọn bằng mô phỏng,grid_small
24,29.368,2.736462256198113,8.151666666666667,0.5000166666666667,1.0716666666666668,2.7432000000000003,43,5.041666666666667,Tiện lợi – chọn bằng mô phỏng,grid_small
25,29.241333333333333,2.7345690899129096,8.119,0.47705000000000003,1.0253333333333334,2.7239833333333334,43,5.048,Tiện lợi – chọn bằng mô phỏng,grid_small
26,29.347333333333335,2.767161407451577,8.166666666666666,0.47936666666666666,1.0346666666666666,2.7726333333333333,47,5.137333333333333,Tiện lợi – chọn bằng mô phỏng,grid_small
27,28.919333333333334,2.6980564884581955,8.035333333333334,0.4719333333333333,1.0193333333333334,2.694466666666667,45,4.995666666666667,Tiện lợi – chọn bằng mô phỏng,grid_small
28,29.091333333333335,2.7030824469074495,8.017333333333333,0.46881666666666666,1.0103333333333333,2.6802166666666665,42,4.9783333333333335,Tiện lợi – chọn bằng mô phỏng,grid_small
29,29.104666666666667,2.7084905108569033,8.052,0.4794,1.0363333333333333,2.71885,43,5.041666666666667,Tiện lợi – chọn bằng mô phỏng,grid_small
0,28.4,2.796863339256174,8.379333333333333,0.5683,1.2246666666666666,2.819816666666667,50,5.073,Tiện lợi – tinh chỉnh,grid_small
1,28.637333333333334,2.854557169832675,8.521666666666667,0.56365,1.217,2.8449500000000003,43,5.127,Tiện lợi – tinh chỉnh,grid_small
2,28.505333333333333,2.8264395300720158,8.469333333333333,0.5656666666666667,1.2276666666666667,2.8314500000000002,41,5.0986666666666665,Tiện lợi – tinh chỉnh,grid_small
3,28.536,2.8265048037005216,8.413,0.5775333333333333,1.246,2.8164000000000002,38,5.039,Tiện lợi – tinh chỉnh,grid_small
4,28.397333333333332,2.7908315877626944,8.351666666666667,0.5469666666666667,1.183,2.7757166666666664,41,5.014333333333333,Tiện lợi – tinh chỉnh,grid_small
5,28.319333333333333,2.773587069550105,8.315666666666667,0.56135,1.214,2.778633333333334,47,4.992666666666667,Tiện lợi – tinh chỉnh,grid_small
6,28.398666666666667,2.805370333625084,8.417,0.5458833333333334,1.1806666666666668,2.80525,43,5.0713333333333335,Tiện lợi – tinh chỉnh,grid_small
7,28.514,2.8127954737977117,8.454,0.5541666666666667,1.1943333333333332,2.8232666666666666,44,5.108333333333333,Tiện lợi – tinh chỉnh,grid_small
8,28.12,2.736342690369987,8.261666666666667,0.5483333333333333,1.1896666666666667,2.7394833333333337,49,4.933333333333334,Tiện lợi – tinh chỉnh,grid_small
9,28.248666666666665,2.794680664603556,8.32,0.54745,1.1823333333333332,2.7704500000000003,38,5.013,Tiện lợi – tinh chỉnh,grid_small
10,28.407333333333334,2.7992542036820485,8.391666666666667,0.5586166666666668,1.202,2.803283333333333,39,5.045,Tiện lợi – tinh chỉnh,grid_small
11,28.182,2.766526488778579,8.291,0.5525833333333333,1.1966666666666668,2.7589,44,4.957666666666666,Tiện lợi – tinh chỉnh,grid_small
12,28.534666666666666,2.8266890973030794,8.421333333333333,0.55435,1.1996666666666667,2.8292666666666664,43,5.11,Tiện lợi – tinh chỉnh,grid_small
13,28.447333333333333,2.8131548449107706,8.386333333333333,0.5502166666666666,1.1833333333333333,2.8135,38,5.076,Tiện lợi – tinh chỉnh,grid_small
14,28.360666666666667,2.8022429363657775,8.354,0.5502,1.1973333333333334,2.781833333333333,41,5.022,Tiện lợi – tinh chỉnh,grid_small
15,28.500666666666667,2.8116775908223475,8.455666666666668,0.5618166666666666,1.213,2.836883333333333,39,5.126,Tiện lợi – tinh chỉnh,grid_small
16,28.296666666666667,2.773006681514108,8.305666666666667,0.5410666666666667,1.1676666666666666,2.769683333333333,41,4.998,Tiện lợi – tinh chỉnh,grid_small
17,28.559333333333335,2.823423649440671,8.482,0.5606,1.2133333333333334,2.8208333333333333,47,5.077333333333334,Tiện lợi – tinh chỉnh,grid_small
18,28.328,2.8024380125144854,8.363666666666667,0.5623833333333333,1.2106666666666666,2.804216666666667,39,5.044333333333333,Tiện lợi – tinh chỉnh,grid_small
19,28.35,2.7932096759590572,8.369666666666667,0.5608500000000001,1.2133333333333334,2.7996666666666665,46,5.032,Tiện lợi – tinh chỉnh,grid_small
20,28.55,2.824638255286342,8.454666666666666,0.57465,1.244,2.825233333333333,39,5.061333333333334,Tiện lợi – tinh chỉnh,grid_small
21,28.597333333333335,2.841654895784573,8.493666666666666,0.5494666666666667,1.1853333333333333,2.8378666666666668,45,5.153666666666667,Tiện lợi – tinh chỉnh,grid_small
22,28.43,2.8154407355442674,8.417666666666667,0.5347666666666666,1.1583333333333334,2.7927333333333335,44,5.064333333333333,Tiện lợi – tinh chỉnh,grid_small
23,28.48,2.8165367504157546,8.402,0.5361833333333333,1.162,2.8033499999999996,40,5.099,Tiện lợi – tinh chỉnh,grid_small
24,28.586666666666666,2.801439628832547,8.400666666666666,0.5547666666666667,1.1956666666666667,2.7979499999999997,39,5.041666666666667,Tiện lợi – tinh chỉnh,grid_small
25,28.467333333333332,2.8153280346937724,8.439,0.5648666666666667,1.2213333333333334,2.8118000000000003,42,5.048,Tiện lợi – tinh chỉnh,grid_small
26,28.589333333333332,2.847521776241869,8.505666666666666,0.5597666666666666,1.2156666666666667,2.8530333333333333,51,5.137333333333333,Tiện lợi – tinh chỉnh,grid_small
27,28.236666666666668,2.764623575267193,8.285333333333334,0.5465333333333334,1.1766666666666667,2.769066666666667,42,4.995666666666667,Tiện lợi – tinh chỉnh,grid_small
28,28.309333333333335,2.7821519757671505,8.358,0.5538666666666666,1.2013333333333334,2.7652666666666663,40,4.9783333333333335,Tiện lợi – tinh chỉnh,grid_small
29,28.316,2.7761397895990303,8.336333333333334,0.5534833333333333,1.1993333333333334,2.792933333333333,38,5.041666666666667,Tiện lợi – tinh chỉnh,grid_small
0,29.926,2.870014584457391,8.305333333333333,0.5834833333333334,1.29,2.835,43,5.073,Cân bằng – theo mô hình,grid_small
1,29.994666666666667,2.9032186634063666,8.344,0.5693833333333334,1.2576666666666667,2.850683333333334,41,5.127,Cân bằng – theo mô hình,grid_small
2,29.978666666666665,2.8708629490937363,8.271,0.5670333333333333,1.2446666666666666,2.832816666666667,37,5.0986666666666665,Cân bằng – theo mô hình,grid_small
3,30.014666666666667,2.854815725418242,8.219,0.5821999999999999,1.2813333333333334,2.821066666666667,44,5.039,Cân bằng – theo mô hình,grid_small
4,29.900666666666666,2.858955136343346,8.265666666666666,0.58595,1.2936666666666667,2.8147,40,5.014333333333333,Cân bằng – theo mô hình,grid_small
5,29.886,2.8427150509476693,8.187,0.5658166666666666,1.25,2.7830999999999997,45,4.992666666666667,Cân bằng – theo mô hình,grid_small
6,30.005333333333333,2.854477906523621,8.252333333333333,0.55545,1.2303333333333333,2.8148166666666667,40,5.0713333333333335,Cân bằng – theo mô hình,grid_small
7,30.215333333333334,2.8750649923666916,8.375,0.5893166666666667,1.2923333333333333,2.858416666666667,46,5.108333333333333,Cân bằng – theo mô hình,grid_small
8,29.661333333333335,2.797376208072561,8.066333333333333,0.5576333333333333,1.2316666666666667,2.7487833333333334,39,4.933333333333334,Cân bằng – theo mô hình,grid_small
9,29.874,2.876620031234152,8.265,0.5792166666666667,1.272,2.8022166666666672,43,5.013,Cân bằng – theo mô hình,grid_small
10,29.986,2.872948924906597,8.267333333333333,0.5698166666666666,1.2526666666666666,2.814483333333333,44,5.045,Cân bằng – theo mô hình,grid_small
11,29.74266666666667,2.8238007998448857,8.137666666666666,0.5722833333333333,1.2596666666666667,2.7786,42,4.957666666666666,Cân bằng – theo mô hình,grid_small
12,29.96066666666667,2.8833176611907185,8.288,0.5610999999999999,1.234,2.836016666666667,40,5.11,Cân bằng – theo mô hình,grid_small
13,29.842666666666666,2.8713918509520107,8.241333333333333,0.5779166666666666,1.2733333333333334,2.8411999999999997,47,5.076,Cân bằng – theo mô hình,grid_small
14,29.850666666666665,2.8582697149445595,8.225333333333333,0.5963666666666666,1.3063333333333333,2.828,36,5.022,Cân bằng – theo mô hình,grid_small
15,30.168,2.878296247159965,8.351,0.5820166666666666,1.2776666666666667,2.857083333333333,41,5.126,Cân bằng – theo mô hình,grid_small
16,29.9,2.8362827187620328,8.223,0.5636666666666666,1.2466666666666666,2.792283333333333,42,4.998,Cân bằng – theo mô hình,grid_small
17,30.044666666666668,2.8586584258408716,8.281,0.5745333333333333,1.2636666666666667,2.8347666666666664,39,5.077333333333334,Cân bằng – theo mô hình,grid_small
18,30.049333333333333,2.8817954749606747,8.316666666666666,0.59285,1.303,2.834683333333333,41,5.044333333333333,Cân bằng – theo mô hình,grid_small
19,29.82133333333333,2.8567641509864963,8.228,0.5905166666666667,1.302,2.8293333333333335,52,5.032,Cân bằng – theo mô hình,grid_small
20,30.04,2.8596495939140736,8.256666666666666,0.5758500000000001,1.267,2.826433333333333,40,5.061333333333334,Cân bằng – theo mô hình,grid_small
21,30.133333333333333,2.9012502578296044,8.359333333333334,0.5821833333333333,1.2803333333333333,2.8705833333333333,47,5.153666666666667,Cân bằng – theo mô hình,grid_small
22,29.974666666666668,2.868939596576695,8.250333333333334,0.5719833333333334,1.2556666666666667,2.8299500000000006,41,5.064333333333333,Cân bằng – theo mô hình,grid_small
23,30.009333333333334,2.887964787864622,8.334,0.5808666666666666,1.2866666666666666,2.8480333333333334,41,5.099,Cân bằng – theo mô hình,grid_small
24,30.021333333333335,2.863955467402588,8.294666666666666,0.5784333333333334,1.2773333333333334,2.821616666666666,41,5.041666666666667,Cân bằng – theo mô hình,grid_small
25,29.914,2.8483645880907824,8.227333333333334,0.5588000000000001,1.2306666666666666,2.805733333333333,42,5.048,Cân bằng – theo mô hình,grid_small
26,30.07,2.897336910483076,8.301666666666666,0.5688666666666666,1.2536666666666667,2.8621333333333334,39,5.137333333333333,Cân bằng – theo mô hình,grid_small
27,29.847333333333335,2.830378455977146,8.219666666666667,0.56945,1.254,2.7919833333333335,47,4.995666666666667,Cân bằng – theo mô hình,grid_small
28,29.748666666666665,2.8331347142035845,8.197,0.5743,1.262,2.7857000000000003,42,4.9783333333333335,Cân bằng – theo mô hình,grid_small
29,29.92866666666667,2.8477427474917336,8.224666666666666,0.5768,1.2643333333333333,2.81625,34,5.041666666666667,Cân bằng – theo mô hình,grid_small
0,31.423333333333332,3.1131189050158623,9.735666666666667,0.7941333333333332,1.7893333333333334,3.04565,53,5.073,Cân bằng – chọn bằng mô phỏng,grid_small
1,31.516666666666666,3.13784053523979,9.696666666666667,0.7648666666666666,1.7156666666666667,3.0461666666666667,51,5.127,Cân bằng – chọn bằng mô phỏng,grid_small
2,31.47533333333333,3.1194780813144583,9.712,0.76695,1.7313333333333334,3.0327333333333337,45,5.0986666666666665,Cân bằng – chọn bằng mô phỏng,grid_small
3,31.423333333333332,3.105755721538397,9.683,0.7886333333333334,1.773,3.0275,55,5.039,Cân bằng – chọn bằng mô phỏng,grid_small
4,31.366,3.0990467719964605,9.668333333333333,0.7930166666666667,1.7736666666666667,3.0217666666666663,50,5.014333333333333,Cân bằng – chọn bằng mô phỏng,grid_small
5,31.327333333333332,3.084625476637967,9.618,0.7915166666666665,1.7816666666666667,3.0088000000000004,57,4.992666666666667,Cân bằng – chọn bằng mô phỏng,grid_small
6,31.408,3.112596875207918,9.717,0.79625,1.7876666666666667,3.0556166666666673,43,5.0713333333333335,Cân bằng – chọn bằng mô phỏng,grid_small
7,31.518,3.0962628879531584,9.707333333333333,0.7722333333333334,1.741,3.041333333333333,53,5.108333333333333,Cân bằng – chọn bằng mô phỏng,grid_small
8,31.152,3.0449711234683963,9.451666666666666,0.7646,1.7336666666666667,2.95575,56,4.933333333333334,Cân bằng – chọn bằng mô phỏng,grid_small
9,31.426666666666666,3.097630952321085,9.617,0.7807166666666665,1.758,3.003716666666667,56,5.013,Cân bằng – chọn bằng mô phỏng,grid_small
10,31.36,3.1188569262052632,9.675666666666666,0.7989666666666665,1.7943333333333333,3.0436333333333336,55,5.045,Cân bằng – chọn bằng mô phỏng,grid_small
11,31.22533333333333,3.0586459065008365,9.571666666666667,0.7716000000000001,1.7386666666666666,2.9779166666666668,50,4.957666666666666,Cân bằng – chọn bằng mô phỏng,grid_small
12,31.371333333333332,3.1337950532232215,9.736,0.7970666666666666,1.7903333333333333,3.071983333333333,51,5.11,Cân bằng – chọn bằng mô phỏng,grid_small
13,31.324,3.1198967060474234,9.664666666666667,0.7652666666666668,1.727,3.02855,44,5.076,Cân bằng – chọn bằng mô phỏng,grid_small
14,31.304666666666666,3.098422605405655,9.586666666666666,0.7744666666666667,1.7443333333333333,3.0060999999999996,51,5.022,Cân bằng – chọn bằng mô phỏng,grid_small
15,31.516,3.1108774714553706,9.741,0.7849666666666666,1.7723333333333333,3.0600333333333327,55,5.126,Cân bằng – chọn bằng mô phỏng,grid_small
16,31.299333333333333,3.0694210069915076,9.565666666666667,0.7765166666666667,1.7426666666666666,3.0051333333333337,54,4.998,Cân bằng – chọn bằng mô phỏng,grid_small
17,31.39,3.11315664043147,9.725666666666667,0.8024333333333332,1.809,3.062666666666667,49,5.077333333333334,Cân bằng – chọn bằng mô phỏng,grid_small
18,31.446,3.1167345591869333,9.699666666666667,0.7809166666666667,1.7583333333333333,3.02275,46,5.044333333333333,Cân bằng – chọn bằng mô phỏng,grid_small
19,31.358,3.0893967878662263,9.662,0.7773333333333333,1.7583333333333333,3.01615,57,5.032,Cân bằng – chọn bằng mô phỏng,grid_small
20,31.354666666666667,3.101801924249831,9.657,0.7812666666666666,1.762,3.0318500000000004,53,5.061333333333334,Cân bằng – chọn bằng mô phỏng,grid_small
21,31.500666666666667,3.1495805235119776,9.777,0.7949333333333334,1.7903333333333333,3.0833333333333335,62,5.153666666666667,Cân bằng – chọn bằng mô phỏng,grid_small
22,31.355333333333334,3.1079807159567627,9.683666666666667,0.7723,1.755,3.0302666666666664,48,5.064333333333333,Cân bằng – chọn bằng mô phỏng,grid_small
23,31.426,3.128032682573526,9.718,0.7921833333333334,1.789,3.05935,54,5.099,Cân bằng – chọn bằng mô phỏng,grid_small
24,31.256666666666668,3.0846469705153554,9.613333333333333,0.7812666666666666,1.7553333333333334,3.0244499999999994,54,5.041666666666667,Cân bằng – chọn bằng mô phỏng,grid_small
25,31.49,3.1133851017778227,9.725,0.7877333333333333,1.7763333333333333,3.034666666666667,54,5.048,Cân bằng – chọn bằng mô phỏng,grid_small
26,31.416666666666668,3.134912271664224,9.757666666666667,0.7998666666666668,1.8133333333333332,3.0931333333333333,48,5.137333333333333,Cân bằng – chọn bằng mô phỏng,grid_small
27,31.307333333333332,3.074326742441251,9.586,0.7848833333333333,1.7636666666666667,3.007416666666667,52,4.995666666666667,Cân bằng – chọn bằng mô phỏng,grid_small
28,31.303333333333335,3.079792539017962,9.613666666666667,0.7737666666666667,1.7376666666666667,2.9851666666666667,55,4.9783333333333335,Cân bằng – chọn bằng mô phỏng,grid_small
29,31.336,3.0843133230970574,9.621333333333334,0.77265,1.7393333333333334,3.0120999999999998,51,5.041666666666667,Cân bằng – chọn bằng mô phỏng,grid_small
0,31.609333333333332,3.384061109751509,11.062,1.0970833333333334,2.3226666666666667,3.3486,46,5.073,Cân bằng – tinh chỉnh,grid_small
1,31.704666666666668,3.416161733726983,11.075333333333333,1.0880833333333333,2.2943333333333333,3.369383333333334,48,5.127,Cân bằng – tinh chỉnh,grid_small
2,31.716,3.39237749267183,11.080333333333334,1.0836333333333334,2.2876666666666665,3.3494166666666665,46,5.0986666666666665,Cân bằng – tinh chỉnh,grid_small
3,31.558,3.371344121923641,10.986333333333333,1.0970166666666668,2.3023333333333333,3.3358833333333324,46,5.039,Cân bằng – tinh chỉnh,grid_small
4,31.574666666666666,3.3460665412575983,10.920333333333334,1.09345,2.301,3.3221999999999996,43,5.014333333333333,Cân bằng – tinh chỉnh,grid_small
5,31.522666666666666,3.3463782660470516,10.868666666666666,1.0746166666666668,2.2723333333333335,3.2919,46,4.992666666666667,Cân bằng – tinh chỉnh,grid_small
6,31.618666666666666,3.3726247008996353,11.04,1.06915,2.252,3.3285166666666663,49,5.0713333333333335,Cân bằng – tinh chỉnh,grid_small
7,31.738666666666667,3.389135600889565,11.08,1.0766833333333334,2.272,3.3457833333333333,46,5.108333333333333,Cân bằng – tinh chỉnh,grid_small
8,31.461333333333332,3.324589129224841,10.876666666666667,1.0870666666666668,2.2983333333333333,3.2782166666666663,47,4.933333333333334,Cân bằng – tinh chỉnh,grid_small
9,31.55666666666667,3.369766018242333,10.981,1.09665,2.3033333333333332,3.3196499999999998,47,5.013,Cân bằng – tinh chỉnh,grid_small
10,31.636666666666667,3.3804155963638634,11.020666666666667,1.0917666666666668,2.313,3.336433333333333,49,5.045,Cân bằng – tinh chỉnh,grid_small
11,31.455333333333332,3.334328755779995,10.863,1.0765666666666667,2.2706666666666666,3.282883333333334,46,4.957666666666666,Cân bằng – tinh chỉnh,grid_small
12,31.711333333333332,3.400525168319947,11.036666666666667,1.0750833333333334,2.274,3.35,44,5.11,Cân bằng – tinh chỉnh,grid_small
13,31.580666666666666,3.378015385549559,11.040333333333333,1.0893333333333333,2.2996666666666665,3.352616666666666,49,5.076,Cân bằng – tinh chỉnh,grid_small
14,31.558666666666667,3.377091414348677,10.971666666666666,1.0911833333333334,2.302,3.3228166666666668,49,5.022,Cân bằng – tinh chỉnh,grid_small
15,31.729333333333333,3.3797569876426885,11.088666666666667,1.0999666666666668,2.323,3.3750333333333336,50,5.126,Cân bằng – tinh chỉnh,grid_small
16,31.484666666666666,3.348333503476035,10.919666666666666,1.0918,2.2976666666666667,3.3204166666666666,44,4.998,Cân bằng – tinh chỉnh,grid_small
17,31.586,3.3870849097605156,11.044333333333332,1.0974333333333333,2.3133333333333335,3.357666666666667,48,5.077333333333334,Cân bằng – tinh chỉnh,grid_small
18,31.538666666666668,3.374879610132957,10.996333333333334,1.0903333333333334,2.301,3.3321666666666667,45,5.044333333333333,Cân bằng – tinh chỉnh,grid_small
19,31.516,3.3603554126301267,10.951,1.0859833333333333,2.292,3.3248000000000006,46,5.032,Cân bằng – tinh chỉnh,grid_small
20,31.664666666666665,3.382182590352575,11.057666666666666,1.0961999999999998,2.3146666666666667,3.3467833333333337,46,5.061333333333334,Cân bằng – tinh chỉnh,grid_small
21,31.685333333333332,3.413341479023259,11.117333333333333,1.0935499999999998,2.308,3.3819500000000002,45,5.153666666666667,Cân bằng – tinh chỉnh,grid_small
22,31.544,3.3747761363304045,10.966333333333333,1.0812666666666668,2.2796666666666665,3.3392333333333335,48,5.064333333333333,Cân bằng – tinh chỉnh,grid_small
23,31.662666666666667,3.397656477912804,11.026333333333334,1.0953833333333334,2.3053333333333335,3.3625500000000006,45,5.099,Cân bằng – tinh chỉnh,grid_small
24,31.522,3.3513739933957245,10.923,1.0733333333333333,2.258,3.3165166666666663,43,5.041666666666667,Cân bằng – tinh chỉnh,grid_small
25,31.607333333333333,3.379288230852126,11.009666666666666,1.0814666666666668,2.272666666666667,3.3284000000000002,46,5.048,Cân bằng – tinh chỉnh,grid_small
26,31.697333333333333,3.394433518069861,11.045,1.0857166666666667,2.3056666666666668,3.3789833333333337,48,5.137333333333333,Cân bằng – tinh chỉnh,grid_small
27,31.576,3.3541058712339944,10.943666666666667,1.0891,2.2916666666666665,3.311633333333334,46,4.995666666666667,Cân bằng – tinh chỉnh,grid_small
28,31.517333333333333,3.368595230727449,10.987333333333334,1.0768833333333334,2.2786666666666666,3.2882833333333337,51,4.9783333333333335,Cân bằng – tinh chỉnh,grid_small
29,31.546,3.3609816791802767,11.018666666666666,1.0948166666666665,2.315,3.3342666666666663,45,5.041666666666667,Cân bằng – tinh chỉnh,grid_small
0,31.665333333333333,3.0976997924614516,9.707333333333333,0.8007833333333334,1.7716666666666667,3.0523,50,5.073,Giá trị – theo mô hình,grid_small
1,31.735333333333333,3.1332234697445456,9.732666666666667,0.7624666666666667,1.6973333333333334,3.0437666666666665,52,5.127,Giá trị – theo mô hình,grid_small
2,31.730666666666668,3.098466488716591,9.754666666666667,0.7714833333333334,1.7236666666666667,3.0372666666666666,45,5.0986666666666665,Giá trị – theo mô hình,grid_small
3,31.662,3.0919599064929,9.679666666666666,0.8038666666666665,1.7856666666666667,3.0427333333333335,50,5.039,Giá trị – theo mô hình,grid_small
4,31.628666666666668,3.0816556692635357,9.661666666666667,0.7865499999999999,1.7486666666666666,3.0153,57,5.014333333333333,Giá trị – theo mô hình,grid_small
5,31.617333333333335,3.0802356331835625,9.651333333333334,0.79625,1.764,3.0135333333333336,54,4.992666666666667,Giá trị – theo mô hình,grid_small
6,31.751333333333335,3.1185556825784655,9.793,0.7965166666666668,1.7576666666666667,3.055883333333333,63,5.0713333333333335,Giá trị – theo mô hình,grid_small
7,31.772,3.0950605351617213,9.712,0.7908833333333332,1.764,3.0599833333333337,54,5.108333333333333,Giá trị – theo mô hình,grid_small
8,31.442666666666668,3.0264219282744453,9.478666666666667,0.7656833333333333,1.7013333333333334,2.9568333333333334,50,4.933333333333334,Giá trị – theo mô hình,grid_small
9,31.694,3.0997537280146967,9.656333333333333,0.786,1.7486666666666666,3.009,55,5.013,Giá trị – theo mô hình,grid_small
10,31.626666666666665,3.0935048040760105,9.688,0.7883833333333332,1.7476666666666667,3.0330500000000007,54,5.045,Giá trị – theo mô hình,grid_small
11,31.504,3.050334963004379,9.578666666666667,0.7860833333333334,1.7483333333333333,2.9924000000000004,49,4.957666666666666,Giá trị – theo mô hình,grid_small
12,31.651333333333334,3.1308418515546608,9.789666666666667,0.7957166666666667,1.7696666666666667,3.0706333333333338,54,5.11,Giá trị – theo mô hình,grid_small
13,31.644,3.100931446670869,9.708666666666666,0.7921499999999999,1.756,3.0554333333333332,54,5.076,Giá trị – theo mô hình,grid_small
14,31.548666666666666,3.0686642662751584,9.569,0.7646499999999999,1.699,2.9962833333333334,53,5.022,Giá trị – theo mô hình,grid_small
15,31.780666666666665,3.1036988905806124,9.769,0.795,1.7616666666666667,3.070066666666667,55,5.126,Giá trị – theo mô hình,grid_small
16,31.6,3.0656609474265437,9.614,0.7785500000000001,1.7256666666666667,3.0071666666666665,50,4.998,Giá trị – theo mô hình,grid_small
17,31.646,3.110925218783649,9.745,0.7938666666666668,1.7613333333333334,3.0540999999999996,51,5.077333333333334,Giá trị – theo mô hình,grid_small
18,31.669333333333334,3.091861680285404,9.693333333333333,0.78865,1.751,3.0304833333333336,45,5.044333333333333,Giá trị – theo mô hình,grid_small
19,31.594,3.0919558288281066,9.648333333333333,0.7976166666666665,1.7776666666666667,3.036433333333333,58,5.032,Giá trị – theo mô hình,grid_small
20,31.595333333333333,3.0823671763132756,9.692333333333334,0.7963999999999999,1.7683333333333333,3.0469833333333334,55,5.061333333333334,Giá trị – theo mô hình,grid_small
21,31.747333333333334,3.1256154053138707,9.782,0.8011833333333334,1.7746666666666666,3.089583333333333,57,5.153666666666667,Giá trị – theo mô hình,grid_small
22,31.624,3.116113503741183,9.736666666666666,0.7978666666666668,1.7776666666666667,3.055833333333333,48,5.064333333333333,Giá trị – theo mô hình,grid_small
23,31.702666666666666,3.108974163913363,9.726,0.7922166666666666,1.764,3.059383333333334,53,5.099,Giá trị – theo mô hình,grid_small
24,31.537333333333333,3.075438097841291,9.624,0.7837833333333333,1.7403333333333333,3.026966666666667,54,5.041666666666667,Giá trị – theo mô hình,grid_small
25,31.696,3.099109593273843,9.718333333333334,0.7967333333333333,1.7603333333333333,3.0436666666666667,51,5.048,Giá trị – theo mô hình,grid_small
26,31.67866666666667,3.125242486359813,9.788,0.7794333333333334,1.7363333333333333,3.0727,52,5.137333333333333,Giá trị – theo mô hình,grid_small
27,31.620666666666665,3.0536430754958563,9.603,0.7959166666666667,1.756,3.01845,52,4.995666666666667,Giá trị – theo mô hình,grid_small
28,31.581333333333333,3.073401238235443,9.624,0.7885333333333334,1.752,2.999933333333334,54,4.9783333333333335,Giá trị – theo mô hình,grid_small
29,31.657333333333334,3.0810606384568744,9.649333333333333,0.7757833333333333,1.7346666666666666,3.0152333333333337,44,5.041666666666667,Giá trị – theo mô hình,grid_small
0,31.423333333333332,3.1131189050158623,9.735666666666667,0.7941333333333332,1.7893333333333334,3.04565,53,5.073,Giá trị – chọn bằng mô phỏng,grid_small
1,31.516666666666666,3.13784053523979,9.696666666666667,0.7648666666666666,1.7156666666666667,3.0461666666666667,51,5.127,Giá trị – chọn bằng mô phỏng,grid_small
2,31.47533333333333,3.1194780813144583,9.712,0.76695,1.7313333333333334,3.0327333333333337,45,5.0986666666666665,Giá trị – chọn bằng mô phỏng,grid_small
3,31.423333333333332,3.105755721538397,9.683,0.7886333333333334,1.773,3.0275,55,5.039,Giá trị – chọn bằng mô phỏng,grid_small
4,31.366,3.0990467719964605,9.668333333333333,0.7930166666666667,1.7736666666666667,3.0217666666666663,50,5.014333333333333,Giá trị – chọn bằng mô phỏng,grid_small
5,31.327333333333332,3.084625476637967,9.618,0.7915166666666665,1.7816666666666667,3.0088000000000004,57,4.992666666666667,Giá trị – chọn bằng mô phỏng,grid_small
6,31.408,3.112596875207918,9.717,0.79625,1.7876666666666667,3.0556166666666673,43,5.0713333333333335,Giá trị – chọn bằng mô phỏng,grid_small
7,31.518,3.0962628879531584,9.707333333333333,0.7722333333333334,1.741,3.041333333333333,53,5.108333333333333,Giá trị – chọn bằng mô phỏng,grid_small
8,31.152,3.0449711234683963,9.451666666666666,0.7646,1.7336666666666667,2.95575,56,4.933333333333334,Giá trị – chọn bằng mô phỏng,grid_small
9,31.426666666666666,3.097630952321085,9.617,0.7807166666666665,1.758,3.003716666666667,56,5.013,Giá trị – chọn bằng mô phỏng,grid_small
10,31.36,3.1188569262052632,9.675666666666666,0.7989666666666665,1.7943333333333333,3.0436333333333336,55,5.045,Giá trị – chọn bằng mô phỏng,grid_small
11,31.22533333333333,3.0586459065008365,9.571666666666667,0.7716000000000001,1.7386666666666666,2.9779166666666668,50,4.957666666666666,Giá trị – chọn bằng mô phỏng,grid_small
12,31.371333333333332,3.1337950532232215,9.736,0.7970666666666666,1.7903333333333333,3.071983333333333,51,5.11,Giá trị – chọn bằng mô phỏng,grid_small
13,31.324,3.1198967060474234,9.664666666666667,0.7652666666666668,1.727,3.02855,44,5.076,Giá trị – chọn bằng mô phỏng,grid_small
14,31.304666666666666,3.098422605405655,9.586666666666666,0.7744666666666667,1.7443333333333333,3.0060999999999996,51,5.022,Giá trị – chọn bằng mô phỏng,grid_small
15,31.516,3.1108774714553706,9.741,0.7849666666666666,1.7723333333333333,3.0600333333333327,55,5.126,Giá trị – chọn bằng mô phỏng,grid_small
16,31.299333333333333,3.0694210069915076,9.565666666666667,0.7765166666666667,1.7426666666666666,3.0051333333333337,54,4.998,Giá trị – chọn bằng mô phỏng,grid_small
17,31.39,3.11315664043147,9.725666666666667,0.8024333333333332,1.809,3.062666666666667,49,5.077333333333334,Giá trị – chọn bằng mô phỏng,grid_small
18,31.446,3.1167345591869333,9.699666666666667,0.7809166666666667,1.7583333333333333,3.02275,46,5.044333333333333,Giá trị – chọn bằng mô phỏng,grid_small
19,31.358,3.0893967878662263,9.662,0.7773333333333333,1.7583333333333333,3.01615,57,5.032,Giá trị – chọn bằng mô phỏng,grid_small
20,31.354666666666667,3.101801924249831,9.657,0.7812666666666666,1.762,3.0318500000000004,53,5.061333333333334,Giá trị – chọn bằng mô phỏng,grid_small
21,31.500666666666667,3.1495805235119776,9.777,0.7949333333333334,1.7903333333333333,3.0833333333333335,62,5.153666666666667,Giá trị – chọn bằng mô phỏng,grid_small
22,31.355333333333334,3.1079807159567627,9.683666666666667,0.7723,1.755,3.0302666666666664,48,5.064333333333333,Giá trị – chọn bằng mô phỏng,grid_small
23,31.426,3.128032682573526,9.718,0.7921833333333334,1.789,3.05935,54,5.099,Giá trị – chọn bằng mô phỏng,grid_small
24,31.256666666666668,3.0846469705153554,9.613333333333333,0.7812666666666666,1.7553333333333334,3.0244499999999994,54,5.041666666666667,Giá trị – chọn bằng mô phỏng,grid_small
25,31.49,3.1133851017778227,9.725,0.7877333333333333,1.7763333333333333,3.034666666666667,54,5.048,Giá trị – chọn bằng mô phỏng,grid_small
26,31.416666666666668,3.134912271664224,9.757666666666667,0.7998666666666668,1.8133333333333332,3.0931333333333333,48,5.137333333333333,Giá trị – chọn bằng mô phỏng,grid_small
27,31.307333333333332,3.074326742441251,9.586,0.7848833333333333,1.7636666666666667,3.007416666666667,52,4.995666666666667,Giá trị – chọn bằng mô phỏng,grid_small
28,31.303333333333335,3.079792539017962,9.613666666666667,0.7737666666666667,1.7376666666666667,2.9851666666666667,55,4.9783333333333335,Giá trị – chọn bằng mô phỏng,grid_small
29,31.336,3.0843133230970574,9.621333333333334,0.77265,1.7393333333333334,3.0120999999999998,51,5.041666666666667,Giá trị – chọn bằng mô phỏng,grid_small
0,31.609333333333332,3.384061109751509,11.062,1.0970833333333334,2.3226666666666667,3.3486,46,5.073,Giá trị – tinh chỉnh,grid_small
1,31.704666666666668,3.416161733726983,11.075333333333333,1.0880833333333333,2.2943333333333333,3.369383333333334,48,5.127,Giá trị – tinh chỉnh,grid_small
2,31.716,3.39237749267183,11.080333333333334,1.0836333333333334,2.2876666666666665,3.3494166666666665,46,5.0986666666666665,Giá trị – tinh chỉnh,grid_small
3,31.558,3.371344121923641,10.986333333333333,1.0970166666666668,2.3023333333333333,3.3358833333333324,46,5.039,Giá trị – tinh chỉnh,grid_small
4,31.574666666666666,3.3460665412575983,10.920333333333334,1.09345,2.301,3.3221999999999996,43,5.014333333333333,Giá trị – tinh chỉnh,grid_small
5,31.522666666666666,3.3463782660470516,10.868666666666666,1.0746166666666668,2.2723333333333335,3.2919,46,4.992666666666667,Giá trị – tinh chỉnh,grid_small
6,31.618666666666666,3.3726247008996353,11.04,1.06915,2.252,3.3285166666666663,49,5.0713333333333335,Giá trị – tinh chỉnh,grid_small
7,31.738666666666667,3.389135600889565,11.08,1.0766833333333334,2.272,3.3457833333333333,46,5.108333333333333,Giá trị – tinh chỉnh,grid_small
8,31.461333333333332,3.324589129224841,10.876666666666667,1.0870666666666668,2.2983333333333333,3.2782166666666663,47,4.933333333333334,Giá trị – tinh chỉnh,grid_small
9,31.55666666666667,3.369766018242333,10.981,1.09665,2.3033333333333332,3.3196499999999998,47,5.013,Giá trị – tinh chỉnh,grid_small
10,31.636666666666667,3.3804155963638634,11.020666666666667,1.0917666666666668,2.313,3.336433333333333,49,5.045,Giá trị – tinh chỉnh,grid_small
11,31.455333333333332,3.334328755779995,10.863,1.0765666666666667,2.2706666666666666,3.282883333333334,46,4.957666666666666,Giá trị – tinh chỉnh,grid_small
12,31.711333333333332,3.400525168319947,11.036666666666667,1.0750833333333334,2.274,3.35,44,5.11,Giá trị – tinh chỉnh,grid_small
13,31.580666666666666,3.378015385549559,11.040333333333333,1.0893333333333333,2.2996666666666665,3.352616666666666,49,5.076,Giá trị – tinh chỉnh,grid_small
14,31.558666666666667,3.377091414348677,10.971666666666666,1.0911833333333334,2.302,3.3228166666666668,49,5.022,Giá trị – tinh chỉnh,grid_small
15,31.729333333333333,3.3797569876426885,11.088666666666667,1.0999666666666668,2.323,3.3750333333333336,50,5.126,Giá trị – tinh chỉnh,grid_small
16,31.484666666666666,3.348333503476035,10.919666666666666,1.0918,2.2976666666666667,3.3204166666666666,44,4.998,Giá trị – tinh chỉnh,grid_small
17,31.586,3.3870849097605156,11.044333333333332,1.0974333333333333,2.3133333333333335,3.357666666666667,48,5.077333333333334,Giá trị – tinh chỉnh,grid_small
18,31.538666666666668,3.374879610132957,10.996333333333334,1.0903333333333334,2.301,3.3321666666666667,45,5.044333333333333,Giá trị – tinh chỉnh,grid_small
19,31.516,3.3603554126301267,10.951,1.0859833333333333,2.292,3.3248000000000006,46,5.032,Giá trị – tinh chỉnh,grid_small
20,31.664666666666665,3.382182590352575,11.057666666666666,1.0961999999999998,2.3146666666666667,3.3467833333333337,46,5.061333333333334,Giá trị – tinh chỉnh,grid_small
21,31.685333333333332,3.413341479023259,11.117333333333333,1.0935499999999998,2.308,3.3819500000000002,45,5.153666666666667,Giá trị – tinh chỉnh,grid_small
22,31.544,3.3747761363304045,10.966333333333333,1.0812666666666668,2.2796666666666665,3.3392333333333335,48,5.064333333333333,Giá trị – tinh chỉnh,grid_small
23,31.662666666666667,3.397656477912804,11.026333333333334,1.0953833333333334,2.3053333333333335,3.3625500000000006,45,5.099,Giá trị – tinh chỉnh,grid_small
24,31.522,3.3513739933957245,10.923,1.0733333333333333,2.258,3.3165166666666663,43,5.041666666666667,Giá trị – tinh chỉnh,grid_small
25,31.607333333333333,3.379288230852126,11.009666666666666,1.0814666666666668,2.272666666666667,3.3284000000000002,46,5.048,Giá trị – tinh chỉnh,grid_small
26,31.697333333333333,3.394433518069861,11.045,1.0857166666666667,2.3056666666666668,3.3789833333333337,48,5.137333333333333,Giá trị – tinh chỉnh,grid_small
27,31.576,3.3541058712339944,10.943666666666667,1.0891,2.2916666666666665,3.311633333333334,46,4.995666666666667,Giá trị – tinh chỉnh,grid_small
28,31.517333333333333,3.368595230727449,10.987333333333334,1.0768833333333334,2.2786666666666666,3.2882833333333337,51,4.9783333333333335,Giá trị – tinh chỉnh,grid_small
29,31.546,3.3609816791802767,11.018666666666666,1.0948166666666665,2.315,3.3342666666666663,45,5.041666666666667,Giá trị – tinh chỉnh,grid_small
0,35.992,3.18609511898408,10.002666666666666,0.6591333333333333,1.5683333333333334,2.9106499999999995,56,5.073,Hiện trạng,racetrack_small
1,35.968,3.2089788032811484,10.045666666666667,0.6353166666666666,1.5216666666666667,2.9166166666666666,50,5.127,Hiện trạng,racetrack_small
2,36.010666666666665,3.185515932088257,10.037,0.6379833333333332,1.519,2.903766666666667,49,5.0986666666666665,Hiện trạng,racetrack_small
3,35.902,3.1786693956554832,9.940333333333333,0.6555,1.561,2.894366666666667,49,5.039,Hiện trạng,racetrack_small
4,35.82533333333333,3.1671550786147553,9.927666666666667,0.6499666666666666,1.5376666666666667,2.8787166666666666,48,5.014333333333333,Hiện trạng,racetrack_small
5,35.90533333333333,3.160409944186871,9.910666666666666,0.6534,1.5533333333333332,2.870683333333333,55,4.992666666666667,Hiện trạng,racetrack_small
6,35.994,3.177062194809616,9.955666666666668,0.6376000000000001,1.523,2.896966666666667,50,5.0713333333333335,Hiện trạng,racetrack_small
7,36.09866666666667,3.1986164983410883,10.096,0.6591666666666667,1.5743333333333334,2.9282666666666666,48,5.108333333333333,Hiện trạng,racetrack_small
8,35.664,3.121916625527324,9.786333333333333,0.6377666666666667,1.5246666666666666,2.8289166666666667,43,4.933333333333334,Hiện trạng,racetrack_small
9,35.664,3.167106251654745,9.905333333333333,0.6483833333333333,1.5526666666666666,2.8713833333333336,57,5.013,Hiện trạng,racetrack_small
10,35.93066666666667,3.180571065881395,9.936333333333334,0.6539333333333334,1.5716666666666668,2.8985999999999996,53,5.045,Hiện trạng,racetrack_small
11,35.82,3.1309695753171143,9.816333333333333,0.6524333333333333,1.553,2.85875,45,4.957666666666666,Hiện trạng,racetrack_small
12,36.03666666666667,3.1939799571123393,9.987,0.6502333333333333,1.5506666666666666,2.9251500000000004,48,5.11,Hiện trạng,racetrack_small
13,36.07666666666667,3.19910345403821,10.033666666666667,0.64105,1.5266666666666666,2.904333333333333,52,5.076,Hiện trạng,racetrack_small
14,35.898666666666664,3.177495983281998,9.922,0.6373666666666666,1.522,2.869,59,5.022,Hiện trạng,racetrack_small
15,36.008,3.182574048569738,10.027,0.6433500000000001,1.5396666666666667,2.918416666666667,51,5.126,Hiện trạng,racetrack_small
16,35.94,3.159838285909968,9.957666666666666,0.6499499999999999,1.5513333333333332,2.878566666666667,51,4.998,Hiện trạng,racetrack_small
17,36.06733333333333,3.176590269061077,10.002666666666666,0.6417499999999999,1.5236666666666667,2.9019833333333334,52,5.077333333333334,Hiện trạng,racetrack_small
18,35.948,3.1616737807729174,9.933,0.6415500000000001,1.5276666666666667,2.883383333333333,55,5.044333333333333,Hiện trạng,racetrack_small
19,35.928666666666665,3.1641072374658,9.948666666666666,0.6543833333333333,1.5633333333333332,2.8932000000000007,60,5.032,Hiện trạng,racetrack_small
20,35.87533333333333,3.187339006779044,9.973333333333333,0.6521666666666667,1.552,2.90275,48,5.061333333333334,Hiện trạng,racetrack_small
21,36.036,3.2236116867843747,10.030666666666667,0.6547666666666667,1.557,2.9431666666666665,37,5.153666666666667,Hiện trạng,racetrack_small
22,35.94866666666667,3.1898898185402094,9.987333333333334,0.64535,1.536,2.903316666666667,46,5.064333333333333,Hiện trạng,racetrack_small
23,36.00866666666667,3.204503203696552,10.068,0.6632833333333333,1.5846666666666667,2.93045,44,5.099,Hiện trạng,racetrack_small
24,35.94466666666667,3.1768933668100146,9.983333333333333,0.6490166666666667,1.5476666666666667,2.8921999999999994,50,5.041666666666667,Hiện trạng,racetrack_small
25,35.944,3.18241828128615,9.999666666666666,0.6575833333333333,1.5696666666666668,2.9045166666666664,49,5.048,Hiện trạng,racetrack_small
26,36.15133333333333,3.214541249641695,10.035333333333334,0.6631333333333334,1.5726666666666667,2.9564000000000004,63,5.137333333333333,Hiện trạng,racetrack_small
27,35.92133333333334,3.148342160811693,9.916333333333334,0.65725,1.566,2.8797833333333327,48,4.995666666666667,Hiện trạng,racetrack_small
28,35.836,3.1546615815279,9.876666666666667,0.63285,1.5063333333333333,2.84425,50,4.9783333333333335,Hiện trạng,racetrack_small
29,35.788666666666664,3.15220424137207,9.851333333333333,0.6336999999999999,1.5093333333333334,2.8731500000000003,52,5.041666666666667,Hiện trạng,racetrack_small
0,34.682,2.896986353258124,8.429333333333334,0.4887,1.1123333333333334,2.7402166666666665,51,5.073,Tiện lợi – theo mô hình,racetrack_small
1,34.83533333333333,2.947517276694201,8.484666666666667,0.4822833333333333,1.0953333333333333,2.7635833333333335,52,5.127,Tiện lợi – theo mô hình,racetrack_small
2,34.712,2.9162447695407963,8.431333333333333,0.47043333333333337,1.0726666666666667,2.7362166666666665,52,5.0986666666666665,Tiện lợi – theo mô hình,racetrack_small
3,34.69,2.913059060227192,8.435666666666666,0.49038333333333334,1.117,2.72925,49,5.039,Tiện lợi – theo mô hình,racetrack_small
4,34.622,2.892647634395401,8.394333333333334,0.48963333333333336,1.1173333333333333,2.7183833333333336,52,5.014333333333333,Tiện lợi – theo mô hình,racetrack_small
5,34.59,2.8885750248890782,8.371,0.47535,1.0786666666666667,2.692633333333333,46,4.992666666666667,Tiện lợi – theo mô hình,racetrack_small
6,34.774,2.911883983092505,8.465666666666667,0.48075,1.0916666666666666,2.7401166666666663,47,5.0713333333333335,Tiện lợi – theo mô hình,racetrack_small
7,34.775333333333336,2.908381732626475,8.455666666666668,0.4831833333333334,1.099,2.7522833333333327,51,5.108333333333333,Tiện lợi – theo mô hình,racetrack_small
8,34.263333333333335,2.850247707864209,8.234,0.4740666666666666,1.0823333333333334,2.6652166666666663,47,4.933333333333334,Tiện lợi – theo mô hình,racetrack_small
9,34.44733333333333,2.8934297170024137,8.297,0.47441666666666665,1.0783333333333334,2.697416666666667,46,5.013,Tiện lợi – theo mô hình,racetrack_small
10,34.712666666666664,2.916104198131092,8.430666666666667,0.4925666666666666,1.1303333333333334,2.7372333333333336,45,5.045,Tiện lợi – theo mô hình,racetrack_small
11,34.38666666666666,2.8609284637737655,8.323,0.46619999999999995,1.063,2.6725166666666667,51,4.957666666666666,Tiện lợi – theo mô hình,racetrack_small
12,34.70666666666666,2.922058335170237,8.438,0.47564999999999996,1.0853333333333333,2.750566666666667,49,5.11,Tiện lợi – theo mô hình,racetrack_small
13,34.68266666666667,2.914595786356906,8.424,0.4659666666666667,1.0706666666666667,2.72925,45,5.076,Tiện lợi – theo mô hình,racetrack_small
14,34.508,2.8928991181569703,8.378,0.4758666666666667,1.0866666666666667,2.7075000000000005,49,5.022,Tiện lợi – theo mô hình,racetrack_small
15,34.772,2.910866928631514,8.457333333333333,0.47685000000000005,1.082,2.751916666666667,52,5.126,Tiện lợi – theo mô hình,racetrack_small
16,34.693333333333335,2.882588113241168,8.378,0.48589999999999994,1.1096666666666666,2.714516666666667,52,4.998,Tiện lợi – theo mô hình,racetrack_small
17,34.85733333333334,2.917156984995997,8.456666666666667,0.485,1.103,2.7452333333333336,53,5.077333333333334,Tiện lợi – theo mô hình,racetrack_small
18,34.748,2.913997768223858,8.396,0.46785000000000004,1.0676666666666668,2.709683333333334,51,5.044333333333333,Tiện lợi – theo mô hình,racetrack_small
19,34.446,2.88377945489904,8.323,0.48319999999999996,1.0913333333333333,2.7220166666666668,51,5.032,Tiện lợi – theo mô hình,racetrack_small
20,34.664,2.903219630617387,8.425,0.49713333333333337,1.129,2.7477166666666673,50,5.061333333333334,Tiện lợi – theo mô hình,racetrack_small
21,34.908,2.9428428709107926,8.509666666666666,0.4807166666666667,1.092,2.7691166666666667,48,5.153666666666667,Tiện lợi – theo mô hình,racetrack_small
22,34.78333333333333,2.9117596754169086,8.432333333333334,0.4801666666666667,1.09,2.7381333333333333,45,5.064333333333333,Tiện lợi – theo mô hình,racetrack_small
23,34.772666666666666,2.9266073466996763,8.469333333333333,0.48363333333333336,1.106,2.7508,58,5.099,Tiện lợi – theo mô hình,racetrack_small
24,34.74466666666667,2.8961194200173686,8.413666666666666,0.4930833333333333,1.119,2.7362666666666664,49,5.041666666666667,Tiện lợi – theo mô hình,racetrack_small
25,34.67466666666667,2.8973615624241384,8.368666666666666,0.47475,1.0903333333333334,2.721683333333334,55,5.048,Tiện lợi – theo mô hình,racetrack_small
26,34.858666666666664,2.9356513806509374,8.501666666666667,0.482,1.108,2.7752666666666665,54,5.137333333333333,Tiện lợi – theo mô hình,racetrack_small
27,34.720666666666666,2.873082712921852,8.352,0.4810666666666667,1.0966666666666667,2.7036000000000002,48,4.995666666666667,Tiện lợi – theo mô hình,racetrack_small
28,34.529333333333334,2.887203085415503,8.37,0.47763333333333335,1.091,2.6890333333333336,49,4.9783333333333335,Tiện lợi – theo mô hình,racetrack_small
29,34.53,2.8903822786075604,8.340666666666667,0.4734666666666667,1.0766666666666667,2.7129166666666666,52,5.041666666666667,Tiện lợi – theo mô hình,racetrack_small
0,34.010666666666665,2.8678112425833984,8.186666666666667,0.4582833333333333,1.038,2.7098,50,5.073,Tiện lợi – chọn bằng mô phỏng,racetrack_small
1,34.187333333333335,2.9150975617225945,8.267,0.4744333333333333,1.0753333333333333,2.7557333333333336,47,5.127,Tiện lợi – chọn bằng mô phỏng,racetrack_small
2,34.10933333333333,2.8997264210930043,8.257666666666667,0.4785333333333333,1.0813333333333333,2.7443166666666667,46,5.0986666666666665,Tiện lợi – chọn bằng mô phỏng,racetrack_small
3,34.036,2.884203944379686,8.223666666666666,0.47663333333333335,1.073,2.7155,50,5.039,Tiện lợi – chọn bằng mô phỏng,racetrack_small
4,33.943333333333335,2.881842174506813,8.217666666666666,0.4849666666666667,1.0876666666666666,2.7137166666666666,48,5.014333333333333,Tiện lợi – chọn bằng mô phỏng,racetrack_small
5,33.787333333333336,2.8574249098163804,8.142333333333333,0.4749666666666667,1.0726666666666667,2.69225,54,4.992666666666667,Tiện lợi – chọn bằng mô phỏng,racetrack_small
6,34.1,2.88302663184736,8.219666666666667,0.45225,1.0266666666666666,2.711616666666667,47,5.0713333333333335,Tiện lợi – chọn bằng mô phỏng,racetrack_small
7,34.14,2.889649713428781,8.253333333333334,0.46755,1.063,2.73665,49,5.108333333333333,Tiện lợi – chọn bằng mô phỏng,racetrack_small
8,33.536,2.804414176100938,7.995,0.4547333333333333,1.031,2.6458833333333334,45,4.933333333333334,Tiện lợi – chọn bằng mô phỏng,racetrack_small
9,33.776,2.869629282481345,8.082333333333333,0.45713333333333334,1.0323333333333333,2.6801333333333335,45,5.013,Tiện lợi – chọn bằng mô phỏng,racetrack_small
10,34.019333333333336,2.8967909346680414,8.245,0.47245000000000004,1.0673333333333332,2.7171166666666666,53,5.045,Tiện lợi – chọn bằng mô phỏng,racetrack_small
11,33.68666666666667,2.840454271270338,8.089333333333334,0.4595,1.0426666666666666,2.6658166666666667,49,4.957666666666666,Tiện lợi – chọn bằng mô phỏng,racetrack_small
12,33.982,2.914713573359586,8.265666666666666,0.4659333333333333,1.0523333333333333,2.7408499999999996,48,5.11,Tiện lợi – chọn bằng mô phỏng,racetrack_small
13,33.94533333333333,2.89196367032073,8.201666666666666,0.47035000000000005,1.062,2.733633333333334,56,5.076,Tiện lợi – chọn bằng mô phỏng,racetrack_small
14,33.812666666666665,2.8526434926500897,8.124,0.4658333333333333,1.0533333333333332,2.6974666666666667,48,5.022,Tiện lợi – chọn bằng mô phỏng,racetrack_small
15,34.026666666666664,2.8938958993378066,8.254,0.46986666666666665,1.0553333333333332,2.744933333333333,49,5.126,Tiện lợi – chọn bằng mô phỏng,racetrack_small
16,33.99,2.8662425374498604,8.204333333333333,0.46540000000000004,1.052,2.6940166666666663,56,4.998,Tiện lợi – chọn bằng mô phỏng,racetrack_small
17,34.17066666666667,2.8868744485293245,8.235,0.47995000000000004,1.077,2.740183333333333,57,5.077333333333334,Tiện lợi – chọn bằng mô phỏng,racetrack_small
18,34.068,2.8882084070065392,8.220333333333333,0.4829666666666666,1.0856666666666666,2.7248000000000006,49,5.044333333333333,Tiện lợi – chọn bằng mô phỏng,racetrack_small
19,33.763333333333335,2.85942547728662,8.116333333333333,0.46906666666666663,1.0663333333333334,2.7078833333333336,44,5.032,Tiện lợi – chọn bằng mô phỏng,racetrack_small
20,34.078,2.8964817355474612,8.245333333333333,0.47676666666666667,1.084,2.72735,51,5.061333333333334,Tiện lợi – chọn bằng mô phỏng,racetrack_small
21,34.212,2.9168489772897987,8.288,0.46993333333333337,1.071,2.7583333333333333,49,5.153666666666667,Tiện lợi – chọn bằng mô phỏng,racetrack_small
22,34.05133333333333,2.88422463967973,8.234333333333334,0.47313333333333335,1.0713333333333332,2.7310999999999996,48,5.064333333333333,Tiện lợi – chọn bằng mô phỏng,racetrack_small
23,34.059333333333335,2.9063737142855497,8.261,0.4777833333333333,1.0733333333333333,2.7449500000000002,53,5.099,Tiện lợi – chọn bằng mô phỏng,racetrack_small
24,34.10066666666667,2.890402390326494,8.232333333333333,0.47333333333333333,1.0686666666666667,2.7165166666666667,48,5.041666666666667,Tiện lợi – chọn bằng mô phỏng,racetrack_small
25,33.99666666666667,2.874554879919716,8.157333333333334,0.47073333333333334,1.064,2.717666666666667,47,5.048,Tiện lợi – chọn bằng mô phỏng,racetrack_small
26,34.178666666666665,2.921722285225123,8.293,0.478,1.0846666666666667,2.771266666666667,51,5.137333333333333,Tiện lợi – chọn bằng mô phỏng,racetrack_small
27,34.05866666666667,2.862684234436507,8.202666666666667,0.47475,1.0786666666666667,2.6972833333333335,50,4.995666666666667,Tiện lợi – chọn bằng mô phỏng,racetrack_small
28,33.892,2.8627771874043293,8.187,0.4762833333333334,1.083,2.687683333333333,52,4.9783333333333335,Tiện lợi – chọn bằng mô phỏng,racetrack_small
29,33.79066666666667,2.857163265825276,8.144,0.47173333333333334,1.065,2.7111833333333335,46,5.041666666666667,Tiện lợi – chọn bằng mô phỏng,racetrack_small
0,32.738,2.9576372356276908,8.558333333333334,0.55275,1.2326666666666666,2.8042666666666665,49,5.073,Tiện lợi – tinh chỉnh,racetrack_small
1,32.92466666666667,3.008873122560647,8.679666666666666,0.5541999999999999,1.238,2.8355,52,5.127,Tiện lợi – tinh chỉnh,racetrack_small
2,32.79933333333334,2.978068928436157,8.627666666666666,0.5399333333333333,1.2093333333333334,2.805716666666667,48,5.0986666666666665,Tiện lợi – tinh chỉnh,racetrack_small
3,32.82,2.9809032372409474,8.61,0.56335,1.26,2.8022166666666664,56,5.039,Tiện lợi – tinh chỉnh,racetrack_small
4,32.69266666666667,2.961559208696388,8.569333333333333,0.5541499999999999,1.243,2.7829,48,5.014333333333333,Tiện lợi – tinh chỉnh,racetrack_small
5,32.58266666666667,2.9244585090935957,8.512,0.5570833333333334,1.246,2.774366666666667,49,4.992666666666667,Tiện lợi – tinh chỉnh,racetrack_small
6,32.85666666666667,2.9745847926754134,8.624333333333333,0.5431833333333334,1.221,2.80255,54,5.0713333333333335,Tiện lợi – tinh chỉnh,racetrack_small
7,32.909333333333336,2.97921660362244,8.657,0.5424166666666667,1.2213333333333334,2.8115166666666664,51,5.108333333333333,Tiện lợi – tinh chỉnh,racetrack_small
8,32.351333333333336,2.8919019430406188,8.388,0.5365166666666665,1.207,2.7276666666666665,56,4.933333333333334,Tiện lợi – tinh chỉnh,racetrack_small
9,32.532,2.9614893458900466,8.482666666666667,0.5409666666666667,1.214,2.7639666666666667,51,5.013,Tiện lợi – tinh chỉnh,racetrack_small
10,32.745333333333335,2.9835970024127647,8.622666666666667,0.5595333333333333,1.2543333333333333,2.8042000000000002,43,5.045,Tiện lợi – tinh chỉnh,racetrack_small
11,32.48133333333333,2.9308394482911644,8.437333333333333,0.5353833333333333,1.2096666666666667,2.7417000000000002,48,4.957666666666666,Tiện lợi – tinh chỉnh,racetrack_small
12,32.74466666666667,2.989921329830923,8.587,0.5499833333333334,1.2376666666666667,2.8249000000000004,44,5.11,Tiện lợi – tinh chỉnh,racetrack_small
13,32.81066666666667,2.9666641716581545,8.591333333333333,0.5432,1.2183333333333333,2.8064833333333334,48,5.076,Tiện lợi – tinh chỉnh,racetrack_small
14,32.574,2.9502949773552136,8.523666666666667,0.54625,1.2243333333333333,2.777883333333334,41,5.022,Tiện lợi – tinh chỉnh,racetrack_small
15,32.772666666666666,2.974857758263428,8.639333333333333,0.5590499999999999,1.2493333333333334,2.834116666666666,53,5.126,Tiện lợi – tinh chỉnh,racetrack_small
16,32.79866666666667,2.954440029395977,8.600333333333333,0.5621166666666666,1.2586666666666666,2.7907333333333337,57,4.998,Tiện lợi – tinh chỉnh,racetrack_small
17,32.93933333333333,2.971601873993793,8.615333333333334,0.56175,1.2623333333333333,2.8219833333333337,49,5.077333333333334,Tiện lợi – tinh chỉnh,racetrack_small
18,32.86066666666667,2.9792519413484326,8.609333333333334,0.5613833333333333,1.2576666666666667,2.803216666666666,46,5.044333333333333,Tiện lợi – tinh chỉnh,racetrack_small
19,32.576,2.9404280459652083,8.497333333333334,0.5471833333333334,1.2263333333333333,2.786,50,5.032,Tiện lợi – tinh chỉnh,racetrack_small
20,32.80266666666667,2.974107927033297,8.608,0.55735,1.248,2.807933333333333,49,5.061333333333334,Tiện lợi – tinh chỉnh,racetrack_small
21,32.89533333333333,2.998704798434686,8.663666666666666,0.5580833333333334,1.2543333333333333,2.846483333333333,42,5.153666666666667,Tiện lợi – tinh chỉnh,racetrack_small
22,32.83266666666667,2.9701290590935594,8.604333333333333,0.55045,1.239,2.8084166666666666,54,5.064333333333333,Tiện lợi – tinh chỉnh,racetrack_small
23,32.852,2.98280145356707,8.619333333333334,0.5534,1.2456666666666667,2.820566666666667,53,5.099,Tiện lợi – tinh chỉnh,racetrack_small
24,32.897333333333336,2.964795002457419,8.610666666666667,0.5633333333333334,1.2533333333333334,2.8065166666666665,46,5.041666666666667,Tiện lợi – tinh chỉnh,racetrack_small
25,32.721333333333334,2.9716147766515726,8.581666666666667,0.5493333333333333,1.2363333333333333,2.7962666666666665,51,5.048,Tiện lợi – tinh chỉnh,racetrack_small
26,32.96066666666667,3.0090651430470157,8.696,0.55065,1.2386666666666666,2.843916666666667,55,5.137333333333333,Tiện lợi – tinh chỉnh,racetrack_small
27,32.79,2.9348717051058886,8.522333333333334,0.55375,1.242,2.7762833333333337,56,4.995666666666667,Tiện lợi – tinh chỉnh,racetrack_small
28,32.736666666666665,2.9524308972303626,8.599666666666666,0.5501333333333334,1.2443333333333333,2.761533333333333,51,4.9783333333333335,Tiện lợi – tinh chỉnh,racetrack_small
29,32.56133333333333,2.9481455823779568,8.519,0.5415166666666666,1.2133333333333334,2.7809666666666666,48,5.041666666666667,Tiện lợi – tinh chỉnh,racetrack_small
0,35.34133333333333,3.0937532930938816,9.199,0.6177333333333334,1.445,2.86925,57,5.073,Cân bằng – theo mô hình,racetrack_small
1,35.449333333333335,3.1101831798129855,9.227,0.5975666666666667,1.395,2.8788666666666667,60,5.127,Cân bằng – theo mô hình,racetrack_small
2,35.333333333333336,3.0804933758793775,9.182,0.5888666666666666,1.377,2.8546500000000004,58,5.0986666666666665,Cân bằng – theo mô hình,racetrack_small
3,35.334666666666664,3.0871662368943835,9.166666666666666,0.6163000000000001,1.433,2.855166666666667,58,5.039,Cân bằng – theo mô hình,racetrack_small
4,35.276666666666664,3.057241669464728,9.127,0.61605,1.4393333333333334,2.8447999999999998,57,5.014333333333333,Cân bằng – theo mô hình,racetrack_small
5,35.163333333333334,3.042438021878012,9.075666666666667,0.5929,1.3896666666666666,2.8101833333333333,56,4.992666666666667,Cân bằng – theo mô hình,racetrack_small
6,35.47533333333333,3.085253341443787,9.238,0.6054166666666667,1.407,2.8647833333333335,59,5.0713333333333335,Cân bằng – theo mô hình,racetrack_small
7,35.61933333333333,3.0961130409200766,9.265666666666666,0.6007166666666667,1.4076666666666666,2.869816666666667,53,5.108333333333333,Cân bằng – theo mô hình,racetrack_small
8,34.800666666666665,2.9932974506486776,8.968666666666667,0.5876166666666667,1.3696666666666666,2.7787666666666664,60,4.933333333333334,Cân bằng – theo mô hình,racetrack_small
9,35.083333333333336,3.0538605556256613,9.030666666666667,0.5846666666666667,1.3673333333333333,2.8076666666666665,56,5.013,Cân bằng – theo mô hình,racetrack_small
10,35.19733333333333,3.072082791236666,9.112333333333334,0.5901666666666666,1.3776666666666666,2.8348333333333335,61,5.045,Cân bằng – theo mô hình,racetrack_small
11,35.06466666666667,3.041092850299334,9.041,0.6010166666666666,1.404,2.8073333333333332,58,4.957666666666666,Cân bằng – theo mô hình,racetrack_small
12,35.414,3.094474137876424,9.155,0.5854499999999999,1.3663333333333334,2.8603666666666663,52,5.11,Cân bằng – theo mô hình,racetrack_small
13,35.38066666666667,3.0953585182835264,9.213333333333333,0.5966333333333333,1.3956666666666666,2.859916666666667,54,5.076,Cân bằng – theo mô hình,racetrack_small
14,35.306666666666665,3.1020746326089137,9.18,0.6147166666666667,1.4346666666666668,2.8463499999999997,65,5.022,Cân bằng – theo mô hình,racetrack_small
15,35.41466666666667,3.085937748512249,9.213333333333333,0.6071,1.416,2.8821666666666665,60,5.126,Cân bằng – theo mô hình,racetrack_small
16,35.25533333333333,3.0671754793000208,9.144666666666666,0.61535,1.4426666666666668,2.843966666666667,61,4.998,Cân bằng – theo mô hình,racetrack_small
17,35.428666666666665,3.089375607416519,9.188,0.6108666666666667,1.4243333333333332,2.8710999999999998,57,5.077333333333334,Cân bằng – theo mô hình,racetrack_small
18,35.385333333333335,3.0959049511300485,9.196333333333333,0.6206666666666667,1.4493333333333334,2.8625,56,5.044333333333333,Cân bằng – theo mô hình,racetrack_small
19,35.154,3.064627902437786,9.101,0.6156666666666667,1.4366666666666668,2.8544833333333335,55,5.032,Cân bằng – theo mô hình,racetrack_small
20,35.38133333333333,3.082476068265951,9.159666666666666,0.6086333333333334,1.4226666666666667,2.8592166666666667,57,5.061333333333334,Cân bằng – theo mô hình,racetrack_small
21,35.54266666666667,3.1198761102371844,9.281666666666666,0.6183333333333333,1.4426666666666668,2.9067333333333334,58,5.153666666666667,Cân bằng – theo mô hình,racetrack_small
22,35.314,3.0854698794228415,9.183666666666667,0.59875,1.4046666666666667,2.8567166666666663,56,5.064333333333333,Cân bằng – theo mô hình,racetrack_small
23,35.44733333333333,3.10441485117566,9.242,0.6120333333333333,1.4236666666666666,2.8792,66,5.099,Cân bằng – theo mô hình,racetrack_small
24,35.414,3.080434575513728,9.180666666666667,0.61925,1.4416666666666667,2.862433333333333,62,5.041666666666667,Cân bằng – theo mô hình,racetrack_small
25,35.221333333333334,3.0712826213605404,9.115333333333334,0.5928500000000001,1.3843333333333334,2.8397833333333335,63,5.048,Cân bằng – theo mô hình,racetrack_small
26,35.614,3.1308756668878073,9.290333333333333,0.62275,1.4546666666666668,2.9160166666666663,58,5.137333333333333,Cân bằng – theo mô hình,racetrack_small
27,35.288666666666664,3.0599201921922874,9.156333333333333,0.6086166666666666,1.422,2.83115,58,4.995666666666667,Cân bằng – theo mô hình,racetrack_small
28,35.157333333333334,3.055452792157989,9.118666666666666,0.6006333333333334,1.4046666666666667,2.812033333333333,54,4.9783333333333335,Cân bằng – theo mô hình,racetrack_small
29,35.148,3.0529629324019405,9.126333333333333,0.5970333333333333,1.3956666666666666,2.8364833333333337,55,5.041666666666667,Cân bằng – theo mô hình,racetrack_small
0,35.678,3.311170612871069,9.874,0.7707833333333335,1.8136666666666668,3.0223,61,5.073,Cân bằng – chọn bằng mô phỏng,racetrack_small
1,35.827333333333335,3.370449785186213,9.926333333333334,0.7693500000000001,1.8043333333333333,3.0506499999999996,55,5.127,Cân bằng – chọn bằng mô phỏng,racetrack_small
2,35.644666666666666,3.3128114053012054,9.873666666666667,0.75705,1.7843333333333333,3.0228333333333333,54,5.0986666666666665,Cân bằng – chọn bằng mô phỏng,racetrack_small
3,35.64533333333333,3.3329205315172468,9.868666666666666,0.7699333333333334,1.8153333333333332,3.0088,56,5.039,Cân bằng – chọn bằng mô phỏng,racetrack_small
4,35.660666666666664,3.3244132578706704,9.882,0.7937833333333333,1.8686666666666667,3.0225333333333326,63,5.014333333333333,Cân bằng – chọn bằng mô phỏng,racetrack_small
5,35.349333333333334,3.30163003014176,9.792333333333334,0.7725666666666666,1.801,2.9898499999999997,56,4.992666666666667,Cân bằng – chọn bằng mô phỏng,racetrack_small
6,35.612,3.325928543748469,9.875666666666667,0.7594500000000001,1.7846666666666666,3.018816666666667,58,5.0713333333333335,Cân bằng – chọn bằng mô phỏng,racetrack_small
7,35.92333333333333,3.3463879281811213,9.994,0.7847333333333333,1.8403333333333334,3.0538333333333334,62,5.108333333333333,Cân bằng – chọn bằng mô phỏng,racetrack_small
8,35.258,3.2623133224449363,9.703333333333333,0.7654333333333334,1.7993333333333332,2.956583333333333,60,4.933333333333334,Cân bằng – chọn bằng mô phỏng,racetrack_small
9,35.55266666666667,3.330007899084997,9.873,0.7756000000000001,1.8256666666666668,2.9986,60,5.013,Cân bằng – chọn bằng mô phỏng,racetrack_small
10,35.58866666666667,3.325158655184532,9.835666666666667,0.7707166666666665,1.8133333333333332,3.0153833333333333,61,5.045,Cân bằng – chọn bằng mô phỏng,racetrack_small
11,35.397333333333336,3.2661958587766153,9.745,0.7529500000000001,1.76,2.9592666666666663,53,4.957666666666666,Cân bằng – chọn bằng mô phỏng,racetrack_small
12,35.684,3.352698612799873,9.929333333333334,0.7701833333333332,1.803,3.0451000000000006,55,5.11,Cân bằng – chọn bằng mô phỏng,racetrack_small
13,35.57933333333333,3.3151646405960475,9.798333333333334,0.7619333333333334,1.7823333333333333,3.0252166666666667,54,5.076,Cân bằng – chọn bằng mô phỏng,racetrack_small
14,35.422666666666665,3.320629405561028,9.809,0.7596166666666668,1.7893333333333334,2.99125,62,5.022,Cân bằng – chọn bằng mô phỏng,racetrack_small
15,35.81133333333333,3.309644130768071,9.893333333333333,0.7754333333333332,1.8153333333333332,3.0505,57,5.126,Cân bằng – chọn bằng mô phỏng,racetrack_small
16,35.59866666666667,3.3024464319616844,9.865,0.7845,1.8463333333333334,3.013116666666667,57,4.998,Cân bằng – chọn bằng mô phỏng,racetrack_small
17,35.74933333333333,3.3180699802979006,9.874666666666666,0.7652833333333333,1.7943333333333333,3.0255166666666664,60,5.077333333333334,Cân bằng – chọn bằng mô phỏng,racetrack_small
18,35.660666666666664,3.3245528511881526,9.835333333333333,0.7737833333333333,1.8073333333333332,3.0156166666666664,61,5.044333333333333,Cân bằng – chọn bằng mô phỏng,racetrack_small
19,35.449333333333335,3.3066283423116185,9.811333333333334,0.7696833333333334,1.8016666666666667,3.0085,59,5.032,Cân bằng – chọn bằng mô phỏng,racetrack_small
20,35.71666666666667,3.3331900599728748,9.923333333333334,0.7733,1.827,3.023883333333334,59,5.061333333333334,Cân bằng – chọn bằng mô phỏng,racetrack_small
21,35.74933333333333,3.356075716182775,9.898333333333333,0.7646666666666667,1.793,3.053066666666667,61,5.153666666666667,Cân bằng – chọn bằng mô phỏng,racetrack_small
22,35.71333333333333,3.3150874872678022,9.821,0.7547833333333335,1.7723333333333333,3.01275,54,5.064333333333333,Cân bằng – chọn bằng mô phỏng,racetrack_small
23,35.67066666666667,3.342054035245932,9.916,0.7696000000000001,1.8083333333333333,3.0367666666666664,62,5.099,Cân bằng – chọn bằng mô phỏng,racetrack_small
24,35.74133333333333,3.3027976038554896,9.814666666666668,0.7808833333333334,1.8286666666666667,3.0240666666666662,59,5.041666666666667,Cân bằng – chọn bằng mô phỏng,racetrack_small
25,35.604,3.321721128155921,9.849,0.7622666666666668,1.782,3.0092000000000003,56,5.048,Cân bằng – chọn bằng mô phỏng,racetrack_small
26,35.77133333333333,3.36295558386034,9.91,0.7653,1.794,3.058566666666667,64,5.137333333333333,Cân bằng – chọn bằng mô phỏng,racetrack_small
27,35.815333333333335,3.3052311401142833,9.860333333333333,0.7779333333333334,1.8196666666666668,3.000466666666667,64,4.995666666666667,Cân bằng – chọn bằng mô phỏng,racetrack_small
28,35.406666666666666,3.2786045860192985,9.751,0.7549500000000001,1.7676666666666667,2.96635,58,4.9783333333333335,Cân bằng – chọn bằng mô phỏng,racetrack_small
29,35.414,3.284726147462643,9.752666666666666,0.7680499999999999,1.7913333333333334,3.0075,53,5.041666666666667,Cân bằng – chọn bằng mô phỏng,racetrack_small
0,35.862,3.398815207761383,10.157333333333334,0.8445833333333334,1.9626666666666666,3.0961,55,5.073,Cân bằng – tinh chỉnh,racetrack_small
1,35.99,3.448489675011986,10.252,0.8494666666666667,1.9843333333333333,3.1307666666666663,59,5.127,Cân bằng – tinh chỉnh,racetrack_small
2,35.87266666666667,3.4268709295996214,10.262666666666666,0.8395833333333333,1.963,3.105366666666667,58,5.0986666666666665,Cân bằng – tinh chỉnh,racetrack_small
3,35.855333333333334,3.421187174216503,10.182333333333334,0.8489,1.9823333333333333,3.087766666666667,54,5.039,Cân bằng – tinh chỉnh,racetrack_small
4,35.85466666666667,3.4210187467516717,10.201333333333332,0.8595166666666667,2.011,3.0882666666666663,59,5.014333333333333,Cân bằng – tinh chỉnh,racetrack_small
5,35.612,3.39227248168477,10.127333333333333,0.8393833333333333,1.97,3.0566666666666666,58,4.992666666666667,Cân bằng – tinh chỉnh,racetrack_small
6,35.87866666666667,3.4199086580777562,10.277333333333333,0.8631999999999999,2.019,3.1225666666666667,52,5.0713333333333335,Cân bằng – tinh chỉnh,racetrack_small
7,36.10066666666667,3.4221819772601934,10.260666666666667,0.8526666666666667,1.989,3.1217666666666672,59,5.108333333333333,Cân bằng – tinh chỉnh,racetrack_small
8,35.391333333333336,3.345099359247951,10.029,0.8261333333333334,1.933,3.0172833333333333,56,4.933333333333334,Cân bằng – tinh chỉnh,racetrack_small
9,35.72933333333334,3.4055088602695847,10.172666666666666,0.8456333333333333,1.9816666666666667,3.068633333333333,63,5.013,Cân bằng – tinh chỉnh,racetrack_small
10,35.81733333333333,3.414896273704528,10.186666666666667,0.85055,1.9903333333333333,3.0952166666666665,61,5.045,Cân bằng – tinh chỉnh,racetrack_small
11,35.624,3.3874927396581986,10.113666666666667,0.8361666666666666,1.961,3.0424833333333337,63,4.957666666666666,Cân bằng – tinh chỉnh,racetrack_small
12,35.834666666666664,3.4257329129865894,10.232333333333333,0.8445166666666667,1.972,3.1194333333333333,56,5.11,Cân bằng – tinh chỉnh,racetrack_small
13,35.77066666666666,3.415861307110475,10.158,0.8350166666666667,1.954,3.0983000000000005,60,5.076,Cân bằng – tinh chỉnh,racetrack_small
14,35.720666666666666,3.4067186578181516,10.150666666666666,0.8448,1.9786666666666666,3.076433333333333,58,5.022,Cân bằng – tinh chỉnh,racetrack_small
15,36.054,3.4135189103506414,10.253333333333334,0.86705,2.019,3.142116666666667,55,5.126,Cân bằng – tinh chỉnh,racetrack_small
16,35.806,3.4004799132130623,10.184333333333333,0.8501833333333334,1.9886666666666666,3.0787999999999993,56,4.998,Cân bằng – tinh chỉnh,racetrack_small
17,35.964666666666666,3.4188617977257683,10.239666666666666,0.853,1.997,3.1132333333333335,61,5.077333333333334,Cân bằng – tinh chỉnh,racetrack_small
18,35.88466666666667,3.427619795895607,10.204,0.8558500000000001,1.9943333333333333,3.097683333333333,59,5.044333333333333,Cân bằng – tinh chỉnh,racetrack_small
19,35.669333333333334,3.403234362173386,10.140333333333333,0.8523833333333334,1.9946666666666666,3.0911999999999997,55,5.032,Cân bằng – tinh chỉnh,racetrack_small
20,35.89533333333333,3.4112485454743835,10.211,0.8415499999999999,1.9753333333333334,3.092133333333334,57,5.061333333333334,Cân bằng – tinh chỉnh,racetrack_small
21,36.03933333333333,3.4546183308163614,10.279,0.8414666666666666,1.9693333333333334,3.129866666666666,59,5.153666666666667,Cân bằng – tinh chỉnh,racetrack_small
22,35.954,3.414761792901137,10.16,0.8418833333333333,1.975,3.0998499999999996,58,5.064333333333333,Cân bằng – tinh chỉnh,racetrack_small
23,35.876,3.4373747524784757,10.229333333333333,0.8563500000000001,1.9923333333333333,3.1235166666666663,65,5.099,Cân bằng – tinh chỉnh,racetrack_small
24,35.926,3.4013954865694753,10.169333333333332,0.8618166666666666,2.013,3.105,62,5.041666666666667,Cân bằng – tinh chỉnh,racetrack_small
25,35.84733333333333,3.410093399475677,10.171666666666667,0.8436666666666667,1.974,3.0906,52,5.048,Cân bằng – tinh chỉnh,racetrack_small
26,36.02733333333333,3.4515642324256053,10.312,0.8668166666666666,2.031,3.160083333333333,60,5.137333333333333,Cân bằng – tinh chỉnh,racetrack_small
27,35.86933333333333,3.393982331171188,10.168333333333333,0.8519833333333333,1.9923333333333333,3.0745166666666663,51,4.995666666666667,Cân bằng – tinh chỉnh,racetrack_small
28,35.62,3.3785121948440757,10.071666666666667,0.8225833333333333,1.9173333333333333,3.0339833333333335,53,4.9783333333333335,Cân bằng – tinh chỉnh,racetrack_small
29,35.64066666666667,3.3942459086309014,10.147,0.8289,1.945,3.0683499999999997,53,5.041666666666667,Cân bằng – tinh chỉnh,racetrack_small
0,39.18866666666667,3.5555361852429614,10.651333333333334,0.9308333333333333,2.1533333333333333,3.1823499999999996,56,5.073,Giá trị – theo mô hình,racetrack_small
1,39.15866666666667,3.5687565514940736,10.667333333333334,0.9219333333333334,2.121,3.2032333333333334,57,5.127,Giá trị – theo mô hình,racetrack_small
2,39.282666666666664,3.5428570818156264,10.612666666666666,0.8988833333333334,2.070666666666667,3.1646666666666667,55,5.0986666666666665,Giá trị – theo mô hình,racetrack_small
3,39.106,3.539610009420562,10.591333333333333,0.9485499999999999,2.1706666666666665,3.1874166666666666,61,5.039,Giá trị – theo mô hình,racetrack_small
4,39.00533333333333,3.527523202807288,10.548,0.9399333333333334,2.145,3.168683333333333,56,5.014333333333333,Giá trị – theo mô hình,racetrack_small
5,38.965333333333334,3.5140622602607414,10.531333333333333,0.91625,2.107,3.133533333333333,58,4.992666666666667,Giá trị – theo mô hình,racetrack_small
6,39.374,3.5587062606068653,10.704,0.9232166666666667,2.123666666666667,3.1825833333333335,61,5.0713333333333335,Giá trị – theo mô hình,racetrack_small
7,39.38933333333333,3.5699846191904148,10.751666666666667,0.9409,2.1613333333333333,3.21,60,5.108333333333333,Giá trị – theo mô hình,racetrack_small
8,38.76266666666667,3.4506514342811205,10.356,0.9022166666666666,2.0796666666666668,3.093366666666667,53,4.933333333333334,Giá trị – theo mô hình,racetrack_small
9,39.04866666666667,3.5298835399805593,10.561666666666667,0.9232666666666667,2.1193333333333335,3.146266666666667,59,5.013,Giá trị – theo mô hình,racetrack_small
10,39.14333333333333,3.5511060165141894,10.615333333333334,0.9410666666666667,2.163,3.1857333333333337,62,5.045,Giá trị – theo mô hình,racetrack_small
11,38.998,3.4998263463850052,10.497333333333334,0.9312833333333335,2.1473333333333335,3.1376000000000004,58,4.957666666666666,Giá trị – theo mô hình,racetrack_small
12,39.09866666666667,3.552366564594724,10.576,0.8888333333333334,2.038666666666667,3.16375,58,5.11,Giá trị – theo mô hình,racetrack_small
13,39.16133333333333,3.5791288533636023,10.704666666666666,0.9430666666666666,2.158,3.2063499999999996,59,5.076,Giá trị – theo mô hình,racetrack_small
14,39.202,3.5543997920044683,10.598666666666666,0.91875,2.1123333333333334,3.150383333333334,63,5.022,Giá trị – theo mô hình,racetrack_small
15,39.351333333333336,3.586473203524845,10.814666666666668,0.9588,2.1946666666666665,3.2338666666666676,61,5.126,Giá trị – theo mô hình,racetrack_small
16,39.099333333333334,3.5217753572111548,10.612,0.9466833333333334,2.167666666666667,3.1753,64,4.998,Giá trị – theo mô hình,racetrack_small
17,39.282666666666664,3.548889029158272,10.677333333333333,0.9328500000000001,2.148,3.1930833333333335,59,5.077333333333334,Giá trị – theo mô hình,racetrack_small
18,39.11333333333334,3.5340042811420913,10.549333333333333,0.9092833333333334,2.088,3.151116666666667,60,5.044333333333333,Giá trị – theo mô hình,racetrack_small
19,39.01466666666666,3.523080780255863,10.547333333333333,0.9295333333333333,2.135,3.1683499999999998,65,5.032,Giá trị – theo mô hình,racetrack_small
20,39.272666666666666,3.5423589185376327,10.629,0.9341166666666668,2.139666666666667,3.1847000000000003,60,5.061333333333334,Giá trị – theo mô hình,racetrack_small
21,39.318,3.575126224226009,10.705,0.9389,2.1546666666666665,3.2273,64,5.153666666666667,Giá trị – theo mô hình,racetrack_small
22,39.13066666666667,3.5448037337027807,10.634,0.9369333333333334,2.1563333333333334,3.1949,61,5.064333333333333,Giá trị – theo mô hình,racetrack_small
23,39.346666666666664,3.569846132961717,10.705,0.94895,2.173,3.2161166666666667,58,5.099,Giá trị – theo mô hình,racetrack_small
24,39.04333333333334,3.505033034661319,10.554666666666666,0.92145,2.11,3.164633333333333,54,5.041666666666667,Giá trị – theo mô hình,racetrack_small
25,39.17666666666667,3.5445468765542403,10.645666666666667,0.9392833333333332,2.1606666666666667,3.186216666666667,67,5.048,Giá trị – theo mô hình,racetrack_small
26,39.274,3.5744046383713526,10.688333333333333,0.9354166666666667,2.1486666666666667,3.2286833333333336,63,5.137333333333333,Giá trị – theo mô hình,racetrack_small
27,39.092666666666666,3.5158371166761353,10.608333333333333,0.9532333333333333,2.18,3.1757666666666666,64,4.995666666666667,Giá trị – theo mô hình,racetrack_small
28,39.002,3.5203938401574244,10.565,0.9085166666666665,2.090333333333333,3.1199166666666667,57,4.9783333333333335,Giá trị – theo mô hình,racetrack_small
29,39.132,3.5204727160080855,10.591666666666667,0.9417333333333333,2.1696666666666666,3.1811833333333333,63,5.041666666666667,Giá trị – theo mô hình,racetrack_small
0,38.48466666666667,3.590941613960887,10.685333333333332,0.9936166666666668,2.2763333333333335,3.2451333333333334,56,5.073,Giá trị – chọn bằng mô phỏng,racetrack_small
1,38.478,3.5761750313897847,10.612666666666666,0.9478166666666666,2.177,3.229116666666666,62,5.127,Giá trị – chọn bằng mô phỏng,racetrack_small
2,38.54333333333334,3.5702703702543896,10.664333333333333,0.9565833333333333,2.199666666666667,3.222366666666667,60,5.0986666666666665,Giá trị – chọn bằng mô phỏng,racetrack_small
3,38.42066666666667,3.581593193893433,10.667333333333334,0.9667833333333333,2.2176666666666667,3.2056500000000003,66,5.039,Giá trị – chọn bằng mô phỏng,racetrack_small
4,38.40133333333333,3.5368754924601724,10.560333333333332,0.9487,2.187,3.1774499999999994,52,5.014333333333333,Giá trị – chọn bằng mô phỏng,racetrack_small
5,38.24933333333333,3.538331744804992,10.513666666666667,0.9467166666666667,2.172,3.164,59,4.992666666666667,Giá trị – chọn bằng mô phỏng,racetrack_small
6,38.45666666666666,3.5768910454005773,10.699666666666667,0.9638833333333333,2.207333333333333,3.22325,54,5.0713333333333335,Giá trị – chọn bằng mô phỏng,racetrack_small
7,38.590666666666664,3.5821007681822765,10.689666666666668,0.9681000000000001,2.219333333333333,3.2372,65,5.108333333333333,Giá trị – chọn bằng mô phỏng,racetrack_small
8,38.10733333333334,3.499387191772841,10.461333333333334,0.9638166666666667,2.213,3.154966666666667,54,4.933333333333334,Giá trị – chọn bằng mô phỏng,racetrack_small
9,38.396,3.544754076563139,10.512666666666666,0.9609833333333333,2.205,3.183983333333333,55,5.013,Giá trị – chọn bằng mô phỏng,racetrack_small
10,38.43666666666667,3.577016145782698,10.68,0.9678833333333332,2.227,3.21255,55,5.045,Giá trị – chọn bằng mô phỏng,racetrack_small
11,38.221333333333334,3.524535103132344,10.497333333333334,0.9511666666666667,2.188,3.1574833333333334,63,4.957666666666666,Giá trị – chọn bằng mô phỏng,racetrack_small
12,38.489333333333335,3.5633481640353364,10.652333333333333,0.9196833333333334,2.1173333333333333,3.1946,58,5.11,Giá trị – chọn bằng mô phỏng,racetrack_small
13,38.483333333333334,3.5758364723437395,10.684,0.9555666666666666,2.198,3.2188499999999998,55,5.076,Giá trị – chọn bằng mô phỏng,racetrack_small
14,38.404,3.5809136667769903,10.596333333333334,0.9672333333333334,2.2133333333333334,3.198866666666666,49,5.022,Giá trị – chọn bằng mô phỏng,racetrack_small
15,38.62733333333333,3.570643504091861,10.681,0.9582333333333334,2.1943333333333332,3.2333,61,5.126,Giá trị – chọn bằng mô phỏng,racetrack_small
16,38.31733333333333,3.554995835034884,10.626,0.9512333333333333,2.195666666666667,3.1798499999999996,60,4.998,Giá trị – chọn bằng mô phỏng,racetrack_small
17,38.478,3.580182048761468,10.669666666666666,0.9658833333333333,2.216666666666667,3.226116666666667,53,5.077333333333334,Giá trị – chọn bằng mô phỏng,racetrack_small
18,38.48,3.5701127780401003,10.613333333333333,0.9472000000000002,2.171333333333333,3.1890333333333327,50,5.044333333333333,Giá trị – chọn bằng mô phỏng,racetrack_small
19,38.218,3.546201706484183,10.556666666666667,0.9554833333333332,2.1893333333333334,3.1943000000000006,55,5.032,Giá trị – chọn bằng mô phỏng,racetrack_small
20,38.486666666666665,3.5677872997953086,10.671666666666667,0.9744666666666667,2.234,3.22505,59,5.061333333333334,Giá trị – chọn bằng mô phỏng,racetrack_small
21,38.66133333333333,3.6112053780996978,10.739,0.9730166666666668,2.236,3.261416666666667,59,5.153666666666667,Giá trị – chọn bằng mô phỏng,racetrack_small
22,38.446666666666665,3.567808461834998,10.626666666666667,0.9553166666666667,2.207,3.2132833333333335,57,5.064333333333333,Giá trị – chọn bằng mô phỏng,racetrack_small
23,38.623333333333335,3.603825920536435,10.735,0.9828500000000001,2.2596666666666665,3.2500166666666663,60,5.099,Giá trị – chọn bằng mô phỏng,racetrack_small
24,38.474,3.555349485108852,10.639,0.9657166666666667,2.207,3.2089000000000003,61,5.041666666666667,Giá trị – chọn bằng mô phỏng,racetrack_small
25,38.388666666666666,3.5665331570342316,10.584666666666667,0.9566333333333333,2.203666666666667,3.203566666666667,58,5.048,Giá trị – chọn bằng mô phỏng,racetrack_small
26,38.552,3.6203468404826786,10.768333333333333,0.9658833333333335,2.2306666666666666,3.2591500000000004,54,5.137333333333333,Giá trị – chọn bằng mô phỏng,racetrack_small
27,38.43666666666667,3.5410602107455835,10.594666666666667,0.9735833333333334,2.2316666666666665,3.1961166666666667,59,4.995666666666667,Giá trị – chọn bằng mô phỏng,racetrack_small
28,38.35,3.548471246080773,10.597,0.96475,2.2216666666666667,3.1761500000000003,60,4.9783333333333335,Giá trị – chọn bằng mô phỏng,racetrack_small
29,38.388,3.5469311999109236,10.583,0.95435,2.1966666666666668,3.1938,63,5.041666666666667,Giá trị – chọn bằng mô phỏng,racetrack_small
0,38.724,3.713371048478201,11.074333333333334,1.0808,2.4396666666666667,3.332316666666667,57,5.073,Giá trị – tinh chỉnh,racetrack_small
1,38.91266666666667,3.723474183453515,11.095333333333333,1.0520333333333334,2.377,3.3333333333333335,59,5.127,Giá trị – tinh chỉnh,racetrack_small
2,38.91466666666667,3.732113551251578,11.136333333333333,1.0577833333333335,2.396333333333333,3.323566666666667,60,5.0986666666666665,Giá trị – tinh chỉnh,racetrack_small
3,38.75266666666667,3.7125253757388066,11.075,1.0857833333333335,2.4516666666666667,3.3246499999999997,62,5.039,Giá trị – tinh chỉnh,racetrack_small
4,38.806,3.706240002902665,11.034,1.0640833333333333,2.418,3.2928333333333333,60,5.014333333333333,Giá trị – tinh chỉnh,racetrack_small
5,38.682,3.687414370153685,11.001333333333333,1.0639666666666667,2.408333333333333,3.28125,56,4.992666666666667,Giá trị – tinh chỉnh,racetrack_small
6,38.874,3.7058430181211395,11.093,1.0778666666666665,2.437333333333333,3.3372333333333337,57,5.0713333333333335,Giá trị – tinh chỉnh,racetrack_small
7,38.942,3.7150999982109663,11.164,1.0807,2.44,3.3497999999999997,61,5.108333333333333,Giá trị – tinh chỉnh,racetrack_small
8,38.470666666666666,3.627770391550381,10.846666666666666,1.0439333333333334,2.3693333333333335,3.2350833333333333,62,4.933333333333334,Giá trị – tinh chỉnh,racetrack_small
9,38.782666666666664,3.7151200511751425,11.002333333333333,1.05855,2.4,3.2815499999999997,62,5.013,Giá trị – tinh chỉnh,racetrack_small
10,38.814,3.7174301668471164,11.060333333333332,1.0749166666666667,2.426,3.3195833333333336,60,5.045,Giá trị – tinh chỉnh,racetrack_small
11,38.44866666666667,3.6540857780937883,10.908666666666667,1.0579833333333333,2.3933333333333335,3.2643000000000004,61,4.957666666666666,Giá trị – tinh chỉnh,racetrack_small
12,38.821333333333335,3.720318694423565,11.072,1.0445,2.368333333333333,3.3194166666666667,62,5.11,Giá trị – tinh chỉnh,racetrack_small
13,38.804,3.70698449733894,11.053333333333333,1.05935,2.4,3.322633333333333,63,5.076,Giá trị – tinh chỉnh,racetrack_small
14,38.721333333333334,3.712961096029529,11.036,1.06945,2.4133333333333336,3.301083333333333,49,5.022,Giá trị – tinh chỉnh,racetrack_small
15,38.992,3.72612793620164,11.157666666666668,1.0944333333333334,2.474666666666667,3.3695,61,5.126,Giá trị – tinh chỉnh,racetrack_small
16,38.69133333333333,3.6709633405356192,11.002666666666666,1.0759500000000002,2.437333333333333,3.304566666666667,62,4.998,Giá trị – tinh chỉnh,racetrack_small
17,38.76866666666667,3.7091627779487037,11.064666666666668,1.0689166666666667,2.4156666666666666,3.3291500000000003,58,5.077333333333334,Giá trị – tinh chỉnh,racetrack_small
18,38.775333333333336,3.7069090244692062,11.075666666666667,1.077,2.4356666666666666,3.3188333333333335,58,5.044333333333333,Giá trị – tinh chỉnh,racetrack_small
19,38.574666666666666,3.665673200402827,10.939333333333334,1.0495833333333333,2.377666666666667,3.2884,55,5.032,Giá trị – tinh chỉnh,racetrack_small
20,38.77,3.7068153547049225,11.072333333333333,1.0643,2.404,3.3148833333333334,58,5.061333333333334,Giá trị – tinh chỉnh,racetrack_small
21,38.79,3.753975011792081,11.175,1.0864166666666666,2.4523333333333333,3.374816666666667,62,5.153666666666667,Giá trị – tinh chỉnh,racetrack_small
22,38.787333333333336,3.6942980180889973,11.057333333333334,1.05095,2.3753333333333333,3.3089166666666667,57,5.064333333333333,Giá trị – tinh chỉnh,racetrack_small
23,38.88133333333333,3.7458944785923776,11.146,1.0916833333333333,2.4656666666666665,3.3588500000000003,57,5.099,Giá trị – tinh chỉnh,racetrack_small
24,38.726,3.6884575392669467,11.025666666666666,1.0667666666666666,2.4063333333333334,3.3099499999999997,55,5.041666666666667,Giá trị – tinh chỉnh,racetrack_small
25,38.757333333333335,3.7027756981923483,11.053666666666667,1.0646166666666668,2.413,3.3115500000000004,64,5.048,Giá trị – tinh chỉnh,racetrack_small
26,38.96,3.7295764490576464,11.168,1.0658666666666665,2.4126666666666665,3.3591333333333333,58,5.137333333333333,Giá trị – tinh chỉnh,racetrack_small
27,38.63933333333333,3.6697530737002078,11.027,1.0829833333333334,2.4483333333333333,3.305516666666666,54,4.995666666666667,Giá trị – tinh chỉnh,racetrack_small
28,38.602666666666664,3.679091840097534,10.977,1.0675333333333334,2.4113333333333333,3.2789333333333333,59,4.9783333333333335,Giá trị – tinh chỉnh,racetrack_small
29,38.712666666666664,3.691610182145541,10.997666666666667,1.07415,2.435,3.3135999999999997,64,5.041666666666667,Giá trị – tinh chỉnh,racetrack_small
0,41.57333333333333,3.4128953602796557,10.400666666666666,0.6614,1.565,2.912916666666667,53,5.073,Hiện trạng,free_small
1,41.57266666666667,3.426627280940366,10.423666666666668,0.6395166666666666,1.518,2.920816666666667,62,5.127,Hiện trạng,free_small
2,41.596666666666664,3.4039263283617607,10.349,0.6213833333333334,1.4813333333333334,2.887166666666667,59,5.0986666666666665,Hiện trạng,free_small
3,41.611333333333334,3.401361969490852,10.321,0.64215,1.521,2.881016666666667,60,5.039,Hiện trạng,free_small
4,41.57933333333333,3.4042041042187137,10.377333333333333,0.6560666666666666,1.5553333333333332,2.884816666666667,57,5.014333333333333,Hiện trạng,free_small
5,41.606,3.383804510895635,10.252333333333333,0.6467333333333334,1.5423333333333333,2.864016666666666,62,4.992666666666667,Hiện trạng,free_small
6,41.628,3.385861366753749,10.326333333333332,0.627,1.5033333333333334,2.886366666666666,52,5.0713333333333335,Hiện trạng,free_small
7,41.71666666666667,3.421619137032196,10.479,0.6459,1.5406666666666666,2.915,53,5.108333333333333,Hiện trạng,free_small
8,41.35666666666667,3.311094824844319,10.064,0.6160333333333333,1.464,2.807183333333333,51,4.933333333333334,Hiện trạng,free_small
9,41.26533333333333,3.365745229818604,10.144666666666666,0.6168,1.4716666666666667,2.8398000000000003,52,5.013,Hiện trạng,free_small
10,41.57066666666667,3.406809644960495,10.322333333333333,0.6436999999999999,1.5346666666666666,2.8883666666666667,44,5.045,Hiện trạng,free_small
11,41.49666666666667,3.3648542093538527,10.217,0.636,1.52,2.842316666666667,53,4.957666666666666,Hiện trạng,free_small
12,41.74333333333333,3.409564851923887,10.343,0.6188499999999999,1.472,2.8937666666666666,61,5.11,Hiện trạng,free_small
13,41.64666666666667,3.4070681186423837,10.358333333333333,0.6282333333333333,1.4926666666666666,2.8915166666666665,50,5.076,Hiện trạng,free_small
14,41.522,3.383860235428148,10.247,0.6432666666666668,1.5266666666666666,2.8749000000000002,53,5.022,Hiện trạng,free_small
15,41.66466666666667,3.3933498212710775,10.366,0.6483500000000001,1.5466666666666666,2.9234166666666668,59,5.126,Hiện trạng,free_small
16,41.537333333333336,3.3634599630766835,10.244,0.6329833333333332,1.5046666666666666,2.8615999999999997,51,4.998,Hiện trạng,free_small
17,41.764,3.400181481064746,10.355666666666666,0.6344166666666666,1.506,2.8946500000000004,56,5.077333333333334,Hiện trạng,free_small
18,41.58866666666667,3.372977472260106,10.241333333333333,0.6268,1.494,2.8686333333333334,54,5.044333333333333,Hiện trạng,free_small
19,41.63,3.393874350309205,10.324333333333334,0.6490333333333334,1.5406666666666666,2.8878500000000003,60,5.032,Hiện trạng,free_small
20,41.62133333333333,3.4109267178389975,10.342666666666666,0.6562166666666667,1.5526666666666666,2.9068,51,5.061333333333334,Hiện trạng,free_small
21,41.71066666666667,3.4366097158356497,10.421333333333333,0.6466166666666667,1.5336666666666667,2.9350166666666664,55,5.153666666666667,Hiện trạng,free_small
22,41.63666666666666,3.402079379090445,10.300333333333333,0.6298,1.501,2.887766666666667,60,5.064333333333333,Hiện trạng,free_small
23,41.57933333333333,3.413619631853603,10.341,0.64925,1.5406666666666666,2.9164166666666667,60,5.099,Hiện trạng,free_small
24,41.62733333333333,3.387257214675812,10.306333333333333,0.6396333333333334,1.5083333333333333,2.882816666666667,70,5.041666666666667,Hiện trạng,free_small
25,41.596666666666664,3.3882392154607137,10.282333333333334,0.6378,1.5086666666666666,2.8847333333333336,56,5.048,Hiện trạng,free_small
26,41.76733333333333,3.433230437842046,10.426666666666666,0.6456833333333333,1.5376666666666667,2.93895,58,5.137333333333333,Hiện trạng,free_small
27,41.54066666666667,3.3710779235290804,10.246333333333334,0.63865,1.509,2.861183333333333,63,4.995666666666667,Hiện trạng,free_small
28,41.47666666666667,3.3784801047728092,10.319333333333333,0.6379833333333332,1.5196666666666667,2.849383333333334,50,4.9783333333333335,Hiện trạng,free_small
29,41.444,3.3705478993131233,10.233333333333333,0.6470333333333333,1.532,2.8864833333333335,50,5.041666666666667,Hiện trạng,free_small
0,42.86,3.0418174903193207,8.207,0.4295666666666666,0.949,2.6810833333333335,44,5.073,Tiện lợi – theo mô hình,free_small
1,43.099333333333334,3.084676591959294,8.29,0.4182166666666667,0.9213333333333333,2.699516666666667,61,5.127,Tiện lợi – theo mô hình,free_small
2,42.915333333333336,3.054059437020935,8.222333333333333,0.4130666666666667,0.9123333333333333,2.6788499999999997,48,5.0986666666666665,Tiện lợi – theo mô hình,free_small
3,42.846,3.0521611673153295,8.194333333333333,0.43291666666666667,0.951,2.6717833333333334,53,5.039,Tiện lợi – theo mô hình,free_small
4,42.882666666666665,3.042077886211919,8.204,0.4208,0.9306666666666666,2.64955,49,5.014333333333333,Tiện lợi – theo mô hình,free_small
5,42.66733333333333,3.0260423703070445,8.143666666666666,0.41530000000000006,0.918,2.6325833333333333,59,4.992666666666667,Tiện lợi – theo mô hình,free_small
6,42.925333333333334,3.0410194845188423,8.176,0.40748333333333336,0.903,2.66685,59,5.0713333333333335,Tiện lợi – theo mô hình,free_small
7,43.05,3.0760149377942536,8.316333333333333,0.4241333333333333,0.936,2.693233333333333,52,5.108333333333333,Tiện lợi – theo mô hình,free_small
8,42.45466666666667,2.9973150621650753,8.065666666666667,0.4194,0.9293333333333333,2.61055,49,4.933333333333334,Tiện lợi – theo mô hình,free_small
9,42.717333333333336,3.055668270148919,8.183,0.42905000000000004,0.9486666666666667,2.65205,56,5.013,Tiện lợi – theo mô hình,free_small
10,42.80733333333333,3.05033471166139,8.224,0.43626666666666664,0.963,2.6809333333333334,54,5.045,Tiện lợi – theo mô hình,free_small
11,42.55,3.0179549851380547,8.126333333333333,0.4240166666666667,0.941,2.630333333333333,53,4.957666666666666,Tiện lợi – theo mô hình,free_small
12,42.82,3.085230726906127,8.276666666666667,0.42461666666666664,0.941,2.6995333333333336,57,5.11,Tiện lợi – theo mô hình,free_small
13,42.739333333333335,3.0494392881276933,8.151,0.41530000000000006,0.9166666666666666,2.6785833333333335,50,5.076,Tiện lợi – theo mô hình,free_small
14,42.70733333333333,3.0382679915768858,8.146,0.41435,0.9146666666666666,2.6459833333333336,52,5.022,Tiện lợi – theo mô hình,free_small
15,42.986,3.0746131809411246,8.315333333333333,0.42573333333333335,0.9403333333333334,2.7008,57,5.126,Tiện lợi – theo mô hình,free_small
16,42.855333333333334,3.0215452813301074,8.177333333333333,0.4178833333333334,0.9293333333333333,2.6465,59,4.998,Tiện lợi – theo mô hình,free_small
17,42.922666666666665,3.0498909049626746,8.213666666666667,0.4221666666666667,0.928,2.6824,55,5.077333333333334,Tiện lợi – theo mô hình,free_small
18,42.868,3.0381730927190014,8.165666666666667,0.42769999999999997,0.9443333333333334,2.6695333333333333,53,5.044333333333333,Tiện lợi – theo mô hình,free_small
19,42.598,3.033810556649558,8.155,0.4233833333333334,0.9296666666666666,2.6622,54,5.032,Tiện lợi – theo mô hình,free_small
20,42.919333333333334,3.0489640022652416,8.187333333333333,0.4107833333333334,0.9096666666666666,2.661366666666667,49,5.061333333333334,Tiện lợi – theo mô hình,free_small
21,42.99733333333333,3.0792480165332665,8.255666666666666,0.4217833333333333,0.932,2.7101833333333336,57,5.153666666666667,Tiện lợi – theo mô hình,free_small
22,42.797333333333334,3.0540003286338493,8.212666666666667,0.4151000000000001,0.916,2.6730666666666667,52,5.064333333333333,Tiện lợi – theo mô hình,free_small
23,42.986,3.0678517484411243,8.212333333333333,0.42126666666666673,0.9296666666666666,2.6884333333333332,51,5.099,Tiện lợi – theo mô hình,free_small
24,42.996,3.052509148475653,8.229,0.4320666666666666,0.953,2.67525,61,5.041666666666667,Tiện lợi – theo mô hình,free_small
25,42.776,3.0402168512016723,8.211333333333334,0.4106000000000001,0.9066666666666666,2.6575333333333333,51,5.048,Tiện lợi – theo mô hình,free_small
26,42.88133333333333,3.0725434212467158,8.242,0.4173833333333333,0.9253333333333333,2.7106500000000002,57,5.137333333333333,Tiện lợi – theo mô hình,free_small
27,42.75333333333333,3.021155993507526,8.163,0.43126666666666674,0.9563333333333334,2.6538,57,4.995666666666667,Tiện lợi – theo mô hình,free_small
28,42.529333333333334,2.9988289284936243,8.021333333333333,0.4187166666666667,0.9296666666666666,2.6301166666666664,55,4.9783333333333335,Tiện lợi – theo mô hình,free_small
29,42.648666666666664,3.0324043832473646,8.173333333333334,0.42393333333333333,0.9396666666666667,2.6633833333333334,51,5.041666666666667,Tiện lợi – theo mô hình,free_small
0,42.653333333333336,2.9691907443607533,8.064666666666668,0.37133333333333335,0.8123333333333334,2.62285,53,5.073,Tiện lợi – chọn bằng mô phỏng,free_small
1,42.878,3.0147403681860063,8.163333333333334,0.3755,0.818,2.6568,54,5.127,Tiện lợi – chọn bằng mô phỏng,free_small
2,42.63466666666667,2.984399916047298,8.106666666666667,0.3547833333333333,0.7746666666666666,2.620566666666667,50,5.0986666666666665,Tiện lợi – chọn bằng mô phỏng,free_small
3,42.66,2.976391801094446,8.081333333333333,0.37629999999999997,0.8236666666666667,2.6151666666666666,56,5.039,Tiện lợi – chọn bằng mô phỏng,free_small
4,42.586666666666666,2.949852611365428,8.05,0.36794999999999994,0.81,2.5967000000000002,51,5.014333333333333,Tiện lợi – chọn bằng mô phỏng,free_small
5,42.40266666666667,2.94775184697896,7.980333333333333,0.35869999999999996,0.7846666666666666,2.5759833333333337,59,4.992666666666667,Tiện lợi – chọn bằng mô phỏng,free_small
6,42.70666666666666,2.973927952272041,8.106666666666667,0.37783333333333335,0.8286666666666667,2.6372,50,5.0713333333333335,Tiện lợi – chọn bằng mô phỏng,free_small
7,42.826,2.983939866514686,8.136333333333333,0.3820666666666666,0.8313333333333334,2.6511666666666667,55,5.108333333333333,Tiện lợi – chọn bằng mô phỏng,free_small
8,42.14333333333333,2.908209072451407,7.908,0.37704999999999994,0.826,2.5682,54,4.933333333333334,Tiện lợi – chọn bằng mô phỏng,free_small
9,42.47933333333334,2.976749955323549,8.042,0.36843333333333333,0.806,2.5914333333333333,63,5.013,Tiện lợi – chọn bằng mô phỏng,free_small
10,42.461333333333336,2.976551346128946,8.081333333333333,0.38126666666666675,0.8323333333333334,2.6259333333333337,51,5.045,Tiện lợi – chọn bằng mô phỏng,free_small
11,42.37466666666667,2.9417328885104883,7.975,0.36694999999999994,0.8033333333333333,2.5732666666666666,55,4.957666666666666,Tiện lợi – chọn bằng mô phỏng,free_small
12,42.686,3.0017511221398747,8.144666666666666,0.3733166666666667,0.8216666666666667,2.648233333333333,68,5.11,Tiện lợi – chọn bằng mô phỏng,free_small
13,42.477333333333334,2.960969245999457,7.998666666666667,0.34938333333333327,0.763,2.6126666666666667,49,5.076,Tiện lợi – chọn bằng mô phỏng,free_small
14,42.448,2.9541636357225287,8.008333333333333,0.3653666666666666,0.7966666666666666,2.597,49,5.022,Tiện lợi – chọn bằng mô phỏng,free_small
15,42.75533333333333,2.9997164757902026,8.195666666666666,0.3793833333333333,0.8263333333333334,2.65445,53,5.126,Tiện lợi – chọn bằng mô phỏng,free_small
16,42.54866666666667,2.9522975296621503,8.031,0.36465000000000003,0.8,2.5932666666666666,51,4.998,Tiện lợi – chọn bằng mô phỏng,free_small
17,42.64933333333333,2.9646487028437174,8.072666666666667,0.36355000000000004,0.792,2.6237833333333334,53,5.077333333333334,Tiện lợi – chọn bằng mô phỏng,free_small
18,42.595333333333336,2.9624188692628164,8.028,0.37610000000000005,0.823,2.6179333333333332,52,5.044333333333333,Tiện lợi – chọn bằng mô phỏng,free_small
19,42.36666666666667,2.9473341290523805,7.987666666666667,0.36666666666666664,0.8013333333333333,2.6054833333333334,57,5.032,Tiện lợi – chọn bằng mô phỏng,free_small
20,42.614,2.964877022306966,8.049666666666667,0.369,0.803,2.6195833333333334,59,5.061333333333334,Tiện lợi – chọn bằng mô phỏng,free_small
21,42.80533333333333,3.003698496914508,8.134333333333334,0.37323333333333325,0.815,2.661633333333333,58,5.153666666666667,Tiện lợi – chọn bằng mô phỏng,free_small
22,42.57333333333333,2.9597610683782793,8.036,0.3599666666666666,0.7896666666666666,2.6179333333333337,60,5.064333333333333,Tiện lợi – chọn bằng mô phỏng,free_small
23,42.824,2.9943540707810588,8.11,0.37005000000000005,0.8086666666666666,2.6372166666666668,56,5.099,Tiện lợi – chọn bằng mô phỏng,free_small
24,42.758,2.9743339763166237,8.096333333333334,0.3793166666666667,0.8316666666666667,2.6225,58,5.041666666666667,Tiện lợi – chọn bằng mô phỏng,free_small
25,42.52,2.967920472128682,8.062666666666667,0.37821666666666665,0.8243333333333334,2.62515,62,5.048,Tiện lợi – chọn bằng mô phỏng,free_small
26,42.61933333333333,2.9895256088649034,8.109333333333334,0.3593333333333334,0.7926666666666666,2.6526,51,5.137333333333333,Tiện lợi – chọn bằng mô phỏng,free_small
27,42.54533333333333,2.942727658340692,8.040333333333333,0.36739999999999995,0.8033333333333333,2.589933333333333,56,4.995666666666667,Tiện lợi – chọn bằng mô phỏng,free_small
28,42.306,2.9273845985005864,7.919333333333333,0.3529333333333333,0.778,2.5643333333333334,60,4.9783333333333335,Tiện lợi – chọn bằng mô phỏng,free_small
29,42.404,2.949922713605213,8.014,0.3635333333333333,0.7986666666666666,2.6029833333333334,59,5.041666666666667,Tiện lợi – chọn bằng mô phỏng,free_small
0,41.664,3.0110025800474842,8.422333333333333,0.41529999999999995,0.9646666666666667,2.6668166666666666,57,5.073,Tiện lợi – tinh chỉnh,free_small
1,41.832,3.0606900018579926,8.496,0.40335,0.936,2.6846500000000004,53,5.127,Tiện lợi – tinh chỉnh,free_small
2,41.57266666666667,3.018269648516334,8.423,0.39425,0.9186666666666666,2.6600333333333332,51,5.0986666666666665,Tiện lợi – tinh chỉnh,free_small
3,41.65533333333333,3.017392746583145,8.388333333333334,0.41231666666666666,0.9533333333333334,2.6511833333333334,53,5.039,Tiện lợi – tinh chỉnh,free_small
4,41.589333333333336,3.0084587079785705,8.381,0.40869999999999995,0.95,2.6374500000000003,51,5.014333333333333,Tiện lợi – tinh chỉnh,free_small
5,41.334,2.972443298679241,8.258666666666667,0.3873500000000001,0.8976666666666666,2.604633333333333,71,4.992666666666667,Tiện lợi – tinh chỉnh,free_small
6,41.638666666666666,3.005535156230495,8.341666666666667,0.3999666666666667,0.925,2.6593333333333335,57,5.0713333333333335,Tiện lợi – tinh chỉnh,free_small
7,41.818666666666665,3.0217421762286722,8.446333333333333,0.3972833333333333,0.925,2.666383333333333,53,5.108333333333333,Tiện lợi – tinh chỉnh,free_small
8,41.136,2.936001796902783,8.202,0.3905,0.9106666666666666,2.58165,56,4.933333333333334,Tiện lợi – tinh chỉnh,free_small
9,41.47866666666667,3.0151918067793435,8.366,0.39715,0.923,2.6201499999999998,61,5.013,Tiện lợi – tinh chỉnh,free_small
10,41.486,3.0022333009962403,8.381,0.39666666666666667,0.922,2.6413333333333333,60,5.045,Tiện lợi – tinh chỉnh,free_small
11,41.355333333333334,2.971648751338613,8.273666666666667,0.39998333333333325,0.926,2.6063,54,4.957666666666666,Tiện lợi – tinh chỉnh,free_small
12,41.61666666666667,3.0238277912176335,8.428666666666667,0.38948333333333335,0.91,2.6644,59,5.11,Tiện lợi – tinh chỉnh,free_small
13,41.41266666666667,2.997972691530698,8.335333333333333,0.38336666666666663,0.895,2.6466499999999997,60,5.076,Tiện lợi – tinh chỉnh,free_small
14,41.4,2.989369907290576,8.292666666666667,0.38356666666666667,0.8906666666666667,2.6152,59,5.022,Tiện lợi – tinh chỉnh,free_small
15,41.73466666666667,3.0253620036265807,8.482666666666667,0.4021666666666667,0.9296666666666666,2.677233333333333,51,5.126,Tiện lợi – tinh chỉnh,free_small
16,41.531333333333336,2.979108391075218,8.327,0.3923333333333333,0.9116666666666666,2.62095,47,4.998,Tiện lợi – tinh chỉnh,free_small
17,41.632,3.0011320560892365,8.366666666666667,0.3896,0.907,2.6498333333333335,57,5.077333333333334,Tiện lợi – tinh chỉnh,free_small
18,41.61666666666667,3.014201666810941,8.353333333333333,0.3982166666666667,0.92,2.64005,52,5.044333333333333,Tiện lợi – tinh chỉnh,free_small
19,41.30133333333333,2.979298507586694,8.282333333333334,0.3860166666666667,0.8953333333333333,2.624833333333333,51,5.032,Tiện lợi – tinh chỉnh,free_small
20,41.61,3.017908331225087,8.409666666666666,0.4147166666666666,0.959,2.6653,49,5.061333333333334,Tiện lợi – tinh chỉnh,free_small
21,41.730666666666664,3.041075645967183,8.431666666666667,0.3997666666666667,0.9296666666666666,2.6881666666666666,53,5.153666666666667,Tiện lợi – tinh chỉnh,free_small
22,41.544,3.001394936942139,8.354666666666667,0.3924333333333334,0.9063333333333333,2.6504,50,5.064333333333333,Tiện lợi – tinh chỉnh,free_small
23,41.785333333333334,3.0222491747580267,8.407333333333334,0.39173333333333327,0.91,2.6589,53,5.099,Tiện lợi – tinh chỉnh,free_small
24,41.738,3.009614068268524,8.421333333333333,0.40818333333333334,0.9426666666666667,2.6513666666666666,68,5.041666666666667,Tiện lợi – tinh chỉnh,free_small
25,41.531333333333336,3.009810547718605,8.396,0.39916666666666667,0.9206666666666666,2.6460999999999997,52,5.048,Tiện lợi – tinh chỉnh,free_small
26,41.67933333333333,3.026624885869751,8.393333333333333,0.38858333333333334,0.9116666666666666,2.68185,61,5.137333333333333,Tiện lợi – tinh chỉnh,free_small
27,41.608,2.977237181053125,8.332,0.3876,0.8966666666666666,2.610133333333333,55,4.995666666666667,Tiện lợi – tinh chỉnh,free_small
28,41.26133333333333,2.9591163779346825,8.235333333333333,0.3899833333333333,0.9136666666666666,2.601383333333333,58,4.9783333333333335,Tiện lợi – tinh chỉnh,free_small
29,41.343333333333334,2.9788988312687423,8.297333333333333,0.39898333333333336,0.9243333333333333,2.638433333333333,65,5.041666666666667,Tiện lợi – tinh chỉnh,free_small
0,43.26133333333333,3.0091550841300827,8.193,0.40375,0.8896666666666667,2.655266666666667,57,5.073,Cân bằng – theo mô hình,free_small
1,43.36066666666667,3.0299241299308006,8.23,0.39858333333333323,0.8683333333333333,2.6798833333333336,61,5.127,Cân bằng – theo mô hình,free_small
2,43.303333333333335,3.002090540054686,8.145666666666667,0.37531666666666663,0.8253333333333334,2.6411000000000002,59,5.0986666666666665,Cân bằng – theo mô hình,free_small
3,43.204,3.0050575771301444,8.17,0.40728333333333333,0.8956666666666667,2.64615,51,5.039,Cân bằng – theo mô hình,free_small
4,43.17,2.9822506170352368,8.147,0.3931166666666666,0.8573333333333333,2.6218666666666666,64,5.014333333333333,Cân bằng – theo mô hình,free_small
5,43.036,2.9793929872571208,8.081666666666667,0.38888333333333336,0.8543333333333333,2.6061666666666667,62,4.992666666666667,Cân bằng – theo mô hình,free_small
6,43.303333333333335,3.007066645431653,8.170666666666667,0.38248333333333334,0.8403333333333334,2.64185,48,5.0713333333333335,Cân bằng – theo mô hình,free_small
7,43.50066666666667,3.0381648288469965,8.276,0.40821666666666667,0.8933333333333333,2.677316666666667,54,5.108333333333333,Cân bằng – theo mô hình,free_small
8,42.69133333333333,2.9221623772642005,7.9303333333333335,0.381,0.8336666666666667,2.57215,58,4.933333333333334,Cân bằng – theo mô hình,free_small
9,43.17466666666667,3.002837157726659,8.129,0.3960666666666666,0.8696666666666667,2.6190666666666664,53,5.013,Cân bằng – theo mô hình,free_small
10,43.23533333333334,2.9971187632376943,8.147666666666666,0.3859666666666667,0.848,2.6306333333333334,58,5.045,Cân bằng – theo mô hình,free_small
11,42.87266666666667,2.9399019428603204,8.000333333333334,0.3793666666666667,0.8386666666666667,2.585683333333333,55,4.957666666666666,Cân bằng – theo mô hình,free_small
12,43.278666666666666,3.0339553134888266,8.255333333333333,0.39894999999999997,0.8733333333333333,2.6738666666666666,52,5.11,Cân bằng – theo mô hình,free_small
13,43.184,2.9972173284400534,8.164,0.38414999999999994,0.849,2.6474333333333333,59,5.076,Cân bằng – theo mô hình,free_small
14,43.135333333333335,2.9898430429201737,8.117,0.3902,0.857,2.6218333333333335,58,5.022,Cân bằng – theo mô hình,free_small
15,43.346,3.0183967724766427,8.215,0.41380000000000006,0.9013333333333333,2.6888666666666667,52,5.126,Cân bằng – theo mô hình,free_small
16,43.25333333333333,2.995307520146199,8.189,0.405,0.882,2.6336166666666667,56,4.998,Cân bằng – theo mô hình,free_small
17,43.370666666666665,2.9970963127061974,8.182333333333334,0.37866666666666665,0.8303333333333334,2.6389,59,5.077333333333334,Cân bằng – theo mô hình,free_small
18,43.316,3.005639579357178,8.124666666666666,0.3816,0.8396666666666667,2.6234333333333333,64,5.044333333333333,Cân bằng – theo mô hình,free_small
19,42.98466666666667,2.975121395914126,8.073333333333334,0.3860166666666667,0.8456666666666667,2.624833333333333,62,5.032,Cân bằng – theo mô hình,free_small
20,43.26866666666667,3.0034681587768475,8.184666666666667,0.40226666666666666,0.8886666666666667,2.65285,57,5.061333333333334,Cân bằng – theo mô hình,free_small
21,43.403333333333336,3.040348633639534,8.263,0.3944666666666667,0.868,2.682866666666667,69,5.153666666666667,Cân bằng – theo mô hình,free_small
22,43.19133333333333,2.9984892819915077,8.173,0.39540000000000003,0.8653333333333333,2.653366666666667,59,5.064333333333333,Cân bằng – theo mô hình,free_small
23,43.382,3.0236192658476515,8.212,0.3923166666666667,0.8613333333333333,2.6594833333333336,58,5.099,Cân bằng – theo mô hình,free_small
24,43.24066666666667,2.9885355142189396,8.138,0.38664999999999994,0.847,2.629833333333333,58,5.041666666666667,Cân bằng – theo mô hình,free_small
25,43.196,2.9783212947270252,8.099,0.37243333333333334,0.8246666666666667,2.6193666666666666,51,5.048,Cân bằng – theo mô hình,free_small
26,43.37533333333333,3.0367277756139446,8.256666666666666,0.40630000000000005,0.8913333333333333,2.699566666666667,57,5.137333333333333,Cân bằng – theo mô hình,free_small
27,43.196,2.963706899064814,8.094333333333333,0.38954999999999995,0.8626666666666667,2.6120833333333335,58,4.995666666666667,Cân bằng – theo mô hình,free_small
28,42.95733333333333,2.9624075393021845,8.057333333333334,0.3790666666666666,0.833,2.5904666666666665,56,4.9783333333333335,Cân bằng – theo mô hình,free_small
29,43.02733333333333,2.9664466423882767,8.045666666666667,0.38658333333333333,0.8503333333333334,2.6260333333333334,55,5.041666666666667,Cân bằng – theo mô hình,free_small
0,43.968666666666664,4.151918337844944,12.998666666666667,1.1972666666666667,2.687333333333333,3.4487833333333335,57,5.073,Cân bằng – chọn bằng mô phỏng,free_small
1,43.89266666666666,4.154877550374204,12.971,1.1691333333333334,2.618333333333333,3.4504333333333332,65,5.127,Cân bằng – chọn bằng mô phỏng,free_small
2,43.967333333333336,4.171647125340169,13.082333333333333,1.1728333333333334,2.638333333333333,3.438616666666667,59,5.0986666666666665,Cân bằng – chọn bằng mô phỏng,free_small
3,43.97,4.1336187241311535,12.906333333333333,1.1800333333333335,2.6406666666666667,3.4189000000000003,57,5.039,Cân bằng – chọn bằng mô phỏng,free_small
4,43.861333333333334,4.113901678462987,12.869333333333334,1.2100333333333333,2.7106666666666666,3.4387833333333333,53,5.014333333333333,Cân bằng – chọn bằng mô phỏng,free_small
5,43.711333333333336,4.0935955154132255,12.76,1.16255,2.6013333333333333,3.3798333333333335,57,4.992666666666667,Cân bằng – chọn bằng mô phỏng,free_small
6,43.88733333333333,4.134364737825511,12.961666666666666,1.17685,2.6443333333333334,3.436216666666667,63,5.0713333333333335,Cân bằng – chọn bằng mô phỏng,free_small
7,44.10066666666667,4.169449567515516,13.077,1.1911333333333332,2.683666666666667,3.4602333333333335,58,5.108333333333333,Cân bằng – chọn bằng mô phỏng,free_small
8,43.693333333333335,4.0803095495423,12.797,1.1731666666666667,2.6363333333333334,3.364316666666667,54,4.933333333333334,Cân bằng – chọn bằng mô phỏng,free_small
9,43.87733333333333,4.165724626868,12.950333333333333,1.1952,2.6936666666666667,3.4182,56,5.013,Cân bằng – chọn bằng mô phỏng,free_small
10,43.81066666666667,4.141571731194012,12.944333333333333,1.1909333333333334,2.679,3.4355999999999995,63,5.045,Cân bằng – chọn bằng mô phỏng,free_small
11,43.69466666666667,4.071180658620918,12.730666666666666,1.1600833333333334,2.604,3.3664,60,4.957666666666666,Cân bằng – chọn bằng mô phỏng,free_small
12,43.87466666666667,4.145270264581822,12.926333333333334,1.1584333333333334,2.607666666666667,3.4333500000000003,59,5.11,Cân bằng – chọn bằng mô phỏng,free_small
13,43.614,4.143413169711408,12.988333333333333,1.1738,2.6246666666666667,3.4370833333333333,49,5.076,Cân bằng – chọn bằng mô phỏng,free_small
14,43.794666666666664,4.130582293904592,12.848333333333333,1.1851333333333331,2.6546666666666665,3.416766666666667,51,5.022,Cân bằng – chọn bằng mô phỏng,free_small
15,44.01266666666667,4.159642939717118,13.043333333333333,1.21385,2.7196666666666665,3.488916666666667,62,5.126,Cân bằng – chọn bằng mô phỏng,free_small
16,43.82533333333333,4.093910737004528,12.840666666666667,1.1741666666666666,2.6456666666666666,3.402783333333333,55,4.998,Cân bằng – chọn bằng mô phỏng,free_small
17,43.88666666666666,4.147874577383969,12.944,1.1728833333333333,2.6403333333333334,3.433116666666667,52,5.077333333333334,Cân bằng – chọn bằng mô phỏng,free_small
18,43.902,4.1318523398874625,12.910333333333334,1.1714666666666667,2.631666666666667,3.4133,57,5.044333333333333,Cân bằng – chọn bằng mô phỏng,free_small
19,43.715333333333334,4.116087732430647,12.848333333333333,1.1704666666666665,2.63,3.4092833333333328,59,5.032,Cân bằng – chọn bằng mô phỏng,free_small
20,43.982,4.1427266040150945,12.988,1.1832,2.664,3.4337833333333334,50,5.061333333333334,Cân bằng – chọn bằng mô phỏng,free_small
21,43.904666666666664,4.153665608590997,12.940666666666667,1.1761,2.642,3.4645,50,5.153666666666667,Cân bằng – chọn bằng mô phỏng,free_small
22,43.73733333333333,4.126153320723163,12.868,1.1692,2.6283333333333334,3.4271666666666665,60,5.064333333333333,Cân bằng – chọn bằng mô phỏng,free_small
23,43.90533333333333,4.157025033928428,12.952333333333334,1.1992333333333334,2.683666666666667,3.4664,66,5.099,Cân bằng – chọn bằng mô phỏng,free_small
24,43.846666666666664,4.108858467605541,12.822333333333333,1.1597166666666665,2.6066666666666665,3.4029000000000003,52,5.041666666666667,Cân bằng – chọn bằng mô phỏng,free_small
25,43.88466666666667,4.156029347339902,12.977,1.1827666666666667,2.658333333333333,3.4297,66,5.048,Cân bằng – chọn bằng mô phỏng,free_small
26,43.834,4.143517915069366,12.96,1.1812,2.662333333333333,3.4744666666666664,52,5.137333333333333,Cân bằng – chọn bằng mô phỏng,free_small
27,43.812,4.110622786092854,12.860333333333333,1.1636833333333334,2.606333333333333,3.3862166666666673,61,4.995666666666667,Cân bằng – chọn bằng mô phỏng,free_small
28,43.675333333333334,4.094895505584698,12.811,1.1603333333333334,2.61,3.3717333333333337,57,4.9783333333333335,Cân bằng – chọn bằng mô phỏng,free_small
29,43.72266666666667,4.127425419562358,12.903666666666666,1.1978,2.691,3.43725,53,5.041666666666667,Cân bằng – chọn bằng mô phỏng,free_small
0,44.03,4.185838306122428,13.179333333333334,1.2219666666666666,2.724,3.4734833333333337,54,5.073,Cân bằng – tinh chỉnh,free_small
1,44.164,4.202323615835122,13.139666666666667,1.2054,2.7083333333333335,3.4866999999999995,62,5.127,Cân bằng – tinh chỉnh,free_small
2,44.165333333333336,4.212553102061761,13.224,1.2080500000000003,2.715333333333333,3.4738333333333333,60,5.0986666666666665,Cân bằng – tinh chỉnh,free_small
3,44.01,4.172118146116363,13.069666666666667,1.219,2.7386666666666666,3.457866666666666,54,5.039,Cân bằng – tinh chỉnh,free_small
4,44.038666666666664,4.160890043451494,13.025666666666666,1.2164833333333334,2.723,3.4452333333333334,62,5.014333333333333,Cân bằng – tinh chỉnh,free_small
5,43.900666666666666,4.150269572184866,12.977333333333334,1.1860833333333334,2.6576666666666666,3.403366666666667,59,4.992666666666667,Cân bằng – tinh chỉnh,free_small
6,44.102666666666664,4.1790783365099164,13.107,1.2013166666666668,2.7,3.4606833333333338,56,5.0713333333333335,Cân bằng – tinh chỉnh,free_small
7,44.188,4.196621975736504,13.199,1.2270833333333333,2.7356666666666665,3.4961833333333336,54,5.108333333333333,Cân bằng – tinh chỉnh,free_small
8,43.861333333333334,4.145678872343345,12.994333333333334,1.2271833333333333,2.743333333333333,3.4183333333333334,50,4.933333333333334,Cân bằng – tinh chỉnh,free_small
9,44.159333333333336,4.191795779215092,13.149,1.2177666666666667,2.737,3.4407666666666663,52,5.013,Cân bằng – tinh chỉnh,free_small
10,44.031333333333336,4.195679518090938,13.144666666666666,1.2219833333333332,2.744,3.4666500000000005,55,5.045,Cân bằng – tinh chỉnh,free_small
11,43.85066666666667,4.138016506496053,12.992666666666667,1.2132,2.7216666666666667,3.4195166666666665,52,4.957666666666666,Cân bằng – tinh chỉnh,free_small
12,44.13066666666667,4.200516605244654,13.108666666666666,1.2101166666666667,2.7003333333333335,3.4850333333333334,64,5.11,Cân bằng – tinh chỉnh,free_small
13,44.00666666666667,4.179758267749392,13.139666666666667,1.2028,2.691,3.466083333333333,57,5.076,Cân bằng – tinh chỉnh,free_small
14,44.01733333333333,4.166605010912552,13.020666666666667,1.2124,2.7116666666666664,3.4440333333333335,55,5.022,Cân bằng – tinh chỉnh,free_small
15,44.285333333333334,4.21346215407165,13.241,1.2407333333333332,2.781,3.5158,58,5.126,Cân bằng – tinh chỉnh,free_small
16,44.05733333333333,4.132159799239319,12.977333333333334,1.187166666666667,2.671333333333333,3.4157833333333336,55,4.998,Cân bằng – tinh chỉnh,free_small
17,44.018,4.177306007338477,13.116,1.2051166666666666,2.6976666666666667,3.46535,59,5.077333333333334,Cân bằng – tinh chỉnh,free_small
18,44.138,4.1780925867009815,13.103333333333333,1.2020499999999998,2.6933333333333334,3.443883333333334,56,5.044333333333333,Cân bằng – tinh chỉnh,free_small
19,43.934666666666665,4.16263045442766,13.058333333333334,1.2162333333333335,2.727,3.4550500000000004,52,5.032,Cân bằng – tinh chỉnh,free_small
20,44.13133333333333,4.217515110944123,13.222666666666667,1.2491333333333334,2.806,3.4997166666666666,57,5.061333333333334,Cân bằng – tinh chỉnh,free_small
21,44.108666666666664,4.224997076106322,13.217666666666666,1.2030333333333334,2.7016666666666667,3.491433333333333,56,5.153666666666667,Cân bằng – tinh chỉnh,free_small
22,43.995333333333335,4.171220365147193,13.054,1.21325,2.724666666666667,3.4712166666666673,56,5.064333333333333,Cân bằng – tinh chỉnh,free_small
23,44.174,4.213054595563358,13.136666666666667,1.2067333333333332,2.6983333333333333,3.4739000000000004,59,5.099,Cân bằng – tinh chỉnh,free_small
24,44.008,4.162436045535343,13.033666666666667,1.1948999999999999,2.6773333333333333,3.438083333333333,53,5.041666666666667,Cân bằng – tinh chỉnh,free_small
25,44.132,4.20248623014832,13.189666666666668,1.2235,2.7493333333333334,3.4704333333333333,55,5.048,Cân bằng – tinh chỉnh,free_small
26,44.026,4.208523397359297,13.115666666666666,1.2117833333333332,2.7223333333333333,3.5050500000000007,54,5.137333333333333,Cân bằng – tinh chỉnh,free_small
27,44.07066666666667,4.166570815829091,13.053,1.21,2.7196666666666665,3.432533333333334,53,4.995666666666667,Cân bằng – tinh chỉnh,free_small
28,43.90133333333333,4.1484324910279105,12.979,1.1939333333333333,2.6743333333333332,3.4053333333333335,52,4.9783333333333335,Cân bằng – tinh chỉnh,free_small
29,43.97533333333333,4.171245932458465,13.056666666666667,1.2237166666666668,2.7463333333333333,3.4631666666666665,49,5.041666666666667,Cân bằng – tinh chỉnh,free_small
0,44.64933333333333,4.15355280906367,13.028,1.1716666666666666,2.6613333333333333,3.4231833333333337,57,5.073,Giá trị – theo mô hình,free_small
1,44.788666666666664,4.181621765133976,13.096,1.1615499999999999,2.626333333333333,3.44285,57,5.127,Giá trị – theo mô hình,free_small
2,44.822,4.190923698102499,13.176,1.1978333333333333,2.7063333333333333,3.463616666666667,55,5.0986666666666665,Giá trị – theo mô hình,free_small
3,44.7,4.153371386694479,13.002,1.18685,2.6896666666666667,3.4257166666666667,51,5.039,Giá trị – theo mô hình,free_small
4,44.59466666666667,4.146335329162346,12.972333333333333,1.1687666666666665,2.649,3.3975166666666663,52,5.014333333333333,Giá trị – theo mô hình,free_small
5,44.54,4.11507804882077,12.843,1.1674166666666668,2.64,3.3847,53,4.992666666666667,Giá trị – theo mô hình,free_small
6,44.785333333333334,4.150667349266928,13.080666666666668,1.1883666666666668,2.683333333333333,3.4477333333333338,56,5.0713333333333335,Giá trị – theo mô hình,free_small
7,44.88133333333333,4.176362792721406,13.161666666666667,1.1899666666666666,2.6866666666666665,3.4590666666666667,53,5.108333333333333,Giá trị – theo mô hình,free_small
8,44.482,4.114202049656093,12.869333333333334,1.1828,2.6723333333333334,3.3739499999999993,54,4.933333333333334,Giá trị – theo mô hình,free_small
9,44.568666666666665,4.168278324814687,13.017333333333333,1.1849666666666667,2.686,3.4079666666666673,56,5.013,Giá trị – theo mô hình,free_small
10,44.64933333333333,4.162815038027061,13.014666666666667,1.18145,2.6736666666666666,3.4261166666666676,58,5.045,Giá trị – theo mô hình,free_small
11,44.351333333333336,4.079395351262565,12.781666666666666,1.1568666666666667,2.6293333333333333,3.363183333333333,55,4.957666666666666,Giá trị – theo mô hình,free_small
12,44.574666666666666,4.175021353344278,13.03,1.1696666666666666,2.6466666666666665,3.4445833333333336,51,5.11,Giá trị – theo mô hình,free_small
13,44.54,4.174385747485063,13.071666666666667,1.1847999999999999,2.667666666666667,3.4480833333333334,56,5.076,Giá trị – theo mô hình,free_small
14,44.656,4.140645319675249,12.942666666666666,1.1623833333333333,2.6326666666666667,3.3940166666666665,52,5.022,Giá trị – theo mô hình,free_small
15,44.89333333333333,4.167119541524825,13.106,1.1937333333333335,2.6983333333333333,3.4688000000000003,63,5.126,Giá trị – theo mô hình,free_small
16,44.657333333333334,4.125076653178335,12.943,1.1711,2.657,3.3997166666666665,53,4.998,Giá trị – theo mô hình,free_small
17,44.62533333333333,4.166026768238621,13.059,1.1724,2.659666666666667,3.4326333333333334,51,5.077333333333334,Giá trị – theo mô hình,free_small
18,44.69866666666667,4.139120748485053,12.992333333333333,1.1628166666666668,2.635666666666667,3.40465,58,5.044333333333333,Giá trị – theo mô hình,free_small
19,44.529333333333334,4.135135032126104,12.931,1.1721166666666667,2.6536666666666666,3.410933333333333,53,5.032,Giá trị – theo mô hình,free_small
20,44.67333333333333,4.162112959105616,13.078666666666667,1.1893666666666667,2.6816666666666666,3.43995,58,5.061333333333334,Giá trị – theo mô hình,free_small
21,44.646,4.176076345243027,13.039666666666667,1.1556333333333333,2.6226666666666665,3.4440333333333335,55,5.153666666666667,Giá trị – theo mô hình,free_small
22,44.507333333333335,4.150825885986353,12.95,1.1457333333333333,2.5966666666666667,3.4037,59,5.064333333333333,Giá trị – theo mô hình,free_small
23,44.78066666666667,4.179789723093888,13.052333333333333,1.1837833333333334,2.672,3.45095,52,5.099,Giá trị – theo mô hình,free_small
24,44.61933333333333,4.143523776683494,12.907,1.1638666666666668,2.6216666666666666,3.40705,60,5.041666666666667,Giá trị – theo mô hình,free_small
25,44.781333333333336,4.170611592153846,13.08,1.1723,2.659666666666667,3.4192333333333336,55,5.048,Giá trị – theo mô hình,free_small
26,44.708666666666666,4.179532233799347,13.081666666666667,1.17185,2.6576666666666666,3.4651166666666673,55,5.137333333333333,Giá trị – theo mô hình,free_small
27,44.583333333333336,4.12270118838075,12.951333333333332,1.1816833333333332,2.6733333333333333,3.404216666666667,64,4.995666666666667,Giá trị – theo mô hình,free_small
28,44.468,4.109575980276565,12.873666666666667,1.1562333333333332,2.6153333333333335,3.367633333333333,56,4.9783333333333335,Giá trị – theo mô hình,free_small
29,44.650666666666666,4.130259874567258,12.984,1.1704166666666667,2.6533333333333333,3.409866666666667,50,5.041666666666667,Giá trị – theo mô hình,free_small
0,44.64933333333333,4.15355280906367,13.028,1.1716666666666666,2.6613333333333333,3.4231833333333337,57,5.073,Giá trị – chọn bằng mô phỏng,free_small
1,44.788666666666664,4.181621765133976,13.096,1.1615499999999999,2.626333333333333,3.44285,57,5.127,Giá trị – chọn bằng mô phỏng,free_small
2,44.822,4.190923698102499,13.176,1.1978333333333333,2.7063333333333333,3.463616666666667,55,5.0986666666666665,Giá trị – chọn bằng mô phỏng,free_small
3,44.7,4.153371386694479,13.002,1.18685,2.6896666666666667,3.4257166666666667,51,5.039,Giá trị – chọn bằng mô phỏng,free_small
4,44.59466666666667,4.146335329162346,12.972333333333333,1.1687666666666665,2.649,3.3975166666666663,52,5.014333333333333,Giá trị – chọn bằng mô phỏng,free_small
5,44.54,4.11507804882077,12.843,1.1674166666666668,2.64,3.3847,53,4.992666666666667,Giá trị – chọn bằng mô phỏng,free_small
6,44.785333333333334,4.150667349266928,13.080666666666668,1.1883666666666668,2.683333333333333,3.4477333333333338,56,5.0713333333333335,Giá trị – chọn bằng mô phỏng,free_small
7,44.88133333333333,4.176362792721406,13.161666666666667,1.1899666666666666,2.6866666666666665,3.4590666666666667,53,5.108333333333333,Giá trị – chọn bằng mô phỏng,free_small
8,44.482,4.114202049656093,12.869333333333334,1.1828,2.6723333333333334,3.3739499999999993,54,4.933333333333334,Giá trị – chọn bằng mô phỏng,free_small
9,44.568666666666665,4.168278324814687,13.017333333333333,1.1849666666666667,2.686,3.4079666666666673,56,5.013,Giá trị – chọn bằng mô phỏng,free_small
10,44.64933333333333,4.162815038027061,13.014666666666667,1.18145,2.6736666666666666,3.4261166666666676,58,5.045,Giá trị – chọn bằng mô phỏng,free_small
11,44.351333333333336,4.079395351262565,12.781666666666666,1.1568666666666667,2.6293333333333333,3.363183333333333,55,4.957666666666666,Giá trị – chọn bằng mô phỏng,free_small
12,44.574666666666666,4.175021353344278,13.03,1.1696666666666666,2.6466666666666665,3.4445833333333336,51,5.11,Giá trị – chọn bằng mô phỏng,free_small
13,44.54,4.174385747485063,13.071666666666667,1.1847999999999999,2.667666666666667,3.4480833333333334,56,5.076,Giá trị – chọn bằng mô phỏng,free_small
14,44.656,4.140645319675249,12.942666666666666,1.1623833333333333,2.6326666666666667,3.3940166666666665,52,5.022,Giá trị – chọn bằng mô phỏng,free_small
15,44.89333333333333,4.167119541524825,13.106,1.1937333333333335,2.6983333333333333,3.4688000000000003,63,5.126,Giá trị – chọn bằng mô phỏng,free_small
16,44.657333333333334,4.125076653178335,12.943,1.1711,2.657,3.3997166666666665,53,4.998,Giá trị – chọn bằng mô phỏng,free_small
17,44.62533333333333,4.166026768238621,13.059,1.1724,2.659666666666667,3.4326333333333334,51,5.077333333333334,Giá trị – chọn bằng mô phỏng,free_small
18,44.69866666666667,4.139120748485053,12.992333333333333,1.1628166666666668,2.635666666666667,3.40465,58,5.044333333333333,Giá trị – chọn bằng mô phỏng,free_small
19,44.529333333333334,4.135135032126104,12.931,1.1721166666666667,2.6536666666666666,3.410933333333333,53,5.032,Giá trị – chọn bằng mô phỏng,free_small
20,44.67333333333333,4.162112959105616,13.078666666666667,1.1893666666666667,2.6816666666666666,3.43995,58,5.061333333333334,Giá trị – chọn bằng mô phỏng,free_small
21,44.646,4.176076345243027,13.039666666666667,1.1556333333333333,2.6226666666666665,3.4440333333333335,55,5.153666666666667,Giá trị – chọn bằng mô phỏng,free_small
22,44.507333333333335,4.150825885986353,12.95,1.1457333333333333,2.5966666666666667,3.4037,59,5.064333333333333,Giá trị – chọn bằng mô phỏng,free_small
23,44.78066666666667,4.179789723093888,13.052333333333333,1.1837833333333334,2.672,3.45095,52,5.099,Giá trị – chọn bằng mô phỏng,free_small
24,44.61933333333333,4.143523776683494,12.907,1.1638666666666668,2.6216666666666666,3.40705,60,5.041666666666667,Giá trị – chọn bằng mô phỏng,free_small
25,44.781333333333336,4.170611592153846,13.08,1.1723,2.659666666666667,3.4192333333333336,55,5.048,Giá trị – chọn bằng mô phỏng,free_small
26,44.708666666666666,4.179532233799347,13.081666666666667,1.17185,2.6576666666666666,3.4651166666666673,55,5.137333333333333,Giá trị – chọn bằng mô phỏng,free_small
27,44.583333333333336,4.12270118838075,12.951333333333332,1.1816833333333332,2.6733333333333333,3.404216666666667,64,4.995666666666667,Giá trị – chọn bằng mô phỏng,free_small
28,44.468,4.109575980276565,12.873666666666667,1.1562333333333332,2.6153333333333335,3.367633333333333,56,4.9783333333333335,Giá trị – chọn bằng mô phỏng,free_small
29,44.650666666666666,4.130259874567258,12.984,1.1704166666666667,2.6533333333333333,3.409866666666667,50,5.041666666666667,Giá trị – chọn bằng mô phỏng,free_small
0,43.208666666666666,4.21425755470417,13.057666666666666,1.256533333333333,2.7983333333333333,3.5080500000000003,55,5.073,Giá trị – tinh chỉnh,free_small
1,43.41266666666667,4.237570793189226,13.099333333333334,1.2283166666666667,2.738,3.509616666666666,53,5.127,Giá trị – tinh chỉnh,free_small
2,43.42,4.236150315632257,13.113666666666667,1.2345166666666667,2.7483333333333335,3.5002999999999997,53,5.0986666666666665,Giá trị – tinh chỉnh,free_small
3,43.315333333333335,4.2143453530502475,13.043333333333333,1.2359166666666668,2.7546666666666666,3.4747833333333333,55,5.039,Giá trị – tinh chỉnh,free_small
4,43.344,4.194302733859593,12.979333333333333,1.2349333333333334,2.754,3.463683333333334,52,5.014333333333333,Giá trị – tinh chỉnh,free_small
5,43.274,4.174900349151725,12.893333333333333,1.2134,2.7103333333333333,3.430683333333333,49,4.992666666666667,Giá trị – tinh chỉnh,free_small
6,43.436,4.201360347364798,13.076666666666666,1.2432833333333333,2.772666666666667,3.50265,56,5.0713333333333335,Giá trị – tinh chỉnh,free_small
7,43.534666666666666,4.223288061917144,13.196333333333333,1.2307,2.7476666666666665,3.4998000000000005,57,5.108333333333333,Giá trị – tinh chỉnh,free_small
8,43.175333333333334,4.130753547396529,12.822666666666667,1.2200666666666666,2.731333333333333,3.4112166666666663,56,4.933333333333334,Giá trị – tinh chỉnh,free_small
9,43.29933333333334,4.216156267114319,13.025666666666666,1.2386666666666666,2.762,3.4616666666666664,52,5.013,Giá trị – tinh chỉnh,free_small
10,43.392,4.215095778129652,13.041,1.26055,2.816333333333333,3.505216666666667,55,5.045,Giá trị – tinh chỉnh,free_small
11,43.026,4.129746362268009,12.821333333333333,1.2105,2.708666666666667,3.416816666666667,51,4.957666666666666,Giá trị – tinh chỉnh,free_small
12,43.39666666666667,4.221824836728856,13.042666666666667,1.2123666666666666,2.715333333333333,3.4872833333333335,56,5.11,Giá trị – tinh chỉnh,free_small
13,43.31733333333333,4.184410428210712,13.020666666666667,1.2296666666666667,2.743,3.4929499999999996,47,5.076,Giá trị – tinh chỉnh,free_small
14,43.300666666666665,4.208801439318111,12.987,1.2394,2.763333333333333,3.4710333333333327,47,5.022,Giá trị – tinh chỉnh,free_small
15,43.584666666666664,4.208819974976016,13.133666666666667,1.2517666666666667,2.796,3.5268333333333333,52,5.126,Giá trị – tinh chỉnh,free_small
16,43.28333333333333,4.18860440239105,12.993,1.22915,2.745,3.457766666666667,59,4.998,Giá trị – tinh chỉnh,free_small
17,43.21,4.200340840239204,13.016333333333334,1.2335666666666667,2.7653333333333334,3.4938,53,5.077333333333334,Giá trị – tinh chỉnh,free_small
18,43.35933333333333,4.197318010518839,13.044,1.2354333333333334,2.759,3.4772666666666665,48,5.044333333333333,Giá trị – tinh chỉnh,free_small
19,43.148666666666664,4.178199569672279,12.964666666666666,1.2178666666666667,2.724666666666667,3.456683333333333,51,5.032,Giá trị – tinh chỉnh,free_small
20,43.38666666666666,4.226503831208435,13.114333333333333,1.2415333333333334,2.781,3.492116666666666,56,5.061333333333334,Giá trị – tinh chỉnh,free_small
21,43.345333333333336,4.261114144717944,13.183333333333334,1.2503166666666667,2.792333333333333,3.538716666666667,47,5.153666666666667,Giá trị – tinh chỉnh,free_small
22,43.32933333333333,4.198888571831808,13.02,1.2310333333333332,2.7596666666666665,3.489,55,5.064333333333333,Giá trị – tinh chỉnh,free_small
23,43.44866666666667,4.237217061645138,13.124333333333333,1.24255,2.7703333333333333,3.5097166666666673,54,5.099,Giá trị – tinh chỉnh,free_small
24,43.379333333333335,4.196857765383351,12.959,1.2358000000000002,2.7533333333333334,3.4789833333333338,50,5.041666666666667,Giá trị – tinh chỉnh,free_small
25,43.404666666666664,4.232623308256106,13.095,1.2394166666666666,2.772,3.48635,59,5.048,Giá trị – tinh chỉnh,free_small
26,43.42133333333334,4.230742546172282,13.067666666666666,1.2147833333333335,2.720666666666667,3.50805,59,5.137333333333333,Giá trị – tinh chỉnh,free_small
27,43.275333333333336,4.164482428545958,12.926,1.2305333333333333,2.7376666666666667,3.453066666666667,55,4.995666666666667,Giá trị – tinh chỉnh,free_small
28,43.190666666666665,4.177467830092328,12.960666666666667,1.2170166666666666,2.7256666666666667,3.4284166666666667,54,4.9783333333333335,Giá trị – tinh chỉnh,free_small
29,43.25666666666667,4.177880981030052,12.968666666666667,1.2423833333333334,2.7756666666666665,3.4818333333333333,51,5.041666666666667,Giá trị – tinh chỉnh,free_small
0,46.312666666666665,4.625029554093392,14.598666666666666,0.8037166666666665,1.588,3.6717999999999997,62,6.138,Hiện trạng,grid_medium
1,46.303333333333335,4.63550906856875,14.517333333333333,0.76725,1.5153333333333334,3.630066666666667,66,6.142333333333333,Hiện trạng,grid_medium
2,45.96933333333333,4.576291633084601,14.439,0.7632333333333333,1.5123333333333333,3.5858333333333334,62,6.07,Hiện trạng,grid_medium
3,46.29933333333334,4.643446142574868,14.610666666666667,0.7777666666666666,1.5356666666666667,3.6498833333333334,68,6.1723333333333334,Hiện trạng,grid_medium
4,46.571333333333335,4.6833370824397615,14.704666666666666,0.7997999999999998,1.57,3.69125,65,6.222333333333333,Hiện trạng,grid_medium
5,46.08133333333333,4.605697636920195,14.545666666666667,0.7839333333333334,1.55,3.6272833333333336,70,6.081333333333333,Hiện trạng,grid_medium
6,46.304,4.638395474952023,14.672,0.7811666666666667,1.5356666666666667,3.6745666666666668,64,6.212,Hiện trạng,grid_medium
7,46.41733333333333,4.628161150862509,14.640333333333333,0.7603666666666667,1.51,3.6625166666666664,71,6.229666666666667,Hiện trạng,grid_medium
8,46.50533333333333,4.667033643196421,14.652666666666667,0.75995,1.4996666666666667,3.662,65,6.219333333333333,Hiện trạng,grid_medium
9,46.618,4.700536040562558,14.817666666666666,0.7833500000000001,1.5523333333333333,3.680083333333333,67,6.216666666666667,Hiện trạng,grid_medium
10,46.386,4.66037840784337,14.713,0.7885833333333333,1.561,3.6712666666666665,61,6.187,Hiện trạng,grid_medium
11,46.364666666666665,4.628046438814923,14.573666666666666,0.7726166666666666,1.5316666666666667,3.6397833333333334,65,6.147666666666667,Hiện trạng,grid_medium
12,46.29333333333334,4.64925557559504,14.588,0.7789499999999999,1.5413333333333334,3.6382166666666667,71,6.133,Hiện trạng,grid_medium
13,45.970666666666666,4.5859715948149296,14.508666666666667,0.7793833333333332,1.543,3.582783333333333,67,6.026666666666666,Hiện trạng,grid_medium
14,46.440666666666665,4.6724401668481255,14.672666666666666,0.7948833333333334,1.5626666666666666,3.7007333333333334,64,6.252,Hiện trạng,grid_medium
15,46.39,4.658444618918108,14.689,0.7888999999999999,1.569,3.6927000000000003,73,6.228666666666666,Hiện trạng,grid_medium
16,46.262,4.6322129627964435,14.682,0.7796000000000001,1.5356666666666667,3.645066666666667,70,6.163,Hiện trạng,grid_medium
17,46.428666666666665,4.66670710831284,14.741666666666667,0.7764666666666667,1.5333333333333334,3.6826666666666665,60,6.249666666666666,Hiện trạng,grid_medium
18,46.294,4.623797427054264,14.552333333333333,0.7641166666666667,1.515,3.6485499999999997,69,6.187333333333333,Hiện trạng,grid_medium
19,46.16,4.622994052660578,14.529333333333334,0.7808166666666666,1.5373333333333334,3.6345833333333335,68,6.125333333333334,Hiện trạng,grid_medium
20,46.157333333333334,4.615453375346519,14.604,0.76605,1.523,3.6416166666666667,65,6.16,Hiện trạng,grid_medium
21,46.47933333333334,4.664527267441348,14.681,0.77845,1.543,3.678316666666667,64,6.213666666666667,Hiện trạng,grid_medium
22,46.37733333333333,4.663075762226645,14.678,0.7628666666666668,1.5173333333333334,3.6427166666666664,66,6.190333333333333,Hiện trạng,grid_medium
23,46.48,4.676412165255986,14.641333333333334,0.7893666666666667,1.5446666666666666,3.6839000000000004,73,6.199666666666666,Hiện trạng,grid_medium
24,46.16733333333333,4.61625104810816,14.570666666666666,0.7675666666666667,1.512,3.639616666666667,65,6.164,Hiện trạng,grid_medium
25,46.38133333333333,4.675008243239534,14.736,0.7948833333333334,1.5636666666666668,3.6778333333333335,63,6.187666666666667,Hiện trạng,grid_medium
26,46.39266666666666,4.666375722008434,14.7,0.7735,1.523,3.651366666666666,56,6.1723333333333334,Hiện trạng,grid_medium
27,46.49,4.662300444483415,14.756333333333334,0.7917166666666665,1.5756666666666668,3.6608666666666667,74,6.154,Hiện trạng,grid_medium
28,46.470666666666666,4.673693820510683,14.736,0.7785499999999999,1.5346666666666666,3.6833666666666667,59,6.243333333333333,Hiện trạng,grid_medium
29,46.35,4.63958815534383,14.648666666666667,0.7827833333333335,1.5493333333333332,3.676433333333333,58,6.208666666666667,Hiện trạng,grid_medium
0,44.11933333333333,4.152505972752033,12.204333333333333,0.6228999999999999,1.1476666666666666,3.4909833333333338,68,6.138,Tiện lợi – theo mô hình,grid_medium
1,44.178666666666665,4.1653831480585755,12.224,0.6136333333333334,1.127,3.4764500000000003,70,6.142333333333333,Tiện lợi – theo mô hình,grid_medium
2,44.00333333333333,4.1352195976630135,12.172333333333333,0.5931000000000001,1.1006666666666667,3.4157,62,6.07,Tiện lợi – theo mô hình,grid_medium
3,44.333333333333336,4.188991136048481,12.276,0.6176,1.134,3.4897166666666664,59,6.1723333333333334,Tiện lợi – theo mô hình,grid_medium
4,44.242666666666665,4.202182375940767,12.312666666666667,0.6242666666666666,1.149,3.515716666666666,74,6.222333333333333,Tiện lợi – theo mô hình,grid_medium
5,44.08133333333333,4.155631494104681,12.173333333333334,0.5977,1.1143333333333334,3.4410499999999997,68,6.081333333333333,Tiện lợi – theo mô hình,grid_medium
6,44.516666666666666,4.187314395579658,12.370666666666667,0.6238833333333333,1.1456666666666666,3.517283333333333,65,6.212,Tiện lợi – theo mô hình,grid_medium
7,44.32533333333333,4.19201102226663,12.347666666666667,0.6126333333333334,1.122,3.514783333333333,75,6.229666666666667,Tiện lợi – theo mô hình,grid_medium
8,44.204,4.180487095252037,12.290666666666667,0.6111166666666666,1.132,3.5131666666666668,61,6.219333333333333,Tiện lợi – theo mô hình,grid_medium
9,44.44266666666667,4.223775283169372,12.384333333333334,0.60605,1.1116666666666666,3.5027833333333342,70,6.216666666666667,Tiện lợi – theo mô hình,grid_medium
10,44.33266666666667,4.206182752887673,12.341666666666667,0.61975,1.1513333333333333,3.5024333333333333,77,6.187,Tiện lợi – theo mô hình,grid_medium
11,44.047333333333334,4.16703504225166,12.244666666666667,0.6173166666666667,1.1383333333333334,3.4844833333333334,65,6.147666666666667,Tiện lợi – theo mô hình,grid_medium
12,44.024,4.157426297882436,12.226666666666667,0.6053833333333334,1.12,3.4646500000000002,63,6.133,Tiện lợi – theo mô hình,grid_medium
13,43.95666666666666,4.111629988837881,12.130333333333333,0.6120833333333333,1.127,3.4154833333333334,67,6.026666666666666,Tiện lợi – theo mô hình,grid_medium
14,44.462,4.221595377448752,12.356666666666667,0.6271833333333333,1.151,3.5330333333333335,62,6.252,Tiện lợi – theo mô hình,grid_medium
15,44.334,4.180355995761811,12.332333333333333,0.6212833333333334,1.144,3.5250833333333333,72,6.228666666666666,Tiện lợi – theo mô hình,grid_medium
16,44.296,4.171438977478155,12.278333333333334,0.6116666666666667,1.1256666666666666,3.477133333333333,59,6.163,Tiện lợi – theo mô hình,grid_medium
17,44.406,4.196979906482493,12.353666666666667,0.6113500000000001,1.116,3.5175500000000004,71,6.249666666666666,Tiện lợi – theo mô hình,grid_medium
18,44.342,4.198782031063946,12.341,0.6377833333333333,1.168,3.5222166666666666,63,6.187333333333333,Tiện lợi – theo mô hình,grid_medium
19,43.971333333333334,4.147977642054813,12.151,0.6124833333333334,1.133,3.46625,73,6.125333333333334,Tiện lợi – theo mô hình,grid_medium
20,44.17333333333333,4.160868783518274,12.255,0.61365,1.1416666666666666,3.489216666666667,61,6.16,Tiện lợi – theo mô hình,grid_medium
21,44.37266666666667,4.215954849224859,12.369,0.6315999999999999,1.1696666666666666,3.5314666666666668,67,6.213666666666667,Tiện lợi – theo mô hình,grid_medium
22,44.07266666666667,4.164839308244749,12.217666666666666,0.5973,1.0963333333333334,3.4771500000000004,75,6.190333333333333,Tiện lợi – theo mô hình,grid_medium
23,44.452,4.218467972310388,12.340666666666667,0.6272500000000001,1.1566666666666667,3.5217833333333335,65,6.199666666666666,Tiện lợi – theo mô hình,grid_medium
24,44.221333333333334,4.155899320337662,12.234333333333334,0.6093166666666666,1.1273333333333333,3.4813666666666667,56,6.164,Tiện lợi – theo mô hình,grid_medium
25,44.38666666666666,4.193623891334996,12.292,0.6300833333333333,1.16,3.513033333333333,66,6.187666666666667,Tiện lợi – theo mô hình,grid_medium
26,44.33,4.193056691221527,12.316666666666666,0.6426999999999999,1.1833333333333333,3.5205666666666664,62,6.1723333333333334,Tiện lợi – theo mô hình,grid_medium
27,44.32333333333333,4.189060845135604,12.378333333333334,0.6235166666666666,1.1506666666666667,3.4926666666666666,74,6.154,Tiện lợi – theo mô hình,grid_medium
28,44.483333333333334,4.1987648786405405,12.344666666666667,0.6004333333333334,1.1146666666666667,3.50525,76,6.243333333333333,Tiện lợi – theo mô hình,grid_medium
29,44.41,4.211041090306099,12.424,0.6255833333333334,1.1533333333333333,3.5192333333333337,63,6.208666666666667,Tiện lợi – theo mô hình,grid_medium
0,44.199333333333335,4.316548391693617,12.487,0.7377666666666666,1.346,3.6058499999999998,68,6.138,Tiện lợi – chọn bằng mô phỏng,grid_medium
1,44.258,4.34390788911872,12.476333333333333,0.7250833333333333,1.313,3.5879000000000003,71,6.142333333333333,Tiện lợi – chọn bằng mô phỏng,grid_medium
2,44.05133333333333,4.2848206324742515,12.394333333333334,0.7260333333333333,1.312,3.548633333333334,68,6.07,Tiện lợi – chọn bằng mô phỏng,grid_medium
3,44.314,4.351197970043655,12.514333333333333,0.74205,1.3546666666666667,3.6141666666666667,67,6.1723333333333334,Tiện lợi – chọn bằng mô phỏng,grid_medium
4,44.19133333333333,4.36041958899418,12.531666666666666,0.7223833333333334,1.315,3.6138333333333335,69,6.222333333333333,Tiện lợi – chọn bằng mô phỏng,grid_medium
5,44.095333333333336,4.338359575055235,12.468666666666667,0.7529000000000001,1.3673333333333333,3.59625,68,6.081333333333333,Tiện lợi – chọn bằng mô phỏng,grid_medium
6,44.476,4.344014250680841,12.558666666666667,0.7234166666666667,1.3196666666666668,3.616816666666667,68,6.212,Tiện lợi – chọn bằng mô phỏng,grid_medium
7,44.37,4.365786013841313,12.618666666666666,0.7274833333333333,1.3283333333333334,3.629633333333334,74,6.229666666666667,Tiện lợi – chọn bằng mô phỏng,grid_medium
8,44.164,4.335362915393331,12.467666666666666,0.7021499999999999,1.295,3.6042,70,6.219333333333333,Tiện lợi – chọn bằng mô phỏng,grid_medium
9,44.470666666666666,4.389971245267346,12.608666666666666,0.7424333333333334,1.353,3.6391666666666667,75,6.216666666666667,Tiện lợi – chọn bằng mô phỏng,grid_medium
10,44.245333333333335,4.367366228538071,12.517666666666667,0.7463666666666667,1.3536666666666666,3.6290499999999994,77,6.187,Tiện lợi – chọn bằng mô phỏng,grid_medium
11,44.11533333333333,4.336726598379563,12.52,0.74845,1.358,3.615616666666667,60,6.147666666666667,Tiện lợi – chọn bằng mô phỏng,grid_medium
12,44.05266666666667,4.308549989113296,12.422333333333333,0.7462833333333333,1.36,3.60555,71,6.133,Tiện lợi – chọn bằng mô phỏng,grid_medium
13,43.962666666666664,4.301796080938917,12.4,0.7306,1.327,3.534,67,6.026666666666666,Tiện lợi – chọn bằng mô phỏng,grid_medium
14,44.56733333333333,4.3969630491643645,12.624666666666666,0.7496499999999999,1.367,3.6555,70,6.252,Tiện lợi – chọn bằng mô phỏng,grid_medium
15,44.309333333333335,4.354351401058186,12.558666666666667,0.7495,1.3636666666666666,3.6532999999999998,71,6.228666666666666,Tiện lợi – chọn bằng mô phỏng,grid_medium
16,44.181333333333335,4.326545153280671,12.481,0.73855,1.3503333333333334,3.6040166666666664,72,6.163,Tiện lợi – chọn bằng mô phỏng,grid_medium
17,44.398666666666664,4.371908806155711,12.584,0.7324166666666667,1.3386666666666667,3.6386166666666666,61,6.249666666666666,Tiện lợi – chọn bằng mô phỏng,grid_medium
18,44.340666666666664,4.3514898515484015,12.537,0.7355166666666667,1.341,3.6199500000000002,70,6.187333333333333,Tiện lợi – chọn bằng mô phỏng,grid_medium
19,43.98266666666667,4.289293678236172,12.376333333333333,0.72235,1.319,3.5761166666666666,74,6.125333333333334,Tiện lợi – chọn bằng mô phỏng,grid_medium
20,44.19466666666667,4.321412908745543,12.455666666666668,0.7082333333333333,1.3066666666666666,3.5838,70,6.16,Tiện lợi – chọn bằng mô phỏng,grid_medium
21,44.36,4.372329096621586,12.609666666666667,0.7399666666666667,1.35,3.6398333333333333,68,6.213666666666667,Tiện lợi – chọn bằng mô phỏng,grid_medium
22,44.10066666666667,4.329351799416461,12.432,0.7026499999999999,1.2876666666666667,3.5825,81,6.190333333333333,Tiện lợi – chọn bằng mô phỏng,grid_medium
23,44.379333333333335,4.383101049323403,12.569333333333333,0.7484333333333334,1.3523333333333334,3.6429666666666667,64,6.199666666666666,Tiện lợi – chọn bằng mô phỏng,grid_medium
24,44.20133333333333,4.309738690588532,12.426333333333334,0.7186499999999999,1.299,3.5907,60,6.164,Tiện lợi – chọn bằng mô phỏng,grid_medium
25,44.351333333333336,4.35962009138235,12.507,0.7296,1.3376666666666666,3.6125499999999993,60,6.187666666666667,Tiện lợi – chọn bằng mô phỏng,grid_medium
26,44.30866666666667,4.3699552336752,12.566666666666666,0.7562833333333334,1.382,3.6341500000000004,65,6.1723333333333334,Tiện lợi – chọn bằng mô phỏng,grid_medium
27,44.26533333333333,4.352019904841408,12.563333333333333,0.7356666666666667,1.3413333333333333,3.604816666666667,70,6.154,Tiện lợi – chọn bằng mô phỏng,grid_medium
28,44.434666666666665,4.353987901420627,12.53,0.7157166666666667,1.3153333333333332,3.6205333333333334,65,6.243333333333333,Tiện lợi – chọn bằng mô phỏng,grid_medium
29,44.33,4.3733626943846,12.632,0.7496499999999999,1.3686666666666667,3.6433,50,6.208666666666667,Tiện lợi – chọn bằng mô phỏng,grid_medium
0,42.43666666666667,4.1467964622396325,12.203,0.6184499999999999,1.1843333333333332,3.4865333333333335,57,6.138,Tiện lợi – tinh chỉnh,grid_medium
1,42.292,4.136159189739241,12.136666666666667,0.57085,1.1036666666666666,3.433666666666667,61,6.142333333333333,Tiện lợi – tinh chỉnh,grid_medium
2,42.214,4.111256418217159,12.110666666666667,0.6053833333333333,1.1656666666666666,3.4279833333333336,67,6.07,Tiện lợi – tinh chỉnh,grid_medium
3,42.524,4.153682003147962,12.159333333333333,0.61375,1.1666666666666667,3.4858666666666673,61,6.1723333333333334,Tiện lợi – tinh chỉnh,grid_medium
4,42.464,4.155781517835552,12.222333333333333,0.6000333333333333,1.145,3.4914833333333335,64,6.222333333333333,Tiện lợi – tinh chỉnh,grid_medium
5,42.32266666666667,4.138678787061905,12.107,0.60015,1.1523333333333334,3.4435,68,6.081333333333333,Tiện lợi – tinh chỉnh,grid_medium
6,42.662,4.161642187835118,12.262666666666666,0.6085666666666667,1.162,3.5019666666666667,58,6.212,Tiện lợi – tinh chỉnh,grid_medium
7,42.556,4.149930454041992,12.219333333333333,0.6130333333333333,1.163,3.515183333333333,75,6.229666666666667,Tiện lợi – tinh chỉnh,grid_medium
8,42.504,4.133580484064989,12.143,0.5960333333333333,1.1446666666666667,3.498083333333333,59,6.219333333333333,Tiện lợi – tinh chỉnh,grid_medium
9,42.69133333333333,4.20431430522271,12.282666666666668,0.6004499999999999,1.15,3.497183333333333,63,6.216666666666667,Tiện lợi – tinh chỉnh,grid_medium
10,42.442,4.17364976357024,12.185,0.6076,1.157,3.4902833333333336,58,6.187,Tiện lợi – tinh chỉnh,grid_medium
11,42.220666666666666,4.120564222809442,12.115666666666666,0.58635,1.1233333333333333,3.4535166666666663,66,6.147666666666667,Tiện lợi – tinh chỉnh,grid_medium
12,42.28933333333333,4.150113765359646,12.157,0.5951666666666666,1.1443333333333334,3.4544333333333332,56,6.133,Tiện lợi – tinh chỉnh,grid_medium
13,42.153333333333336,4.083518867757628,11.994,0.5922666666666666,1.1293333333333333,3.3956666666666666,64,6.026666666666666,Tiện lợi – tinh chỉnh,grid_medium
14,42.57866666666666,4.189767512637513,12.251333333333333,0.5919166666666666,1.1356666666666666,3.4977666666666662,56,6.252,Tiện lợi – tinh chỉnh,grid_medium
15,42.599333333333334,4.148073021908177,12.217,0.6067833333333333,1.162,3.5105833333333334,56,6.228666666666666,Tiện lợi – tinh chỉnh,grid_medium
16,42.394,4.144564269707598,12.201,0.60985,1.1643333333333334,3.475316666666667,67,6.163,Tiện lợi – tinh chỉnh,grid_medium
17,42.611333333333334,4.181626837247487,12.287,0.6005166666666667,1.1506666666666667,3.506716666666667,63,6.249666666666666,Tiện lợi – tinh chỉnh,grid_medium
18,42.53666666666667,4.181497093214997,12.240333333333334,0.6076333333333334,1.1593333333333333,3.492066666666667,64,6.187333333333333,Tiện lợi – tinh chỉnh,grid_medium
19,42.23866666666667,4.122665326024896,12.121333333333334,0.6162333333333333,1.176,3.47,69,6.125333333333334,Tiện lợi – tinh chỉnh,grid_medium
20,42.26266666666667,4.136933484047884,12.145666666666667,0.59755,1.1536666666666666,3.473116666666667,61,6.16,Tiện lợi – tinh chỉnh,grid_medium
21,42.55466666666667,4.183307526876025,12.242,0.6013833333333334,1.1496666666666666,3.50125,73,6.213666666666667,Tiện lợi – tinh chỉnh,grid_medium
22,42.402,4.165702339144763,12.179666666666666,0.5970666666666666,1.1546666666666667,3.476916666666667,67,6.190333333333333,Tiện lợi – tinh chỉnh,grid_medium
23,42.69,4.2045692636765,12.286333333333333,0.6208,1.186,3.5153333333333334,59,6.199666666666666,Tiện lợi – tinh chỉnh,grid_medium
24,42.418,4.146081330232588,12.183666666666667,0.6071833333333334,1.1673333333333333,3.4792333333333336,56,6.164,Tiện lợi – tinh chỉnh,grid_medium
25,42.584,4.17395404383948,12.244,0.60405,1.159,3.487,68,6.187666666666667,Tiện lợi – tinh chỉnh,grid_medium
26,42.452,4.1528662168940285,12.188333333333333,0.5965833333333334,1.1493333333333333,3.47445,66,6.1723333333333334,Tiện lợi – tinh chỉnh,grid_medium
27,42.45333333333333,4.160016221042281,12.218666666666667,0.6135,1.1746666666666667,3.48265,65,6.154,Tiện lợi – tinh chỉnh,grid_medium
28,42.6,4.165380559229547,12.208333333333334,0.6126,1.1706666666666667,3.5174166666666666,56,6.243333333333333,Tiện lợi – tinh chỉnh,grid_medium
29,42.55866666666667,4.183623487998447,12.286333333333333,0.6323333333333333,1.2066666666666668,3.5259833333333335,60,6.208666666666667,Tiện lợi – tinh chỉnh,grid_medium
0,45.07266666666667,4.4318252412078,12.459666666666667,0.8144333333333333,1.4646666666666666,3.6825166666666664,71,6.138,Cân bằng – theo mô hình,grid_medium
1,44.992666666666665,4.4091129864986796,12.371666666666666,0.7647333333333333,1.3723333333333334,3.62755,69,6.142333333333333,Cân bằng – theo mô hình,grid_medium
2,44.79,4.379884641180934,12.322333333333333,0.7914666666666667,1.4193333333333333,3.614066666666667,57,6.07,Cân bằng – theo mô hình,grid_medium
3,45.156666666666666,4.392994461598239,12.354666666666667,0.7748,1.3976666666666666,3.646916666666667,74,6.1723333333333334,Cân bằng – theo mô hình,grid_medium
4,44.996,4.443988325106458,12.468333333333334,0.8036833333333332,1.4413333333333334,3.695133333333333,61,6.222333333333333,Cân bằng – theo mô hình,grid_medium
5,44.93933333333333,4.4087346888037775,12.358666666666666,0.7836,1.412,3.6269500000000003,78,6.081333333333333,Cân bằng – theo mô hình,grid_medium
6,45.17666666666667,4.419167453787691,12.475,0.7971,1.425,3.6905,70,6.212,Cân bằng – theo mô hình,grid_medium
7,45.12266666666667,4.430297261242549,12.490333333333334,0.7837166666666665,1.411,3.685866666666666,72,6.229666666666667,Cân bằng – theo mô hình,grid_medium
8,44.988,4.40535402976148,12.385,0.7683666666666666,1.3863333333333334,3.6704166666666667,68,6.219333333333333,Cân bằng – theo mô hình,grid_medium
9,45.308,4.477012263579341,12.586,0.8072333333333332,1.4483333333333333,3.703966666666667,79,6.216666666666667,Cân bằng – theo mô hình,grid_medium
10,45.12866666666667,4.448808059617816,12.414666666666667,0.81505,1.472,3.6977333333333338,70,6.187,Cân bằng – theo mô hình,grid_medium
11,44.96066666666667,4.4233575725620025,12.426666666666666,0.7987333333333333,1.4353333333333333,3.6658999999999997,67,6.147666666666667,Cân bằng – theo mô hình,grid_medium
12,44.854,4.405337273093436,12.303,0.7826000000000001,1.4016666666666666,3.6418666666666666,78,6.133,Cân bằng – theo mô hình,grid_medium
13,44.65266666666667,4.352323038968865,12.244666666666667,0.78175,1.4063333333333334,3.58515,69,6.026666666666666,Cân bằng – theo mô hình,grid_medium
14,45.339333333333336,4.454687740774287,12.483,0.7884833333333333,1.4156666666666666,3.6943333333333332,64,6.252,Cân bằng – theo mô hình,grid_medium
15,45.094,4.415495713357641,12.43,0.7885666666666666,1.4213333333333333,3.6923666666666666,64,6.228666666666666,Cân bằng – theo mô hình,grid_medium
16,45.01533333333333,4.382179984679363,12.336333333333334,0.7793,1.397,3.6447666666666665,78,6.163,Cân bằng – theo mô hình,grid_medium
17,45.32866666666666,4.4569188758503016,12.533,0.8116166666666667,1.448,3.7178166666666668,77,6.249666666666666,Cân bằng – theo mô hình,grid_medium
18,45.216,4.4409838045269145,12.469333333333333,0.8065499999999999,1.4453333333333334,3.6909833333333335,65,6.187333333333333,Cân bằng – theo mô hình,grid_medium
19,44.726,4.355166738037045,12.179333333333334,0.7855,1.4146666666666667,3.6392666666666664,77,6.125333333333334,Cân bằng – theo mô hình,grid_medium
20,45.042,4.422175697623274,12.350666666666667,0.8007666666666666,1.4403333333333332,3.6763333333333335,60,6.16,Cân bằng – theo mô hình,grid_medium
21,45.11,4.47664117624181,12.547666666666666,0.8087333333333333,1.457,3.7086000000000006,72,6.213666666666667,Cân bằng – theo mô hình,grid_medium
22,44.867333333333335,4.425694581257845,12.401666666666667,0.8024666666666666,1.4426666666666668,3.682316666666667,70,6.190333333333333,Cân bằng – theo mô hình,grid_medium
23,45.06733333333333,4.4646367395033915,12.476,0.8105,1.455,3.7050333333333327,70,6.199666666666666,Cân bằng – theo mô hình,grid_medium
24,44.90133333333333,4.397542186638059,12.329666666666666,0.7903833333333332,1.4166666666666667,3.662433333333333,59,6.164,Cân bằng – theo mô hình,grid_medium
25,45.12,4.427556172517089,12.375,0.7718999999999999,1.3926666666666667,3.65485,72,6.187666666666667,Cân bằng – theo mô hình,grid_medium
26,45.062666666666665,4.437627753090755,12.415333333333333,0.7884333333333334,1.414,3.6663000000000006,82,6.1723333333333334,Cân bằng – theo mô hình,grid_medium
27,45.14,4.4272590375622,12.461666666666666,0.8171333333333333,1.4596666666666667,3.6862833333333334,65,6.154,Cân bằng – theo mô hình,grid_medium
28,45.18533333333333,4.4393909272469,12.473333333333333,0.7889833333333333,1.4093333333333333,3.6938000000000004,71,6.243333333333333,Cân bằng – theo mô hình,grid_medium
29,45.108,4.4474181366157355,12.533,0.8050666666666666,1.4493333333333334,3.6987166666666673,61,6.208666666666667,Cân bằng – theo mô hình,grid_medium
0,45.514,4.588734930131749,12.861,0.9298500000000001,1.617,3.797933333333333,76,6.138,Cân bằng – chọn bằng mô phỏng,grid_medium
1,45.69733333333333,4.612514684636878,12.931,0.9283833333333332,1.6133333333333333,3.7912,64,6.142333333333333,Cân bằng – chọn bằng mô phỏng,grid_medium
2,45.42666666666667,4.536645269838135,12.786,0.8966666666666666,1.552,3.719266666666667,62,6.07,Cân bằng – chọn bằng mô phỏng,grid_medium
3,45.74,4.605552376646531,12.917666666666667,0.9113,1.5806666666666667,3.7834166666666667,77,6.1723333333333334,Cân bằng – chọn bằng mô phỏng,grid_medium
4,45.63066666666667,4.6200309587595,12.968,0.9287666666666667,1.617,3.8202166666666666,69,6.222333333333333,Cân bằng – chọn bằng mô phỏng,grid_medium
5,45.482,4.583395536048056,12.845666666666666,0.90475,1.58,3.7480999999999995,72,6.081333333333333,Cân bằng – chọn bằng mô phỏng,grid_medium
6,45.849333333333334,4.619404742581056,12.980333333333334,0.8843,1.5483333333333333,3.7777000000000003,62,6.212,Cân bằng – chọn bằng mô phỏng,grid_medium
7,45.746,4.620754382159032,13.012333333333334,0.9243500000000001,1.6076666666666666,3.8265,81,6.229666666666667,Cân bằng – chọn bằng mô phỏng,grid_medium
8,45.626,4.577124632283606,12.867333333333333,0.9157999999999998,1.597,3.81785,74,6.219333333333333,Cân bằng – chọn bằng mô phỏng,grid_medium
9,45.78066666666667,4.6647542271931135,13.021333333333333,0.9278000000000001,1.6163333333333334,3.8245333333333327,54,6.216666666666667,Cân bằng – chọn bằng mô phỏng,grid_medium
10,45.644,4.645599486822644,12.971333333333334,0.9403499999999999,1.6326666666666667,3.823033333333333,67,6.187,Cân bằng – chọn bằng mô phỏng,grid_medium
11,45.524,4.594701915156714,12.885,0.89025,1.556,3.757416666666667,71,6.147666666666667,Cân bằng – chọn bằng mô phỏng,grid_medium
12,45.432,4.6227223269954045,12.871666666666666,0.9459000000000001,1.6343333333333334,3.8051666666666666,68,6.133,Cân bằng – chọn bằng mô phỏng,grid_medium
13,45.25333333333333,4.548331182921153,12.731666666666667,0.9000333333333334,1.571,3.703433333333333,78,6.026666666666666,Cân bằng – chọn bằng mô phỏng,grid_medium
14,45.787333333333336,4.647175770415895,12.970666666666666,0.9299499999999999,1.6206666666666667,3.8358,70,6.252,Cân bằng – chọn bằng mô phỏng,grid_medium
15,45.63333333333333,4.63677987951937,13.001,0.93875,1.6313333333333333,3.8425500000000006,68,6.228666666666666,Cân bằng – chọn bằng mô phỏng,grid_medium
16,45.534666666666666,4.592527523817617,12.872666666666667,0.9117333333333333,1.5826666666666667,3.7772,78,6.163,Cân bằng – chọn bằng mô phỏng,grid_medium
17,45.87733333333333,4.648395696134656,13.002,0.9225666666666666,1.6116666666666666,3.828766666666666,65,6.249666666666666,Cân bằng – chọn bằng mô phỏng,grid_medium
18,45.763333333333335,4.647790178147142,13.046333333333333,0.9199166666666667,1.5856666666666666,3.80435,74,6.187333333333333,Cân bằng – chọn bằng mô phỏng,grid_medium
19,45.34,4.540088261279306,12.747,0.9043166666666667,1.5793333333333333,3.7580833333333334,70,6.125333333333334,Cân bằng – chọn bằng mô phỏng,grid_medium
20,45.454,4.586441470938965,12.867666666666667,0.9383,1.628,3.8138666666666667,69,6.16,Cân bằng – chọn bằng mô phỏng,grid_medium
21,45.764,4.678102044921771,13.073,0.9695499999999999,1.6846666666666668,3.8694166666666665,74,6.213666666666667,Cân bằng – chọn bằng mô phỏng,grid_medium
22,45.665333333333336,4.6299715447870975,12.998333333333333,0.91975,1.5993333333333333,3.7996,68,6.190333333333333,Cân bằng – chọn bằng mô phỏng,grid_medium
23,45.757333333333335,4.641606857733818,12.949333333333334,0.9253833333333332,1.6046666666666667,3.819916666666667,67,6.199666666666666,Cân bằng – chọn bằng mô phỏng,grid_medium
24,45.662,4.60642543984509,12.922666666666666,0.9133499999999999,1.5853333333333333,3.7854,61,6.164,Cân bằng – chọn bằng mô phỏng,grid_medium
25,45.81466666666667,4.625919732870064,12.966333333333333,0.9209833333333333,1.6103333333333334,3.8039333333333336,77,6.187666666666667,Cân bằng – chọn bằng mô phỏng,grid_medium
26,45.642,4.603062239918781,12.891333333333334,0.9274666666666667,1.6193333333333333,3.8053333333333335,73,6.1723333333333334,Cân bằng – chọn bằng mô phỏng,grid_medium
27,45.772666666666666,4.627286729642491,12.983666666666666,0.93805,1.6316666666666666,3.8071999999999995,74,6.154,Cân bằng – chọn bằng mô phỏng,grid_medium
28,45.91266666666667,4.6265246203749895,12.963,0.9061499999999999,1.5776666666666668,3.8109666666666664,70,6.243333333333333,Cân bằng – chọn bằng mô phỏng,grid_medium
29,45.89066666666667,4.631062284459136,13.057666666666666,0.9335833333333333,1.6243333333333334,3.8272333333333335,71,6.208666666666667,Cân bằng – chọn bằng mô phỏng,grid_medium
0,46.01266666666667,4.867944365585195,13.760333333333334,1.0969499999999999,1.8816666666666666,3.965033333333333,70,6.138,Cân bằng – tinh chỉnh,grid_medium
1,46.129333333333335,4.879484469663005,13.804,1.0771833333333332,1.844,3.94,71,6.142333333333333,Cân bằng – tinh chỉnh,grid_medium
2,45.916666666666664,4.827261183005719,13.663333333333334,1.0925,1.866,3.9151,66,6.07,Cân bằng – tinh chỉnh,grid_medium
3,46.090666666666664,4.876635188150316,13.766,1.1012499999999998,1.8843333333333334,3.9733666666666667,72,6.1723333333333334,Cân bằng – tinh chỉnh,grid_medium
4,46.184,4.9137533853711135,13.885666666666667,1.1366,1.9466666666666668,4.0280499999999995,78,6.222333333333333,Cân bằng – tinh chỉnh,grid_medium
5,45.852666666666664,4.867375093880895,13.681666666666667,1.1032333333333335,1.8913333333333333,3.9465833333333333,71,6.081333333333333,Cân bằng – tinh chỉnh,grid_medium
6,46.23,4.887403578971854,13.813,1.0763333333333334,1.8366666666666667,3.969733333333333,75,6.212,Cân bằng – tinh chỉnh,grid_medium
7,46.274,4.896240008409047,13.896333333333333,1.1213,1.9173333333333333,4.02345,81,6.229666666666667,Cân bằng – tinh chỉnh,grid_medium
8,46.06733333333333,4.88848809033633,13.793,1.0728166666666665,1.8493333333333333,3.9748666666666668,74,6.219333333333333,Cân bằng – tinh chỉnh,grid_medium
9,46.16866666666667,4.920060424038312,13.873333333333333,1.09465,1.8696666666666666,3.9913833333333337,61,6.216666666666667,Cân bằng – tinh chỉnh,grid_medium
10,46.072,4.920125686475938,13.851,1.11625,1.915,3.998933333333334,64,6.187,Cân bằng – tinh chỉnh,grid_medium
11,46.090666666666664,4.870044230661899,13.776,1.0746666666666667,1.8406666666666667,3.9418333333333333,70,6.147666666666667,Cân bằng – tinh chỉnh,grid_medium
12,45.797333333333334,4.874434790376905,13.706333333333333,1.1090166666666668,1.8956666666666666,3.968283333333333,64,6.133,Cân bằng – tinh chỉnh,grid_medium
13,45.800666666666665,4.830498432572139,13.658,1.08845,1.869,3.89185,73,6.026666666666666,Cân bằng – tinh chỉnh,grid_medium
14,46.248,4.963764239033529,13.917333333333334,1.0994,1.8846666666666667,4.00525,67,6.252,Cân bằng – tinh chỉnh,grid_medium
15,46.104,4.895954529050342,13.82,1.1157833333333333,1.9103333333333334,4.019583333333333,69,6.228666666666666,Cân bằng – tinh chỉnh,grid_medium
16,46.21933333333333,4.874454262973543,13.766333333333334,1.0993,1.888,3.964766666666667,73,6.163,Cân bằng – tinh chỉnh,grid_medium
17,46.279333333333334,4.918687249755527,13.885666666666667,1.0843500000000001,1.8666666666666667,3.99055,68,6.249666666666666,Cân bằng – tinh chỉnh,grid_medium
18,46.24933333333333,4.9335417799475,13.945333333333334,1.12135,1.9206666666666667,4.0057833333333335,65,6.187333333333333,Cân bằng – tinh chỉnh,grid_medium
19,46.02733333333333,4.888701135290121,13.784,1.1213833333333334,1.9193333333333333,3.97515,62,6.125333333333334,Cân bằng – tinh chỉnh,grid_medium
20,45.925333333333334,4.871124466676869,13.737333333333334,1.088,1.873,3.963566666666667,68,6.16,Cân bằng – tinh chỉnh,grid_medium
21,46.16733333333333,4.930438973851901,13.899666666666667,1.1068666666666669,1.8853333333333333,4.006733333333334,67,6.213666666666667,Cân bằng – tinh chỉnh,grid_medium
22,46.044666666666664,4.908543542393699,13.856,1.1021500000000002,1.8836666666666666,3.982,70,6.190333333333333,Cân bằng – tinh chỉnh,grid_medium
23,46.122,4.914615769486885,13.807333333333334,1.10545,1.9026666666666667,3.9999833333333337,72,6.199666666666666,Cân bằng – tinh chỉnh,grid_medium
24,45.99933333333333,4.864887395591486,13.722,1.1047666666666667,1.891,3.976816666666667,70,6.164,Cân bằng – tinh chỉnh,grid_medium
25,46.29266666666667,4.927776716183639,13.832666666666666,1.1191833333333334,1.9203333333333332,4.002133333333334,76,6.187666666666667,Cân bằng – tinh chỉnh,grid_medium
26,46.192,4.89329683471501,13.839,1.1170333333333335,1.9123333333333334,3.9949000000000003,69,6.1723333333333334,Cân bằng – tinh chỉnh,grid_medium
27,46.19133333333333,4.896309668739679,13.871666666666666,1.11945,1.913,3.9886,73,6.154,Cân bằng – tinh chỉnh,grid_medium
28,46.26866666666667,4.906111963865662,13.845333333333333,1.1097,1.901,4.014516666666666,74,6.243333333333333,Cân bằng – tinh chỉnh,grid_medium
29,46.4,4.919172942868372,13.945,1.1015833333333334,1.8993333333333333,3.9952333333333336,64,6.208666666666667,Cân bằng – tinh chỉnh,grid_medium
0,52.1,4.8195884813026675,13.867333333333333,0.96425,1.7373333333333334,3.832333333333333,81,6.138,Giá trị – theo mô hình,grid_medium
1,51.904666666666664,4.838947733924803,13.859666666666667,0.9579333333333334,1.7206666666666666,3.82075,91,6.142333333333333,Giá trị – theo mô hình,grid_medium
2,51.486666666666665,4.742885367085743,13.593666666666667,0.9471999999999999,1.6933333333333334,3.7698,83,6.07,Giá trị – theo mô hình,grid_medium
3,51.986,4.829328522233548,13.855666666666666,0.9811166666666666,1.7493333333333334,3.8532333333333337,82,6.1723333333333334,Giá trị – theo mô hình,grid_medium
4,52.199333333333335,4.863542358218302,13.976333333333333,0.971,1.7373333333333334,3.86245,93,6.222333333333333,Giá trị – theo mô hình,grid_medium
5,51.79333333333334,4.7871025110801355,13.721666666666666,0.9362333333333333,1.6853333333333333,3.7795833333333335,85,6.081333333333333,Giá trị – theo mô hình,grid_medium
6,52.002,4.818245755335339,13.867,0.9367166666666665,1.6733333333333333,3.8301166666666666,79,6.212,Giá trị – theo mô hình,grid_medium
7,52.16733333333333,4.845911738665,13.994333333333334,0.9418666666666666,1.693,3.8440166666666666,86,6.229666666666667,Giá trị – theo mô hình,grid_medium
8,51.92733333333333,4.834779584853759,13.857333333333333,0.9506999999999998,1.704,3.85275,80,6.219333333333333,Giá trị – theo mô hình,grid_medium
9,52.082,4.830938371050506,13.850333333333333,0.9290333333333333,1.6753333333333333,3.8257666666666665,79,6.216666666666667,Giá trị – theo mô hình,grid_medium
10,52.09733333333333,4.858049819326506,13.953,0.9673166666666666,1.75,3.85,79,6.187,Giá trị – theo mô hình,grid_medium
11,51.92933333333333,4.813720411468574,13.882,0.9663666666666668,1.724,3.833533333333333,81,6.147666666666667,Giá trị – theo mô hình,grid_medium
12,51.788,4.812464187326148,13.717333333333332,0.9403333333333334,1.685,3.7996,83,6.133,Giá trị – theo mô hình,grid_medium
13,51.69533333333333,4.740131214041518,13.656666666666666,0.93445,1.6843333333333332,3.73785,83,6.026666666666666,Giá trị – theo mô hình,grid_medium
14,52.266,4.872750333007388,13.996333333333334,0.9627000000000001,1.734,3.86855,93,6.252,Giá trị – theo mô hình,grid_medium
15,52.215333333333334,4.822397108804447,13.919666666666666,0.9539166666666666,1.7236666666666667,3.857716666666667,104,6.228666666666666,Giá trị – theo mô hình,grid_medium
16,52.084666666666664,4.812407256624632,13.919333333333332,0.9524833333333332,1.706,3.8179499999999997,92,6.163,Giá trị – theo mô hình,grid_medium
17,52.13,4.8363329466586835,13.982666666666667,0.9417833333333334,1.6913333333333334,3.847983333333333,84,6.249666666666666,Giá trị – theo mô hình,grid_medium
18,52.120666666666665,4.848500681260028,13.974333333333334,0.9413999999999999,1.687,3.825833333333333,84,6.187333333333333,Giá trị – theo mô hình,grid_medium
19,51.83533333333333,4.789869252046207,13.746333333333334,0.9405333333333333,1.6916666666666667,3.7943,86,6.125333333333334,Giá trị – theo mô hình,grid_medium
20,51.88733333333333,4.810104893328569,13.855,0.9583833333333333,1.7086666666666666,3.83395,92,6.16,Giá trị – theo mô hình,grid_medium
21,52.31933333333333,4.903436400576067,14.090666666666667,0.9910166666666665,1.7683333333333333,3.890883333333333,87,6.213666666666667,Giá trị – theo mô hình,grid_medium
22,51.986,4.812838285037945,13.798666666666668,0.93455,1.6686666666666667,3.8144000000000005,97,6.190333333333333,Giá trị – theo mô hình,grid_medium
23,52.12866666666667,4.8899630151973215,14.022666666666666,0.9836,1.7496666666666667,3.878133333333334,88,6.199666666666666,Giá trị – theo mô hình,grid_medium
24,51.842,4.786336640162472,13.798333333333334,0.9244500000000001,1.667,3.7965,83,6.164,Giá trị – theo mô hình,grid_medium
25,52.164,4.847810955022168,13.897,0.9553166666666666,1.7236666666666667,3.8382666666666663,80,6.187666666666667,Giá trị – theo mô hình,grid_medium
26,51.996,4.839312564593299,13.874,0.9811000000000001,1.7513333333333334,3.8589666666666673,89,6.1723333333333334,Giá trị – theo mô hình,grid_medium
27,52.07866666666666,4.838169419953118,13.895333333333333,0.9666,1.732,3.83575,91,6.154,Giá trị – theo mô hình,grid_medium
28,52.25533333333333,4.837777418053184,13.952666666666667,0.9167666666666666,1.641,3.8215833333333333,77,6.243333333333333,Giá trị – theo mô hình,grid_medium
29,52.20066666666666,4.85893238293631,14.006666666666666,0.9723833333333333,1.73,3.8660333333333328,83,6.208666666666667,Giá trị – theo mô hình,grid_medium
0,48.99933333333333,4.99105360947682,14.062666666666667,1.13595,1.928,4.004033333333333,71,6.138,Giá trị – chọn bằng mô phỏng,grid_medium
1,49.029333333333334,5.021380974458375,14.078666666666667,1.1376333333333333,1.9226666666666667,4.00045,68,6.142333333333333,Giá trị – chọn bằng mô phỏng,grid_medium
2,48.56933333333333,4.963210893273512,13.900333333333334,1.1556,1.948,3.9781999999999997,61,6.07,Giá trị – chọn bằng mô phỏng,grid_medium
3,49.135333333333335,4.983913652975164,13.994666666666667,1.14085,1.9336666666666666,4.012966666666666,67,6.1723333333333334,Giá trị – chọn bằng mô phỏng,grid_medium
4,49.208666666666666,5.028210018842588,14.157,1.1298166666666667,1.924,4.0212666666666665,67,6.222333333333333,Giá trị – chọn bằng mô phỏng,grid_medium
5,48.83733333333333,4.974881819686238,13.937666666666667,1.1271833333333334,1.9083333333333334,3.9705333333333335,65,6.081333333333333,Giá trị – chọn bằng mô phỏng,grid_medium
6,49.21333333333333,5.003979317376004,14.099666666666666,1.1310666666666667,1.9133333333333333,4.024466666666666,73,6.212,Giá trị – chọn bằng mô phỏng,grid_medium
7,49.17466666666667,5.048740409578412,14.214333333333334,1.1405833333333333,1.9333333333333333,4.0427333333333335,81,6.229666666666667,Giá trị – chọn bằng mô phỏng,grid_medium
8,49.00933333333333,5.017821723631484,14.069333333333333,1.1358166666666667,1.9206666666666667,4.037866666666667,81,6.219333333333333,Giá trị – chọn bằng mô phỏng,grid_medium
9,49.10666666666667,5.029173103334256,14.083666666666666,1.1472833333333332,1.939,4.044016666666667,68,6.216666666666667,Giá trị – chọn bằng mô phỏng,grid_medium
10,49.146,5.054817120318695,14.175666666666666,1.1532999999999998,1.958,4.035983333333333,62,6.187,Giá trị – chọn bằng mô phỏng,grid_medium
11,48.866,5.014490560672354,14.057666666666666,1.1492666666666667,1.948,4.0164333333333335,68,6.147666666666667,Giá trị – chọn bằng mô phỏng,grid_medium
12,48.830666666666666,5.032433012303738,14.038333333333334,1.1527,1.9436666666666667,4.011966666666667,73,6.133,Giá trị – chọn bằng mô phỏng,grid_medium
13,48.70933333333333,4.971043991237154,13.992333333333333,1.1607999999999998,1.972,3.9642,68,6.026666666666666,Giá trị – chọn bằng mô phỏng,grid_medium
14,49.275333333333336,5.048318670464302,14.162,1.1681166666666667,1.985,4.073966666666667,72,6.252,Giá trị – chọn bằng mô phỏng,grid_medium
15,49.266666666666666,5.063177049834023,14.291333333333334,1.1946833333333333,2.018666666666667,4.098483333333333,74,6.228666666666666,Giá trị – chọn bằng mô phỏng,grid_medium
16,49.228,5.002266913779917,14.126666666666667,1.1489833333333332,1.9476666666666667,4.01445,71,6.163,Giá trị – chọn bằng mô phỏng,grid_medium
17,49.228,5.0371901656965745,14.190666666666667,1.14335,1.9383333333333332,4.049550000000001,71,6.249666666666666,Giá trị – chọn bằng mô phỏng,grid_medium
18,49.111333333333334,5.064927894343688,14.238,1.1700333333333333,1.9763333333333333,4.054466666666666,61,6.187333333333333,Giá trị – chọn bằng mô phỏng,grid_medium
19,48.873333333333335,5.000496816675512,13.985,1.132,1.9223333333333332,3.985766666666667,67,6.125333333333334,Giá trị – chọn bằng mô phỏng,grid_medium
20,48.76533333333333,4.965404107351602,13.919,1.1353666666666666,1.926,4.010933333333333,66,6.16,Giá trị – chọn bằng mô phỏng,grid_medium
21,49.205333333333336,5.083270618698815,14.256333333333334,1.1639,1.968,4.063766666666666,73,6.213666666666667,Giá trị – chọn bằng mô phỏng,grid_medium
22,49.032666666666664,5.0314297418508955,14.102,1.1341999999999999,1.9273333333333333,4.01405,73,6.190333333333333,Giá trị – chọn bằng mô phỏng,grid_medium
23,49.146,5.053832073191997,14.182333333333334,1.1476833333333334,1.9486666666666668,4.042216666666667,69,6.199666666666666,Giá trị – chọn bằng mô phỏng,grid_medium
24,49.090666666666664,5.022159626324016,14.173333333333334,1.1596499999999998,1.967,4.0317,69,6.164,Giá trị – chọn bằng mô phỏng,grid_medium
25,49.12266666666667,5.039458316175771,14.124,1.1609333333333334,1.9673333333333334,4.0438833333333335,71,6.187666666666667,Giá trị – chọn bằng mô phỏng,grid_medium
26,48.82266666666667,4.997084704159606,13.990333333333334,1.1512166666666668,1.963,4.029083333333333,69,6.1723333333333334,Giá trị – chọn bằng mô phỏng,grid_medium
27,49.12866666666667,5.000872763265938,14.069333333333333,1.1275,1.9216666666666666,3.9966500000000003,73,6.154,Giá trị – chọn bằng mô phỏng,grid_medium
28,49.332,5.042626554702223,14.196,1.1354166666666667,1.9293333333333333,4.040233333333334,74,6.243333333333333,Giá trị – chọn bằng mô phỏng,grid_medium
29,49.25933333333333,5.056950890800287,14.257,1.1737333333333333,1.9933333333333334,4.067383333333333,80,6.208666666666667,Giá trị – chọn bằng mô phỏng,grid_medium
0,49.60733333333334,5.607737979243327,16.457,1.5373166666666669,2.5653333333333332,4.4054,67,6.138,Giá trị – tinh chỉnh,grid_medium
1,49.67666666666667,5.643925078443207,16.446,1.5089,2.514,4.371716666666667,81,6.142333333333333,Giá trị – tinh chỉnh,grid_medium
2,49.59733333333333,5.589629139391905,16.338,1.5084833333333332,2.531,4.331083333333333,80,6.07,Giá trị – tinh chỉnh,grid_medium
3,49.977333333333334,5.668466016001926,16.545,1.5400833333333332,2.578666666666667,4.4122,74,6.1723333333333334,Giá trị – tinh chỉnh,grid_medium
4,50.12,5.678723934955343,16.613666666666667,1.5602833333333332,2.6106666666666665,4.451733333333333,83,6.222333333333333,Giá trị – tinh chỉnh,grid_medium
5,49.443333333333335,5.606015211030659,16.397666666666666,1.5374666666666665,2.571,4.380816666666666,71,6.081333333333333,Giá trị – tinh chỉnh,grid_medium
6,49.85933333333333,5.652422644871278,16.602,1.5280166666666668,2.5416666666666665,4.4214166666666666,68,6.212,Giá trị – tinh chỉnh,grid_medium
7,50.029333333333334,5.646521449807976,16.626666666666665,1.5142333333333335,2.5366666666666666,4.416383333333333,83,6.229666666666667,Giá trị – tinh chỉnh,grid_medium
8,49.812666666666665,5.667069206058815,16.583,1.5292833333333335,2.5596666666666668,4.431333333333333,89,6.219333333333333,Giá trị – tinh chỉnh,grid_medium
9,50.014,5.719899485534771,16.726333333333333,1.56625,2.6233333333333335,4.462983333333333,81,6.216666666666667,Giá trị – tinh chỉnh,grid_medium
10,50.03066666666667,5.688739596638578,16.669666666666668,1.52,2.5656666666666665,4.402683333333333,81,6.187,Giá trị – tinh chỉnh,grid_medium
11,49.736,5.6343470802677205,16.490666666666666,1.5121999999999998,2.541333333333333,4.379366666666666,84,6.147666666666667,Giá trị – tinh chỉnh,grid_medium
12,49.68066666666667,5.671982634517066,16.484333333333332,1.5376166666666669,2.5693333333333332,4.396883333333333,68,6.133,Giá trị – tinh chỉnh,grid_medium
13,49.419333333333334,5.597319346458431,16.421,1.540433333333333,2.586,4.343833333333333,73,6.026666666666666,Giá trị – tinh chỉnh,grid_medium
14,50.20133333333333,5.74006021513958,16.735666666666667,1.5749166666666667,2.624,4.480766666666667,87,6.252,Giá trị – tinh chỉnh,grid_medium
15,49.96066666666667,5.697913998616879,16.726,1.5562,2.6173333333333333,4.46,72,6.228666666666666,Giá trị – tinh chỉnh,grid_medium
16,49.93933333333333,5.6708293854367176,16.637,1.5519833333333333,2.5923333333333334,4.41745,77,6.163,Giá trị – tinh chỉnh,grid_medium
17,50.11533333333333,5.684620359754277,16.668,1.53405,2.5723333333333334,4.44025,77,6.249666666666666,Giá trị – tinh chỉnh,grid_medium
18,49.94533333333333,5.672489522097632,16.622,1.5410333333333335,2.574,4.425466666666667,80,6.187333333333333,Giá trị – tinh chỉnh,grid_medium
19,49.653333333333336,5.628568021314374,16.48966666666667,1.559566666666667,2.606,4.413333333333333,77,6.125333333333334,Giá trị – tinh chỉnh,grid_medium
20,49.73266666666667,5.621876136352594,16.501333333333335,1.5125666666666666,2.5296666666666665,4.388133333333334,70,6.16,Giá trị – tinh chỉnh,grid_medium
21,49.98466666666667,5.69507389479423,16.711,1.5513333333333332,2.594333333333333,4.451199999999999,72,6.213666666666667,Giá trị – tinh chỉnh,grid_medium
22,49.897333333333336,5.6741679222498504,16.604,1.5422333333333336,2.588,4.422083333333333,81,6.190333333333333,Giá trị – tinh chỉnh,grid_medium
23,49.81933333333333,5.681670592547302,16.585333333333335,1.5277333333333336,2.544,4.422266666666666,85,6.199666666666666,Giá trị – tinh chỉnh,grid_medium
24,49.858,5.644458292186967,16.584666666666667,1.5141666666666667,2.5363333333333333,4.386216666666667,65,6.164,Giá trị – tinh chỉnh,grid_medium
25,49.90866666666667,5.6764450885852495,16.588666666666665,1.5344833333333332,2.5653333333333332,4.417433333333333,71,6.187666666666667,Giá trị – tinh chỉnh,grid_medium
26,49.794666666666664,5.6770490229084745,16.605333333333334,1.53,2.5673333333333335,4.407866666666667,78,6.1723333333333334,Giá trị – tinh chỉnh,grid_medium
27,50.00666666666667,5.669700409809009,16.633333333333333,1.53645,2.5753333333333335,4.4056,79,6.154,Giá trị – tinh chỉnh,grid_medium
28,50.156,5.693358161117397,16.730666666666668,1.4913499999999997,2.503,4.396166666666667,84,6.243333333333333,Giá trị – tinh chỉnh,grid_medium
29,49.98533333333334,5.650371425480388,16.541666666666668,1.5275333333333334,2.57,4.4211833333333335,80,6.208666666666667,Giá trị – tinh chỉnh,grid_medium
0,51.19,4.893647852089438,15.081333333333333,0.80175,1.5236666666666667,3.6698333333333335,73,6.138,Hiện trạng,racetrack_medium
1,51.27133333333333,4.9026959583467615,15.060666666666666,0.8008666666666665,1.5233333333333334,3.663683333333333,68,6.142333333333333,Hiện trạng,racetrack_medium
2,50.902,4.840178160197411,14.931,0.7736500000000001,1.4733333333333334,3.59625,76,6.07,Hiện trạng,racetrack_medium
3,51.11666666666667,4.9129950313524695,15.098666666666666,0.8025,1.5233333333333334,3.674616666666666,71,6.1723333333333334,Hiện trạng,racetrack_medium
4,51.54933333333334,4.9515754283902735,15.208,0.8194166666666667,1.5443333333333333,3.710866666666667,68,6.222333333333333,Hiện trạng,racetrack_medium
5,51.084666666666664,4.901798470960969,15.127333333333333,0.8026000000000001,1.5176666666666667,3.64595,66,6.081333333333333,Hiện trạng,racetrack_medium
6,51.26,4.9161740291407945,15.165666666666667,0.8039666666666665,1.5193333333333334,3.697366666666666,69,6.212,Hiện trạng,racetrack_medium
7,51.519333333333336,4.9474397960978935,15.299333333333333,0.82125,1.5563333333333333,3.7234000000000003,86,6.229666666666667,Hiện trạng,racetrack_medium
8,51.372,4.949285048157305,15.211666666666666,0.7985833333333333,1.5146666666666666,3.7006333333333337,70,6.219333333333333,Hiện trạng,racetrack_medium
9,51.50066666666667,4.973454324595556,15.251,0.7919333333333334,1.5083333333333333,3.6886666666666668,83,6.216666666666667,Hiện trạng,racetrack_medium
10,51.466,4.93992031571959,15.205333333333334,0.7943833333333333,1.5176666666666667,3.6770666666666663,80,6.187,Hiện trạng,racetrack_medium
11,51.44133333333333,4.930391075480301,15.172333333333333,0.7942999999999999,1.5166666666666666,3.6614666666666666,76,6.147666666666667,Hiện trạng,racetrack_medium
12,51.224666666666664,4.920377904836486,15.050666666666666,0.7996333333333332,1.5116666666666667,3.6589,78,6.133,Hiện trạng,racetrack_medium
13,51.02133333333333,4.841342118871111,14.936,0.7869166666666667,1.496,3.590316666666667,73,6.026666666666666,Hiện trạng,racetrack_medium
14,51.346,4.952492078568351,15.21,0.8025499999999999,1.5276666666666667,3.7084,81,6.252,Hiện trạng,racetrack_medium
15,51.467333333333336,4.95771655837312,15.277,0.8003833333333333,1.519,3.704183333333333,73,6.228666666666666,Hiện trạng,racetrack_medium
16,51.287333333333336,4.9257681872880275,15.177,0.79875,1.5263333333333333,3.6642166666666673,71,6.163,Hiện trạng,racetrack_medium
17,51.589333333333336,4.954955396704313,15.316666666666666,0.8172999999999999,1.5486666666666666,3.7235,80,6.249666666666666,Hiện trạng,racetrack_medium
18,51.21066666666667,4.923724478078698,15.122,0.7993833333333333,1.515,3.683816666666667,64,6.187333333333333,Hiện trạng,racetrack_medium
19,51.226,4.900863093390058,15.043333333333333,0.78605,1.5063333333333333,3.639816666666667,70,6.125333333333334,Hiện trạng,racetrack_medium
20,51.285333333333334,4.94439022447499,15.183,0.8076000000000001,1.545,3.6831666666666667,72,6.16,Hiện trạng,racetrack_medium
21,51.436,4.954886106314259,15.256,0.7969666666666667,1.5156666666666667,3.696833333333333,82,6.213666666666667,Hiện trạng,racetrack_medium
22,51.534,4.950337348066111,15.22,0.7974333333333334,1.5086666666666666,3.6772833333333335,81,6.190333333333333,Hiện trạng,racetrack_medium
23,51.589333333333336,4.984096359464702,15.257666666666667,0.8093666666666668,1.533,3.7039000000000004,93,6.199666666666666,Hiện trạng,racetrack_medium
24,51.276,4.920564301987622,15.202666666666667,0.8003833333333333,1.5133333333333334,3.672433333333333,81,6.164,Hiện trạng,racetrack_medium
25,51.397333333333336,4.956448671572929,15.241666666666667,0.8174166666666667,1.5473333333333332,3.7003666666666666,76,6.187666666666667,Hiện trạng,racetrack_medium
26,51.30866666666667,4.944584208550987,15.193666666666667,0.7995833333333333,1.528,3.6774499999999994,81,6.1723333333333334,Hiện trạng,racetrack_medium
27,51.478,4.936053751020941,15.207,0.7920833333333334,1.507,3.6612333333333336,90,6.154,Hiện trạng,racetrack_medium
28,51.618,4.964156521601075,15.319666666666667,0.8089666666666667,1.5276666666666667,3.7137833333333328,78,6.243333333333333,Hiện trạng,racetrack_medium
29,51.534666666666666,4.963498703928054,15.315,0.8423666666666666,1.592,3.736016666666667,73,6.208666666666667,Hiện trạng,racetrack_medium
0,46.83533333333333,4.375377938487185,12.974333333333334,0.6182666666666666,1.2316666666666667,3.48635,62,6.138,Tiện lợi – theo mô hình,racetrack_medium
1,46.796,4.3953837089861665,12.987666666666666,0.5876166666666667,1.1703333333333332,3.4504333333333332,73,6.142333333333333,Tiện lợi – theo mô hình,racetrack_medium
2,46.46,4.332554205394016,12.874666666666666,0.5992666666666667,1.2013333333333334,3.421866666666667,61,6.07,Tiện lợi – theo mô hình,racetrack_medium
3,46.82,4.403086666637516,12.966666666666667,0.6068833333333333,1.219,3.479,74,6.1723333333333334,Tiện lợi – theo mô hình,racetrack_medium
4,46.954,4.419688983377322,13.041,0.6157333333333332,1.2386666666666666,3.507183333333333,63,6.222333333333333,Tiện lợi – theo mô hình,racetrack_medium
5,46.50933333333333,4.349091770393128,12.919333333333332,0.6005333333333333,1.2,3.4438833333333334,67,6.081333333333333,Tiện lợi – theo mô hình,racetrack_medium
6,47.031333333333336,4.413116392430274,13.075,0.607,1.2,3.5004000000000004,70,6.212,Tiện lợi – theo mô hình,racetrack_medium
7,46.977333333333334,4.397720015931491,13.026333333333334,0.5983499999999999,1.1956666666666667,3.5005,81,6.229666666666667,Tiện lợi – theo mô hình,racetrack_medium
8,46.82266666666667,4.4078173429685945,13.019,0.5952666666666667,1.191,3.497316666666667,74,6.219333333333333,Tiện lợi – theo mô hình,racetrack_medium
9,46.89266666666666,4.422449089211766,13.039,0.6144333333333334,1.2293333333333334,3.5111666666666665,69,6.216666666666667,Tiện lợi – theo mô hình,racetrack_medium
10,47.17133333333334,4.449118397757443,13.110666666666667,0.6316333333333334,1.263,3.5143166666666668,71,6.187,Tiện lợi – theo mô hình,racetrack_medium
11,46.955333333333336,4.3903268447385555,13.016333333333334,0.5930333333333333,1.1846666666666668,3.4601999999999995,68,6.147666666666667,Tiện lợi – theo mô hình,racetrack_medium
12,46.62,4.382180946458695,12.924666666666667,0.58895,1.1826666666666668,3.448216666666667,77,6.133,Tiện lợi – theo mô hình,racetrack_medium
13,46.477333333333334,4.314611972741923,12.798,0.58895,1.1796666666666666,3.3923500000000004,72,6.026666666666666,Tiện lợi – theo mô hình,racetrack_medium
14,46.934,4.421228013522147,13.022333333333334,0.5969,1.1903333333333332,3.50275,65,6.252,Tiện lợi – theo mô hình,racetrack_medium
15,46.874,4.38133689867562,12.995666666666667,0.5918666666666667,1.1843333333333332,3.4956666666666667,67,6.228666666666666,Tiện lợi – theo mô hình,racetrack_medium
16,46.79933333333334,4.3836078659829,13.027333333333333,0.5976666666666667,1.1933333333333334,3.4631333333333334,71,6.163,Tiện lợi – theo mô hình,racetrack_medium
17,46.99933333333333,4.421236461149057,13.087,0.6015166666666667,1.2043333333333333,3.507716666666667,69,6.249666666666666,Tiện lợi – theo mô hình,racetrack_medium
18,47.00066666666667,4.4180382951244255,13.059,0.6173166666666666,1.2276666666666667,3.50175,70,6.187333333333333,Tiện lợi – theo mô hình,racetrack_medium
19,46.566,4.344623542559173,12.823666666666666,0.5973,1.2003333333333333,3.4510666666666667,70,6.125333333333334,Tiện lợi – theo mô hình,racetrack_medium
20,46.63133333333333,4.350645501638918,12.917666666666667,0.5939833333333333,1.1986666666666668,3.46955,69,6.16,Tiện lợi – theo mô hình,racetrack_medium
21,47.11933333333333,4.428382568609073,13.095,0.6077333333333333,1.2136666666666667,3.5075999999999996,70,6.213666666666667,Tiện lợi – theo mô hình,racetrack_medium
22,46.782,4.382842904295724,12.977333333333334,0.5892166666666667,1.1773333333333333,3.4690666666666665,67,6.190333333333333,Tiện lợi – theo mô hình,racetrack_medium
23,46.97,4.444836316748473,13.073666666666666,0.6155833333333334,1.23,3.5101166666666663,69,6.199666666666666,Tiện lợi – theo mô hình,racetrack_medium
24,46.967333333333336,4.390834432081297,13.041666666666666,0.5906499999999999,1.191,3.4627000000000003,74,6.164,Tiện lợi – theo mô hình,racetrack_medium
25,46.82933333333333,4.398731881682282,12.967,0.61395,1.2266666666666666,3.4969,78,6.187666666666667,Tiện lợi – theo mô hình,racetrack_medium
26,46.966,4.40776802437844,13.052,0.6036,1.2146666666666666,3.4814666666666665,67,6.1723333333333334,Tiện lợi – theo mô hình,racetrack_medium
27,46.99733333333333,4.390241672180857,13.032,0.6053,1.2193333333333334,3.4744499999999996,74,6.154,Tiện lợi – theo mô hình,racetrack_medium
28,46.898,4.416471322259788,13.087,0.6027666666666667,1.1993333333333334,3.5075833333333333,70,6.243333333333333,Tiện lợi – theo mô hình,racetrack_medium
29,46.898666666666664,4.401157071032371,13.045,0.6353833333333333,1.2506666666666666,3.5290333333333335,67,6.208666666666667,Tiện lợi – theo mô hình,racetrack_medium
0,46.72666666666667,4.309381442051231,12.757,0.5656,1.1513333333333333,3.433683333333333,70,6.138,Tiện lợi – chọn bằng mô phỏng,racetrack_medium
1,46.65266666666667,4.302088854305168,12.755333333333333,0.5557333333333333,1.1256666666666666,3.4185499999999998,74,6.142333333333333,Tiện lợi – chọn bằng mô phỏng,racetrack_medium
2,46.346666666666664,4.2581611839148445,12.683,0.5534166666666667,1.1233333333333333,3.376016666666667,70,6.07,Tiện lợi – chọn bằng mô phỏng,racetrack_medium
3,46.711333333333336,4.305888185069817,12.741,0.5583833333333333,1.1316666666666666,3.4305,70,6.1723333333333334,Tiện lợi – chọn bằng mô phỏng,racetrack_medium
4,46.812,4.345595666073851,12.826,0.5666833333333333,1.146,3.458133333333333,58,6.222333333333333,Tiện lợi – chọn bằng mô phỏng,racetrack_medium
5,46.37533333333333,4.296307017517714,12.718333333333334,0.5536,1.121,3.39695,72,6.081333333333333,Tiện lợi – chọn bằng mô phỏng,racetrack_medium
6,46.882666666666665,4.3224737684268355,12.851333333333333,0.5571333333333333,1.1333333333333333,3.450533333333333,70,6.212,Tiện lợi – chọn bằng mô phỏng,racetrack_medium
7,46.873333333333335,4.32895872889778,12.833666666666666,0.5564000000000001,1.125,3.4585500000000007,78,6.229666666666667,Tiện lợi – chọn bằng mô phỏng,racetrack_medium
8,46.684,4.325885803363822,12.812333333333333,0.5480666666666667,1.1143333333333334,3.4501166666666667,68,6.219333333333333,Tiện lợi – chọn bằng mô phỏng,racetrack_medium
9,46.71333333333333,4.361013892508494,12.813,0.5709,1.157,3.467633333333333,74,6.216666666666667,Tiện lợi – chọn bằng mô phỏng,racetrack_medium
10,46.96666666666667,4.367605108184167,12.906666666666666,0.5668333333333333,1.1503333333333334,3.4495166666666672,65,6.187,Tiện lợi – chọn bằng mô phỏng,racetrack_medium
11,46.77,4.315444641621601,12.788,0.5646666666666667,1.1446666666666667,3.4318333333333335,72,6.147666666666667,Tiện lợi – chọn bằng mô phỏng,racetrack_medium
12,46.546,4.295327821484873,12.696333333333333,0.56,1.1276666666666666,3.4192666666666662,75,6.133,Tiện lợi – chọn bằng mô phỏng,racetrack_medium
13,46.35333333333333,4.2398939876069015,12.579666666666666,0.5427333333333333,1.1056666666666666,3.3461333333333334,68,6.026666666666666,Tiện lợi – chọn bằng mô phỏng,racetrack_medium
14,46.87133333333333,4.349333143819565,12.835,0.5515666666666666,1.1123333333333334,3.4574166666666666,66,6.252,Tiện lợi – chọn bằng mô phỏng,racetrack_medium
15,46.75933333333333,4.32631727554824,12.808333333333334,0.5622166666666667,1.1403333333333334,3.4660166666666665,77,6.228666666666666,Tiện lợi – chọn bằng mô phỏng,racetrack_medium
16,46.63066666666667,4.3051755863598355,12.804666666666666,0.5578000000000001,1.1306666666666667,3.4232666666666662,65,6.163,Tiện lợi – chọn bằng mô phỏng,racetrack_medium
17,46.886,4.357973269263832,12.873333333333333,0.5542666666666667,1.1276666666666666,3.460466666666667,70,6.249666666666666,Tiện lợi – chọn bằng mô phỏng,racetrack_medium
18,46.894666666666666,4.347664399058242,12.847333333333333,0.56845,1.1376666666666666,3.4528833333333333,74,6.187333333333333,Tiện lợi – chọn bằng mô phỏng,racetrack_medium
19,46.40533333333333,4.267533857378093,12.622,0.56995,1.1486666666666667,3.423716666666667,73,6.125333333333334,Tiện lợi – chọn bằng mô phỏng,racetrack_medium
20,46.56333333333333,4.27988661417903,12.697,0.5442166666666667,1.107,3.4197833333333336,69,6.16,Tiện lợi – chọn bằng mô phỏng,racetrack_medium
21,46.95333333333333,4.3565051910666925,12.869,0.5714833333333332,1.1556666666666666,3.4713499999999997,67,6.213666666666667,Tiện lợi – chọn bằng mô phỏng,racetrack_medium
22,46.70066666666666,4.32020362544257,12.780333333333333,0.5477833333333333,1.119,3.427633333333333,69,6.190333333333333,Tiện lợi – chọn bằng mô phỏng,racetrack_medium
23,46.86666666666667,4.369515952835122,12.853666666666667,0.5629,1.142,3.457433333333333,63,6.199666666666666,Tiện lợi – chọn bằng mô phỏng,racetrack_medium
24,46.79533333333333,4.32639672969001,12.824333333333334,0.5577833333333333,1.1276666666666666,3.4298333333333333,67,6.164,Tiện lợi – chọn bằng mô phỏng,racetrack_medium
25,46.69266666666667,4.332347225670886,12.767,0.5418000000000001,1.0993333333333333,3.42475,68,6.187666666666667,Tiện lợi – chọn bằng mô phỏng,racetrack_medium
26,46.85466666666667,4.335761208334501,12.838666666666667,0.5521833333333334,1.1313333333333333,3.43005,70,6.1723333333333334,Tiện lợi – chọn bằng mô phỏng,racetrack_medium
27,46.81133333333333,4.315592472518392,12.826,0.55345,1.128,3.4226000000000005,71,6.154,Tiện lợi – chọn bằng mô phỏng,racetrack_medium
28,46.788,4.336638128895054,12.846333333333334,0.55745,1.128,3.4622666666666664,69,6.243333333333333,Tiện lợi – chọn bằng mô phỏng,racetrack_medium
29,46.76866666666667,4.335276991363984,12.839,0.56535,1.1483333333333334,3.4590000000000005,70,6.208666666666667,Tiện lợi – chọn bằng mô phỏng,racetrack_medium
0,45.63133333333333,4.354233183592202,12.964666666666666,0.5929166666666666,1.205,3.461,69,6.138,Tiện lợi – tinh chỉnh,racetrack_medium
1,45.626,4.3608031425221965,12.93,0.5717833333333333,1.159,3.4345999999999997,66,6.142333333333333,Tiện lợi – tinh chỉnh,racetrack_medium
2,45.336666666666666,4.3072096701863725,12.837333333333333,0.568,1.1523333333333334,3.3905999999999996,73,6.07,Tiện lợi – tinh chỉnh,racetrack_medium
3,45.66466666666667,4.369878674762002,12.916,0.5914666666666667,1.1913333333333334,3.4635833333333332,66,6.1723333333333334,Tiện lợi – tinh chỉnh,racetrack_medium
4,45.90266666666667,4.402476578698433,13.109666666666667,0.5901000000000001,1.1946666666666668,3.4815500000000004,67,6.222333333333333,Tiện lợi – tinh chỉnh,racetrack_medium
5,45.392,4.330796949821969,12.871666666666666,0.5865833333333333,1.188,3.429933333333333,60,6.081333333333333,Tiện lợi – tinh chỉnh,racetrack_medium
6,45.87466666666667,4.381876081288501,13.095,0.5844166666666667,1.1713333333333333,3.477816666666667,71,6.212,Tiện lợi – tinh chỉnh,racetrack_medium
7,45.852,4.385928009926805,13.047,0.5743166666666666,1.1693333333333333,3.476466666666667,73,6.229666666666667,Tiện lợi – tinh chỉnh,racetrack_medium
8,45.547333333333334,4.355436861398849,12.922666666666666,0.5913333333333334,1.186,3.493383333333333,70,6.219333333333333,Tiện lợi – tinh chỉnh,racetrack_medium
9,45.58266666666667,4.386170953700744,12.951,0.5726666666666667,1.1616666666666666,3.4694000000000003,64,6.216666666666667,Tiện lợi – tinh chỉnh,racetrack_medium
10,45.965333333333334,4.411763060644238,13.086333333333334,0.5888166666666667,1.1946666666666668,3.4715,69,6.187,Tiện lợi – tinh chỉnh,racetrack_medium
11,45.665333333333336,4.362260131943568,12.991666666666667,0.5657833333333334,1.159,3.43295,67,6.147666666666667,Tiện lợi – tinh chỉnh,racetrack_medium
12,45.546,4.373280857678773,12.929333333333334,0.5801499999999999,1.1743333333333332,3.439416666666667,70,6.133,Tiện lợi – tinh chỉnh,racetrack_medium
13,45.37133333333333,4.306905544328903,12.818666666666667,0.58075,1.1606666666666667,3.3841500000000004,66,6.026666666666666,Tiện lợi – tinh chỉnh,racetrack_medium
14,45.846,4.387155875684834,13.045,0.58185,1.169,3.4877000000000002,57,6.252,Tiện lợi – tinh chỉnh,racetrack_medium
15,45.86066666666667,4.39456742050718,13.069,0.6019166666666667,1.2196666666666667,3.5057166666666673,62,6.228666666666666,Tiện lợi – tinh chỉnh,racetrack_medium
16,45.602666666666664,4.360611514099604,13.003666666666666,0.5702666666666667,1.1513333333333333,3.4357333333333337,65,6.163,Tiện lợi – tinh chỉnh,racetrack_medium
17,45.82866666666666,4.381446870607246,12.986666666666666,0.5766833333333333,1.1743333333333332,3.482883333333334,65,6.249666666666666,Tiện lợi – tinh chỉnh,racetrack_medium
18,45.8,4.387448107247864,13.040666666666667,0.57455,1.1546666666666667,3.458983333333333,65,6.187333333333333,Tiện lợi – tinh chỉnh,racetrack_medium
19,45.47533333333333,4.330750613310097,12.886666666666667,0.5858333333333333,1.189,3.4395999999999995,71,6.125333333333334,Tiện lợi – tinh chỉnh,racetrack_medium
20,45.512,4.340212330365226,12.914333333333333,0.5808,1.1786666666666668,3.4563666666666664,65,6.16,Tiện lợi – tinh chỉnh,racetrack_medium
21,45.79333333333334,4.397789400990544,13.071333333333333,0.5898666666666667,1.1936666666666667,3.4897333333333336,66,6.213666666666667,Tiện lợi – tinh chỉnh,racetrack_medium
22,45.654,4.363319117392618,12.982333333333333,0.5737833333333333,1.1626666666666667,3.4536333333333338,67,6.190333333333333,Tiện lợi – tinh chỉnh,racetrack_medium
23,45.95733333333333,4.407668185872826,13.001,0.5915166666666667,1.1916666666666667,3.48605,72,6.199666666666666,Tiện lợi – tinh chỉnh,racetrack_medium
24,45.622,4.366319073421799,12.987,0.5903833333333334,1.195,3.4624333333333333,64,6.164,Tiện lợi – tinh chỉnh,racetrack_medium
25,45.63133333333333,4.385318565600647,12.987333333333334,0.5869666666666667,1.1886666666666668,3.4699166666666668,76,6.187666666666667,Tiện lợi – tinh chỉnh,racetrack_medium
26,45.716,4.393017365289,13.089666666666666,0.5819,1.1766666666666667,3.4597666666666664,75,6.1723333333333334,Tiện lợi – tinh chỉnh,racetrack_medium
27,45.744,4.371431376247456,12.999,0.5721833333333333,1.166,3.441333333333333,71,6.154,Tiện lợi – tinh chỉnh,racetrack_medium
28,45.702,4.379735118497923,13.023,0.5648666666666666,1.134,3.4696833333333332,66,6.243333333333333,Tiện lợi – tinh chỉnh,racetrack_medium
29,45.78066666666667,4.377619604729879,13.003333333333334,0.5991833333333334,1.205,3.492833333333334,63,6.208666666666667,Tiện lợi – tinh chỉnh,racetrack_medium
0,47.43666666666667,4.398027641711315,12.959,0.6120333333333334,1.2356666666666667,3.4801166666666674,69,6.138,Cân bằng – theo mô hình,racetrack_medium
1,47.492,4.436206628123996,13.014666666666667,0.6077333333333332,1.2213333333333334,3.47055,63,6.142333333333333,Cân bằng – theo mô hình,racetrack_medium
2,47.28333333333333,4.4044447038967895,12.963,0.60315,1.223,3.42575,75,6.07,Cân bằng – theo mô hình,racetrack_medium
3,47.522666666666666,4.446726339404871,13.038666666666666,0.6301833333333333,1.263,3.5023000000000004,76,6.1723333333333334,Cân bằng – theo mô hình,racetrack_medium
4,47.33733333333333,4.441557558936769,13.037,0.6031833333333333,1.225,3.4946333333333337,68,6.222333333333333,Cân bằng – theo mô hình,racetrack_medium
5,47.24,4.396746825853941,12.892666666666667,0.6061,1.2173333333333334,3.44945,64,6.081333333333333,Cân bằng – theo mô hình,racetrack_medium
6,47.50866666666667,4.432442675346184,13.048,0.62365,1.2473333333333334,3.5170500000000007,68,6.212,Cân bằng – theo mô hình,racetrack_medium
7,47.641333333333336,4.422505462222108,13.031666666666666,0.60505,1.2093333333333334,3.5072,68,6.229666666666667,Cân bằng – theo mô hình,racetrack_medium
8,47.472,4.438915991086055,13.032,0.6164666666666667,1.242,3.5185166666666663,74,6.219333333333333,Cân bằng – theo mô hình,racetrack_medium
9,47.57666666666667,4.448927856782093,13.049333333333333,0.6132166666666667,1.2316666666666667,3.5099499999999995,75,6.216666666666667,Cân bằng – theo mô hình,racetrack_medium
10,47.796,4.465334194129468,13.105666666666666,0.6113833333333333,1.2253333333333334,3.494066666666667,71,6.187,Cân bằng – theo mô hình,racetrack_medium
11,47.42333333333333,4.423785563050086,13.001,0.6175666666666667,1.2373333333333334,3.4847333333333337,72,6.147666666666667,Cân bằng – theo mô hình,racetrack_medium
12,47.355333333333334,4.401400809917063,12.879,0.6045666666666667,1.2063333333333333,3.4638333333333335,75,6.133,Cân bằng – theo mô hình,racetrack_medium
13,46.93533333333333,4.327571261826728,12.757,0.58875,1.1956666666666667,3.3921499999999996,68,6.026666666666666,Cân bằng – theo mô hình,racetrack_medium
14,47.65133333333333,4.464140787390297,13.090333333333334,0.6198166666666666,1.2543333333333333,3.5256666666666665,62,6.252,Cân bằng – theo mô hình,racetrack_medium
15,47.504666666666665,4.421296923753345,13.017,0.6082333333333334,1.2296666666666667,3.5120333333333327,68,6.228666666666666,Cân bằng – theo mô hình,racetrack_medium
16,47.598,4.426921264015681,13.061666666666667,0.6216499999999999,1.2466666666666666,3.4871166666666666,76,6.163,Cân bằng – theo mô hình,racetrack_medium
17,47.73133333333333,4.448037810968639,13.115,0.6213000000000001,1.2583333333333333,3.5275,63,6.249666666666666,Cân bằng – theo mô hình,racetrack_medium
18,47.760666666666665,4.463797287278869,13.146,0.6263000000000001,1.247,3.5107333333333335,63,6.187333333333333,Cân bằng – theo mô hình,racetrack_medium
19,47.286,4.391830353705246,12.871666666666666,0.6048,1.2223333333333333,3.458566666666667,72,6.125333333333334,Cân bằng – theo mô hình,racetrack_medium
20,47.39933333333333,4.381824829634346,12.884,0.6109333333333332,1.221,3.486500000000001,64,6.16,Cân bằng – theo mô hình,racetrack_medium
21,47.76866666666667,4.472584219411034,13.137,0.6344833333333334,1.278,3.53435,69,6.213666666666667,Cân bằng – theo mô hình,racetrack_medium
22,47.42133333333334,4.412141433257127,12.930333333333333,0.5934666666666667,1.1943333333333332,3.473316666666667,65,6.190333333333333,Cân bằng – theo mô hình,racetrack_medium
23,47.64666666666667,4.451876594694226,13.036666666666667,0.6151166666666668,1.243,3.50965,66,6.199666666666666,Cân bằng – theo mô hình,racetrack_medium
24,47.595333333333336,4.424767728040233,13.005666666666666,0.6087166666666666,1.2166666666666666,3.4807666666666663,66,6.164,Cân bằng – theo mô hình,racetrack_medium
25,47.608666666666664,4.446605219325629,13.026666666666667,0.59725,1.214,3.4802,68,6.187666666666667,Cân bằng – theo mô hình,racetrack_medium
26,47.471333333333334,4.415793499495667,12.976666666666667,0.6024833333333334,1.2123333333333333,3.4803499999999996,80,6.1723333333333334,Cân bằng – theo mô hình,racetrack_medium
27,47.65133333333333,4.43970644122688,13.078666666666667,0.6334333333333333,1.2763333333333333,3.5025833333333334,74,6.154,Cân bằng – theo mô hình,racetrack_medium
28,47.666666666666664,4.456503855890909,13.105666666666666,0.6132166666666667,1.2396666666666667,3.5180333333333333,66,6.243333333333333,Cân bằng – theo mô hình,racetrack_medium
29,47.58533333333333,4.445748251655981,13.091333333333333,0.6266,1.253,3.52025,73,6.208666666666667,Cân bằng – theo mô hình,racetrack_medium
0,51.314,4.916259812617702,14.263,0.9118166666666666,1.68,3.7799,77,6.138,Cân bằng – chọn bằng mô phỏng,racetrack_medium
1,51.212666666666664,4.911402229990203,14.245333333333333,0.8796833333333334,1.615,3.7425,88,6.142333333333333,Cân bằng – chọn bằng mô phỏng,racetrack_medium
2,51.00066666666667,4.869274535438462,14.175333333333333,0.8631333333333334,1.6043333333333334,3.6857333333333337,71,6.07,Cân bằng – chọn bằng mô phỏng,racetrack_medium
3,51.61,4.9423493836012105,14.305666666666667,0.8941666666666667,1.645,3.7662833333333334,74,6.1723333333333334,Cân bằng – chọn bằng mô phỏng,racetrack_medium
4,51.522,4.942946639205446,14.323,0.89345,1.651,3.7849000000000004,70,6.222333333333333,Cân bằng – chọn bằng mô phỏng,racetrack_medium
5,51.03666666666667,4.84801526336873,14.079,0.8766,1.6193333333333333,3.7199500000000003,77,6.081333333333333,Cân bằng – chọn bằng mô phỏng,racetrack_medium
6,51.44133333333333,4.932205536695602,14.331666666666667,0.878,1.62,3.7714000000000003,75,6.212,Cân bằng – chọn bằng mô phỏng,racetrack_medium
7,51.30466666666667,4.893244325742204,14.215666666666667,0.8578666666666667,1.5976666666666666,3.760016666666667,89,6.229666666666667,Cân bằng – chọn bằng mô phỏng,racetrack_medium
8,51.54,4.93178952795932,14.351333333333333,0.88025,1.6213333333333333,3.7823000000000007,75,6.219333333333333,Cân bằng – chọn bằng mô phỏng,racetrack_medium
9,51.558,4.939142925348075,14.298666666666668,0.86885,1.602,3.7655833333333333,80,6.216666666666667,Cân bằng – chọn bằng mô phỏng,racetrack_medium
10,51.67133333333334,4.961447439151301,14.299333333333333,0.9062666666666668,1.655,3.7889499999999994,75,6.187,Cân bằng – chọn bằng mô phỏng,racetrack_medium
11,51.31333333333333,4.890139626689185,14.220333333333333,0.8593333333333333,1.5986666666666667,3.7265,73,6.147666666666667,Cân bằng – chọn bằng mô phỏng,racetrack_medium
12,51.36866666666667,4.939067572591316,14.221666666666666,0.8762833333333333,1.625,3.73555,86,6.133,Cân bằng – chọn bằng mô phỏng,racetrack_medium
13,50.788666666666664,4.823750364941031,14.031333333333333,0.8576499999999999,1.584,3.6610500000000004,75,6.026666666666666,Cân bằng – chọn bằng mô phỏng,racetrack_medium
14,51.367333333333335,4.92878399954289,14.281666666666666,0.8592333333333333,1.593,3.765083333333333,76,6.252,Cân bằng – chọn bằng mô phỏng,racetrack_medium
15,51.61066666666667,4.940050994709682,14.374333333333333,0.8904833333333333,1.6506666666666667,3.7942833333333335,75,6.228666666666666,Cân bằng – chọn bằng mô phỏng,racetrack_medium
16,51.272666666666666,4.918617844040659,14.266333333333334,0.8800499999999999,1.6226666666666667,3.745516666666667,86,6.163,Cân bằng – chọn bằng mô phỏng,racetrack_medium
17,51.60666666666667,4.951323473549571,14.370666666666667,0.8906666666666667,1.64,3.7968666666666664,78,6.249666666666666,Cân bằng – chọn bằng mô phỏng,racetrack_medium
18,51.36333333333334,4.9418304058151925,14.372333333333334,0.8653333333333333,1.602,3.7497666666666665,71,6.187333333333333,Cân bằng – chọn bằng mô phỏng,racetrack_medium
19,50.973333333333336,4.843221792639084,14.063,0.8715833333333334,1.6083333333333334,3.7253499999999997,79,6.125333333333334,Cân bằng – chọn bằng mô phỏng,racetrack_medium
20,51.400666666666666,4.903415588863626,14.287,0.89345,1.645,3.7690166666666665,77,6.16,Cân bằng – chọn bằng mô phỏng,racetrack_medium
21,51.467333333333336,4.936005478754074,14.336666666666666,0.8886000000000001,1.6403333333333334,3.7884666666666673,79,6.213666666666667,Cân bằng – chọn bằng mô phỏng,racetrack_medium
22,51.544666666666664,4.90721750220715,14.259666666666666,0.8711333333333333,1.6176666666666666,3.7509833333333336,88,6.190333333333333,Cân bằng – chọn bằng mô phỏng,racetrack_medium
23,51.68666666666667,4.992436197723473,14.437666666666667,0.8926833333333334,1.6516666666666666,3.787216666666667,82,6.199666666666666,Cân bằng – chọn bằng mô phỏng,racetrack_medium
24,51.21666666666667,4.885871143742099,14.187333333333333,0.8533666666666668,1.5796666666666668,3.725416666666667,77,6.164,Cân bằng – chọn bằng mô phỏng,racetrack_medium
25,51.41733333333333,4.936517614487347,14.282666666666668,0.8823166666666667,1.6243333333333334,3.7652666666666663,79,6.187666666666667,Cân bằng – chọn bằng mô phỏng,racetrack_medium
26,51.356,4.879593448207881,14.134,0.8805,1.616,3.758366666666666,83,6.1723333333333334,Cân bằng – chọn bằng mô phỏng,racetrack_medium
27,51.59133333333333,4.88531641900825,14.257333333333333,0.86255,1.6013333333333333,3.7316999999999996,85,6.154,Cân bằng – chọn bằng mô phỏng,racetrack_medium
28,51.476,4.951114793259779,14.344,0.8639000000000001,1.593,3.768716666666667,81,6.243333333333333,Cân bằng – chọn bằng mô phỏng,racetrack_medium
29,51.284,4.881933902485688,14.141,0.8603500000000001,1.6006666666666667,3.7540000000000004,76,6.208666666666667,Cân bằng – chọn bằng mô phỏng,racetrack_medium
0,51.05533333333333,5.048174238121471,14.806666666666667,0.9896500000000001,1.8116666666666668,3.8577333333333335,73,6.138,Cân bằng – tinh chỉnh,racetrack_medium
1,51.27,5.09718017520284,14.914666666666667,0.9591833333333334,1.7596666666666667,3.822,80,6.142333333333333,Cân bằng – tinh chỉnh,racetrack_medium
2,50.848,5.017792060594169,14.747333333333334,0.9451666666666667,1.741,3.7677666666666663,78,6.07,Cân bằng – tinh chỉnh,racetrack_medium
3,51.44,5.086886797134281,14.852666666666666,0.9529333333333332,1.761,3.82505,77,6.1723333333333334,Cân bằng – tinh chỉnh,racetrack_medium
4,51.478,5.078131373304334,14.893666666666666,0.9351,1.7263333333333333,3.8265499999999997,87,6.222333333333333,Cân bằng – tinh chỉnh,racetrack_medium
5,50.977333333333334,5.02492922922047,14.717333333333332,0.9614499999999999,1.757,3.8047999999999997,77,6.081333333333333,Cân bằng – tinh chỉnh,racetrack_medium
6,51.286,5.081815378399013,14.927333333333333,0.9592666666666667,1.7513333333333334,3.8526666666666665,78,6.212,Cân bằng – tinh chỉnh,racetrack_medium
7,51.370666666666665,5.099451133119745,14.969,0.9655166666666667,1.7766666666666666,3.8676666666666666,79,6.229666666666667,Cân bằng – tinh chỉnh,racetrack_medium
8,51.48266666666667,5.093290089857538,14.946,0.9701333333333332,1.7883333333333333,3.8721833333333335,80,6.219333333333333,Cân bằng – tinh chỉnh,racetrack_medium
9,51.425333333333334,5.126088473797005,14.947666666666667,0.9668166666666668,1.7766666666666666,3.863549999999999,84,6.216666666666667,Cân bằng – tinh chỉnh,racetrack_medium
10,51.408,5.11660682806048,14.929666666666666,0.9594666666666667,1.749,3.8421499999999997,82,6.187,Cân bằng – tinh chỉnh,racetrack_medium
11,51.168,5.067480195209627,14.858666666666666,0.9503,1.7446666666666666,3.8174666666666663,81,6.147666666666667,Cân bằng – tinh chỉnh,racetrack_medium
12,51.105333333333334,5.081124862575197,14.795666666666667,0.9366833333333332,1.7196666666666667,3.7959499999999995,81,6.133,Cân bằng – tinh chỉnh,racetrack_medium
13,50.791333333333334,5.021509380374145,14.681,0.9362999999999999,1.7156666666666667,3.7397,71,6.026666666666666,Cân bằng – tinh chỉnh,racetrack_medium
14,51.35466666666667,5.1474047046833284,15.022666666666666,0.9850666666666666,1.802,3.8909166666666666,86,6.252,Cân bằng – tinh chỉnh,racetrack_medium
15,51.300666666666665,5.076969302681442,14.874333333333333,0.9416000000000001,1.7353333333333334,3.8454,74,6.228666666666666,Cân bằng – tinh chỉnh,racetrack_medium
16,51.297333333333334,5.0860316325571375,14.910666666666666,0.9450833333333334,1.7323333333333333,3.8105500000000005,83,6.163,Cân bằng – tinh chỉnh,racetrack_medium
17,51.52466666666667,5.125940750285675,15.024333333333333,0.9796499999999999,1.7896666666666667,3.8858499999999996,80,6.249666666666666,Cân bằng – tinh chỉnh,racetrack_medium
18,51.17666666666667,5.095299257592443,14.952,0.9576666666666667,1.7613333333333334,3.8421,77,6.187333333333333,Cân bằng – tinh chỉnh,racetrack_medium
19,50.973333333333336,5.038017756695947,14.728,0.9447000000000001,1.7403333333333333,3.7984666666666667,81,6.125333333333334,Cân bằng – tinh chỉnh,racetrack_medium
20,51.16466666666667,5.081365109712464,14.908333333333333,0.9702,1.7756666666666667,3.8457666666666666,82,6.16,Cân bằng – tinh chỉnh,racetrack_medium
21,51.370666666666665,5.114812857793504,14.972666666666667,0.9529833333333333,1.747,3.8528499999999997,75,6.213666666666667,Cân bằng – tinh chỉnh,racetrack_medium
22,51.35,5.097276382810561,14.893666666666666,0.9265333333333334,1.7123333333333333,3.8063833333333337,85,6.190333333333333,Cân bằng – tinh chỉnh,racetrack_medium
23,51.482,5.135244767449211,14.980333333333334,0.9500499999999998,1.743,3.8445833333333335,85,6.199666666666666,Cân bằng – tinh chỉnh,racetrack_medium
24,51.29933333333334,5.0670809188189585,14.836333333333334,0.92805,1.6966666666666668,3.8000999999999996,81,6.164,Cân bằng – tinh chỉnh,racetrack_medium
25,51.236666666666665,5.0861174540106,14.866,0.9363833333333333,1.7283333333333333,3.8193333333333332,78,6.187666666666667,Cân bằng – tinh chỉnh,racetrack_medium
26,51.368,5.075916550846956,14.842,0.94045,1.7413333333333334,3.818316666666667,82,6.1723333333333334,Cân bằng – tinh chỉnh,racetrack_medium
27,51.48266666666667,5.073764855757183,14.904,0.9293333333333333,1.71,3.7984833333333334,87,6.154,Cân bằng – tinh chỉnh,racetrack_medium
28,51.494,5.09673573337648,14.984666666666667,0.9341833333333334,1.7246666666666666,3.839,76,6.243333333333333,Cân bằng – tinh chỉnh,racetrack_medium
29,51.27733333333333,5.050474334091173,14.785666666666666,0.9387166666666666,1.712,3.8323666666666663,80,6.208666666666667,Cân bằng – tinh chỉnh,racetrack_medium
0,55.62133333333333,6.1332995713787675,18.304333333333332,1.5315166666666666,2.6096666666666666,4.3995999999999995,77,6.138,Giá trị – theo mô hình,racetrack_medium
1,55.754666666666665,6.194520342577015,18.42866666666667,1.5270333333333332,2.5833333333333335,4.38985,87,6.142333333333333,Giá trị – theo mô hình,racetrack_medium
2,55.516,6.075196089917729,18.072333333333333,1.4843,2.5103333333333335,4.306900000000001,85,6.07,Giá trị – theo mô hình,racetrack_medium
3,55.66133333333333,6.169491734251158,18.351333333333333,1.5254666666666665,2.5933333333333333,4.397583333333333,74,6.1723333333333334,Giá trị – theo mô hình,racetrack_medium
4,55.84733333333333,6.166249929862204,18.313,1.5205499999999998,2.5726666666666667,4.412,80,6.222333333333333,Giá trị – theo mô hình,racetrack_medium
5,55.42066666666667,6.0917624406364075,18.132666666666665,1.5267666666666664,2.5846666666666667,4.370116666666667,75,6.081333333333333,Giá trị – theo mô hình,racetrack_medium
6,55.70466666666667,6.16295252852339,18.308,1.5055833333333333,2.550333333333333,4.398983333333334,85,6.212,Giá trị – theo mô hình,racetrack_medium
7,55.867333333333335,6.174383997083352,18.365666666666666,1.4972,2.547,4.39935,76,6.229666666666667,Giá trị – theo mô hình,racetrack_medium
8,55.788,6.178780427639528,18.381,1.5379500000000002,2.610333333333333,4.44,72,6.219333333333333,Giá trị – theo mô hình,racetrack_medium
9,55.838,6.2040459999624415,18.370333333333335,1.5380500000000001,2.6173333333333333,4.434783333333334,78,6.216666666666667,Giá trị – theo mô hình,racetrack_medium
10,55.75533333333333,6.195264981910291,18.489333333333335,1.5558833333333333,2.6296666666666666,4.4385666666666665,74,6.187,Giá trị – theo mô hình,racetrack_medium
11,55.482,6.176698286395515,18.335,1.4995166666666668,2.5476666666666667,4.3666833333333335,80,6.147666666666667,Giá trị – theo mô hình,racetrack_medium
12,55.426,6.14213055557389,18.251,1.5001333333333333,2.5353333333333334,4.3594,67,6.133,Giá trị – theo mô hình,racetrack_medium
13,55.43333333333333,6.126568713719845,18.256666666666668,1.5382999999999998,2.5843333333333334,4.3416999999999994,75,6.026666666666666,Giá trị – theo mô hình,racetrack_medium
14,56.14666666666667,6.223035111565135,18.475,1.5403499999999997,2.6096666666666666,4.4462,78,6.252,Giá trị – theo mô hình,racetrack_medium
15,55.845333333333336,6.191137684696712,18.44633333333333,1.5291666666666666,2.595,4.432966666666667,83,6.228666666666666,Giá trị – theo mô hình,racetrack_medium
16,55.902,6.181966164271864,18.439666666666668,1.5242666666666664,2.583,4.389733333333334,85,6.163,Giá trị – theo mô hình,racetrack_medium
17,55.906666666666666,6.197282382428894,18.456,1.5100666666666667,2.5556666666666668,4.416266666666667,80,6.249666666666666,Giá trị – theo mô hình,racetrack_medium
18,55.64,6.155872965808512,18.26,1.4863666666666668,2.5296666666666665,4.3708,78,6.187333333333333,Giá trị – theo mô hình,racetrack_medium
19,55.516,6.1363245081506355,18.244,1.5182833333333334,2.5773333333333333,4.37205,80,6.125333333333334,Giá trị – theo mô hình,racetrack_medium
20,55.574666666666666,6.134223684286158,18.266666666666666,1.4909833333333333,2.5313333333333334,4.36655,71,6.16,Giá trị – theo mô hình,racetrack_medium
21,55.966,6.219452241412956,18.518333333333334,1.5462333333333336,2.619666666666667,4.4460999999999995,78,6.213666666666667,Giá trị – theo mô hình,racetrack_medium
22,55.846,6.159767495047744,18.338333333333335,1.5228333333333333,2.5796666666666668,4.402683333333333,84,6.190333333333333,Giá trị – theo mô hình,racetrack_medium
23,55.840666666666664,6.168066100778515,18.282,1.5190666666666666,2.5716666666666668,4.4136,73,6.199666666666666,Giá trị – theo mô hình,racetrack_medium
24,55.756,6.157231210185116,18.319333333333333,1.5076999999999998,2.5603333333333333,4.37975,81,6.164,Giá trị – theo mô hình,racetrack_medium
25,55.886,6.198442731936513,18.371,1.5105999999999997,2.566,4.39355,84,6.187666666666667,Giá trị – theo mô hình,racetrack_medium
26,55.78066666666667,6.173716691196783,18.321666666666665,1.5171999999999999,2.5806666666666667,4.395066666666667,74,6.1723333333333334,Giá trị – theo mô hình,racetrack_medium
27,55.75,6.167192240764188,18.391,1.5233499999999998,2.5813333333333333,4.392500000000001,87,6.154,Giá trị – theo mô hình,racetrack_medium
28,56.17,6.18836139616033,18.449,1.4805833333333331,2.5063333333333335,4.385400000000001,72,6.243333333333333,Giá trị – theo mô hình,racetrack_medium
29,55.78933333333333,6.1720383241337755,18.36,1.5123666666666669,2.567,4.406016666666666,85,6.208666666666667,Giá trị – theo mô hình,racetrack_medium
0,55.62133333333333,6.1332995713787675,18.304333333333332,1.5315166666666666,2.6096666666666666,4.3995999999999995,77,6.138,Giá trị – chọn bằng mô phỏng,racetrack_medium
1,55.754666666666665,6.194520342577015,18.42866666666667,1.5270333333333332,2.5833333333333335,4.38985,87,6.142333333333333,Giá trị – chọn bằng mô phỏng,racetrack_medium
2,55.516,6.075196089917729,18.072333333333333,1.4843,2.5103333333333335,4.306900000000001,85,6.07,Giá trị – chọn bằng mô phỏng,racetrack_medium
3,55.66133333333333,6.169491734251158,18.351333333333333,1.5254666666666665,2.5933333333333333,4.397583333333333,74,6.1723333333333334,Giá trị – chọn bằng mô phỏng,racetrack_medium
4,55.84733333333333,6.166249929862204,18.313,1.5205499999999998,2.5726666666666667,4.412,80,6.222333333333333,Giá trị – chọn bằng mô phỏng,racetrack_medium
5,55.42066666666667,6.0917624406364075,18.132666666666665,1.5267666666666664,2.5846666666666667,4.370116666666667,75,6.081333333333333,Giá trị – chọn bằng mô phỏng,racetrack_medium
6,55.70466666666667,6.16295252852339,18.308,1.5055833333333333,2.550333333333333,4.398983333333334,85,6.212,Giá trị – chọn bằng mô phỏng,racetrack_medium
7,55.867333333333335,6.174383997083352,18.365666666666666,1.4972,2.547,4.39935,76,6.229666666666667,Giá trị – chọn bằng mô phỏng,racetrack_medium
8,55.788,6.178780427639528,18.381,1.5379500000000002,2.610333333333333,4.44,72,6.219333333333333,Giá trị – chọn bằng mô phỏng,racetrack_medium
9,55.838,6.2040459999624415,18.370333333333335,1.5380500000000001,2.6173333333333333,4.434783333333334,78,6.216666666666667,Giá trị – chọn bằng mô phỏng,racetrack_medium
10,55.75533333333333,6.195264981910291,18.489333333333335,1.5558833333333333,2.6296666666666666,4.4385666666666665,74,6.187,Giá trị – chọn bằng mô phỏng,racetrack_medium
11,55.482,6.176698286395515,18.335,1.4995166666666668,2.5476666666666667,4.3666833333333335,80,6.147666666666667,Giá trị – chọn bằng mô phỏng,racetrack_medium
12,55.426,6.14213055557389,18.251,1.5001333333333333,2.5353333333333334,4.3594,67,6.133,Giá trị – chọn bằng mô phỏng,racetrack_medium
13,55.43333333333333,6.126568713719845,18.256666666666668,1.5382999999999998,2.5843333333333334,4.3416999999999994,75,6.026666666666666,Giá trị – chọn bằng mô phỏng,racetrack_medium
14,56.14666666666667,6.223035111565135,18.475,1.5403499999999997,2.6096666666666666,4.4462,78,6.252,Giá trị – chọn bằng mô phỏng,racetrack_medium
15,55.845333333333336,6.191137684696712,18.44633333333333,1.5291666666666666,2.595,4.432966666666667,83,6.228666666666666,Giá trị – chọn bằng mô phỏng,racetrack_medium
16,55.902,6.181966164271864,18.439666666666668,1.5242666666666664,2.583,4.389733333333334,85,6.163,Giá trị – chọn bằng mô phỏng,racetrack_medium
17,55.906666666666666,6.197282382428894,18.456,1.5100666666666667,2.5556666666666668,4.416266666666667,80,6.249666666666666,Giá trị – chọn bằng mô phỏng,racetrack_medium
18,55.64,6.155872965808512,18.26,1.4863666666666668,2.5296666666666665,4.3708,78,6.187333333333333,Giá trị – chọn bằng mô phỏng,racetrack_medium
19,55.516,6.1363245081506355,18.244,1.5182833333333334,2.5773333333333333,4.37205,80,6.125333333333334,Giá trị – chọn bằng mô phỏng,racetrack_medium
20,55.574666666666666,6.134223684286158,18.266666666666666,1.4909833333333333,2.5313333333333334,4.36655,71,6.16,Giá trị – chọn bằng mô phỏng,racetrack_medium
21,55.966,6.219452241412956,18.518333333333334,1.5462333333333336,2.619666666666667,4.4460999999999995,78,6.213666666666667,Giá trị – chọn bằng mô phỏng,racetrack_medium
22,55.846,6.159767495047744,18.338333333333335,1.5228333333333333,2.5796666666666668,4.402683333333333,84,6.190333333333333,Giá trị – chọn bằng mô phỏng,racetrack_medium
23,55.840666666666664,6.168066100778515,18.282,1.5190666666666666,2.5716666666666668,4.4136,73,6.199666666666666,Giá trị – chọn bằng mô phỏng,racetrack_medium
24,55.756,6.157231210185116,18.319333333333333,1.5076999999999998,2.5603333333333333,4.37975,81,6.164,Giá trị – chọn bằng mô phỏng,racetrack_medium
25,55.886,6.198442731936513,18.371,1.5105999999999997,2.566,4.39355,84,6.187666666666667,Giá trị – chọn bằng mô phỏng,racetrack_medium
26,55.78066666666667,6.173716691196783,18.321666666666665,1.5171999999999999,2.5806666666666667,4.395066666666667,74,6.1723333333333334,Giá trị – chọn bằng mô phỏng,racetrack_medium
27,55.75,6.167192240764188,18.391,1.5233499999999998,2.5813333333333333,4.392500000000001,87,6.154,Giá trị – chọn bằng mô phỏng,racetrack_medium
28,56.17,6.18836139616033,18.449,1.4805833333333331,2.5063333333333335,4.385400000000001,72,6.243333333333333,Giá trị – chọn bằng mô phỏng,racetrack_medium
29,55.78933333333333,6.1720383241337755,18.36,1.5123666666666669,2.567,4.406016666666666,85,6.208666666666667,Giá trị – chọn bằng mô phỏng,racetrack_medium
0,53.858666666666664,6.468021392069197,19.310333333333332,1.7344000000000002,2.9196666666666666,4.602483333333334,76,6.138,Giá trị – tinh chỉnh,racetrack_medium
1,53.83866666666667,6.482906584937045,19.289666666666665,1.6980666666666668,2.8613333333333335,4.560883333333333,75,6.142333333333333,Giá trị – tinh chỉnh,racetrack_medium
2,53.718666666666664,6.455599117699183,19.217,1.69995,2.869666666666667,4.52255,88,6.07,Giá trị – tinh chỉnh,racetrack_medium
3,53.904,6.4937319475898985,19.28933333333333,1.7201333333333333,2.8853333333333335,4.59225,78,6.1723333333333334,Giá trị – tinh chỉnh,racetrack_medium
4,54.124,6.4970366467661265,19.413666666666668,1.7225166666666667,2.905,4.613966666666666,79,6.222333333333333,Giá trị – tinh chỉnh,racetrack_medium
5,53.816,6.418976966213347,19.126666666666665,1.7001333333333333,2.868333333333333,4.5434833333333335,68,6.081333333333333,Giá trị – tinh chỉnh,racetrack_medium
6,54.10933333333333,6.497999925796779,19.370333333333335,1.6911166666666664,2.8453333333333335,4.584516666666667,72,6.212,Giá trị – tinh chỉnh,racetrack_medium
7,53.821333333333335,6.453510027784153,19.273333333333333,1.7055833333333332,2.867,4.607733333333334,90,6.229666666666667,Giá trị – tinh chỉnh,racetrack_medium
8,54.004666666666665,6.477531718350907,19.306333333333335,1.6900333333333335,2.8623333333333334,4.592083333333333,88,6.219333333333333,Giá trị – tinh chỉnh,racetrack_medium
9,54.128,6.534537026889147,19.393666666666668,1.71975,2.8863333333333334,4.616483333333334,74,6.216666666666667,Giá trị – tinh chỉnh,racetrack_medium
10,53.95933333333333,6.509350376320331,19.381666666666668,1.7437666666666665,2.929666666666667,4.62645,77,6.187,Giá trị – tinh chỉnh,racetrack_medium
11,53.814,6.465159166868662,19.331666666666667,1.6867999999999999,2.846,4.553966666666667,73,6.147666666666667,Giá trị – tinh chỉnh,racetrack_medium
12,53.611333333333334,6.4578672867765174,19.176,1.7003333333333333,2.8606666666666665,4.5596,81,6.133,Giá trị – tinh chỉnh,racetrack_medium
13,53.642,6.428516610362925,19.143666666666668,1.6942333333333335,2.8543333333333334,4.497633333333334,75,6.026666666666666,Giá trị – tinh chỉnh,racetrack_medium
14,54.212,6.529322299270808,19.451333333333334,1.7118833333333334,2.8926666666666665,4.617733333333334,68,6.252,Giá trị – tinh chỉnh,racetrack_medium
15,54.00066666666667,6.530397010321667,19.418,1.7230333333333334,2.904333333333333,4.626833333333333,83,6.228666666666666,Giá trị – tinh chỉnh,racetrack_medium
16,54.112,6.509519682284615,19.466666666666665,1.7272,2.9116666666666666,4.592666666666666,76,6.163,Giá trị – tinh chỉnh,racetrack_medium
17,54.13066666666667,6.546618408970191,19.498333333333335,1.7312999999999998,2.9073333333333333,4.6375,86,6.249666666666666,Giá trị – tinh chỉnh,racetrack_medium
18,53.98866666666667,6.484083364266542,19.314,1.7113666666666667,2.887,4.5958000000000006,76,6.187333333333333,Giá trị – tinh chỉnh,racetrack_medium
19,53.69866666666667,6.419782332907036,19.132666666666665,1.6827,2.8446666666666665,4.536466666666667,82,6.125333333333334,Giá trị – tinh chỉnh,racetrack_medium
20,53.87466666666667,6.475894521451657,19.299333333333333,1.69525,2.860333333333333,4.5708166666666665,77,6.16,Giá trị – tinh chỉnh,racetrack_medium
21,54.09133333333333,6.505852597913802,19.397,1.7373166666666668,2.929,4.637183333333334,79,6.213666666666667,Giá trị – tinh chỉnh,racetrack_medium
22,54.02733333333333,6.487033738036517,19.349666666666668,1.68055,2.835,4.5604000000000005,75,6.190333333333333,Giá trị – tinh chỉnh,racetrack_medium
23,54.025333333333336,6.484147026926165,19.273,1.6828666666666667,2.8533333333333335,4.5774,76,6.199666666666666,Giá trị – tinh chỉnh,racetrack_medium
24,53.846666666666664,6.459428255096076,19.297666666666668,1.6870166666666668,2.8493333333333335,4.559066666666667,79,6.164,Giá trị – tinh chỉnh,racetrack_medium
25,54.016666666666666,6.480372743156106,19.323666666666668,1.6805666666666665,2.8453333333333335,4.563516666666667,75,6.187666666666667,Giá trị – tinh chỉnh,racetrack_medium
26,53.93866666666667,6.473441764452662,19.276666666666667,1.6901833333333334,2.8546666666666667,4.5680499999999995,79,6.1723333333333334,Giá trị – tinh chỉnh,racetrack_medium
27,54.089333333333336,6.457007914309759,19.291666666666668,1.6885833333333333,2.840333333333333,4.557733333333333,80,6.154,Giá trị – tinh chỉnh,racetrack_medium
28,54.04333333333334,6.535691966625066,19.452,1.6885500000000002,2.840333333333333,4.593366666666666,84,6.243333333333333,Giá trị – tinh chỉnh,racetrack_medium
29,53.980666666666664,6.481336224846898,19.349666666666668,1.7138666666666669,2.8933333333333335,4.607516666666666,78,6.208666666666667,Giá trị – tinh chỉnh,racetrack_medium
0,66.09066666666666,5.099769236054961,15.248333333333333,0.7703500000000001,1.547,3.638433333333333,59,6.138,Hiện trạng,free_medium
1,65.87066666666666,5.075612726929723,15.134666666666666,0.74825,1.4926666666666666,3.611066666666667,77,6.142333333333333,Hiện trạng,free_medium
2,65.67866666666667,5.054181182232086,15.155,0.74385,1.4863333333333333,3.56645,65,6.07,Hiện trạng,free_medium
3,65.82866666666666,5.105527621970488,15.263,0.7467166666666667,1.4896666666666667,3.6188333333333333,67,6.1723333333333334,Hiện trạng,free_medium
4,66.20933333333333,5.115587599720352,15.298,0.769,1.526,3.660450000000001,70,6.222333333333333,Hiện trạng,free_medium
5,66.16066666666667,5.052268518425198,15.121,0.7481166666666668,1.4903333333333333,3.5914666666666673,76,6.081333333333333,Hiện trạng,free_medium
6,66.066,5.086379809985851,15.233666666666666,0.7191166666666667,1.441,3.6125166666666666,60,6.212,Hiện trạng,free_medium
7,66.54333333333334,5.141979272106155,15.431333333333333,0.7751833333333334,1.5383333333333333,3.6773333333333333,70,6.229666666666667,Hiện trạng,free_medium
8,66.06933333333333,5.068098407287458,15.089666666666666,0.7328333333333333,1.457,3.6348833333333332,70,6.219333333333333,Hiện trạng,free_medium
9,66.14666666666666,5.112654926824748,15.231666666666667,0.7586833333333334,1.508,3.6554166666666665,76,6.216666666666667,Hiện trạng,free_medium
10,66.37133333333334,5.1056178569664645,15.261333333333333,0.7627833333333333,1.5106666666666666,3.6454666666666666,71,6.187,Hiện trạng,free_medium
11,66.23666666666666,5.090443377535772,15.227,0.7520833333333333,1.5036666666666667,3.61925,88,6.147666666666667,Hiện trạng,free_medium
12,65.94466666666666,5.048663302494313,15.018333333333333,0.7352166666666667,1.4576666666666667,3.5944833333333337,59,6.133,Hiện trạng,free_medium
13,66.19533333333334,5.018787176048196,14.967666666666666,0.7142833333333332,1.4253333333333333,3.5176833333333333,78,6.026666666666666,Hiện trạng,free_medium
14,66.20466666666667,5.144951665768457,15.321,0.7717833333333335,1.528,3.677633333333333,65,6.252,Hiện trạng,free_medium
15,66.312,5.102027891768687,15.18,0.7635166666666667,1.5206666666666666,3.667316666666667,66,6.228666666666666,Hiện trạng,free_medium
16,66.27066666666667,5.08394496300008,15.272666666666666,0.7531666666666667,1.494,3.6186333333333334,78,6.163,Hiện trạng,free_medium
17,66.27266666666667,5.137004403663985,15.324333333333334,0.7536333333333333,1.4993333333333334,3.6598333333333333,73,6.249666666666666,Hiện trạng,free_medium
18,66.04333333333334,5.087703825443962,15.18,0.7468666666666667,1.4923333333333333,3.6313000000000004,85,6.187333333333333,Hiện trạng,free_medium
19,65.886,5.058108012011243,15.043,0.7602,1.5196666666666667,3.613966666666667,73,6.125333333333334,Hiện trạng,free_medium
20,66.06333333333333,5.073723788104059,15.164,0.7614166666666666,1.51,3.636983333333333,76,6.16,Hiện trạng,free_medium
21,66.28933333333333,5.149693752794449,15.435,0.7582333333333333,1.5123333333333333,3.6580999999999997,80,6.213666666666667,Hiện trạng,free_medium
22,66.332,5.132515723957958,15.293666666666667,0.7492833333333334,1.498,3.6291333333333338,66,6.190333333333333,Hiện trạng,free_medium
23,66.472,5.107275793377406,15.231333333333334,0.7581500000000001,1.4993333333333334,3.652683333333333,88,6.199666666666666,Hiện trạng,free_medium
24,66.10266666666666,5.095337620617924,15.258666666666667,0.7570833333333333,1.5043333333333333,3.6291333333333338,61,6.164,Hiện trạng,free_medium
25,66.55466666666666,5.1488552382695305,15.357,0.7612666666666668,1.5086666666666666,3.6442166666666673,76,6.187666666666667,Hiện trạng,free_medium
26,66.25333333333333,5.1004773863532575,15.254333333333333,0.7622666666666668,1.513,3.640133333333333,61,6.1723333333333334,Hiện trạng,free_medium
27,66.37533333333333,5.0985834522054345,15.242,0.7404333333333334,1.471,3.609583333333333,75,6.154,Hiện trạng,free_medium
28,66.462,5.124673146720126,15.328333333333333,0.7606666666666667,1.505,3.6654833333333334,66,6.243333333333333,Hiện trạng,free_medium
29,66.14866666666667,5.133461587274363,15.41,0.7657666666666667,1.5356666666666667,3.6594166666666665,71,6.208666666666667,Hiện trạng,free_medium
0,64.18733333333333,4.20407997907936,10.893666666666666,0.42991666666666667,0.82,3.298,67,6.138,Tiện lợi – theo mô hình,free_medium
1,64.29866666666666,4.228435030739657,10.912333333333333,0.42545,0.803,3.2882666666666664,72,6.142333333333333,Tiện lợi – theo mô hình,free_medium
2,63.943333333333335,4.149335182330267,10.711333333333334,0.41385000000000005,0.7856666666666666,3.23645,72,6.07,Tiện lợi – theo mô hình,free_medium
3,64.15866666666666,4.205196007801025,10.864333333333333,0.40651666666666664,0.7853333333333333,3.278633333333334,76,6.1723333333333334,Tiện lợi – theo mô hình,free_medium
4,64.28733333333334,4.239182370573458,10.936666666666667,0.43166666666666664,0.818,3.323116666666667,74,6.222333333333333,Tiện lợi – theo mô hình,free_medium
5,64.17866666666667,4.18294958330943,10.759,0.4107833333333334,0.7876666666666666,3.2541333333333333,80,6.081333333333333,Tiện lợi – theo mô hình,free_medium
6,64.47133333333333,4.233222416633148,10.982333333333333,0.4255,0.7996666666666666,3.3189,72,6.212,Tiện lợi – theo mô hình,free_medium
7,64.36,4.220160067722006,10.947666666666667,0.4072666666666667,0.7763333333333333,3.3094166666666665,90,6.229666666666667,Tiện lợi – theo mô hình,free_medium
8,64.27933333333333,4.23238628808007,10.948666666666666,0.4259,0.814,3.32795,70,6.219333333333333,Tiện lợi – theo mô hình,free_medium
9,64.372,4.260528729127064,10.994333333333334,0.4278166666666666,0.809,3.3245500000000003,87,6.216666666666667,Tiện lợi – theo mô hình,free_medium
10,64.58733333333333,4.2583837693553175,10.976333333333333,0.42191666666666666,0.8053333333333333,3.3045999999999998,92,6.187,Tiện lợi – theo mô hình,free_medium
11,64.194,4.18848084770322,10.835666666666667,0.4233833333333334,0.805,3.29055,82,6.147666666666667,Tiện lợi – theo mô hình,free_medium
12,63.977333333333334,4.204766076597508,10.826,0.41459999999999997,0.7916666666666666,3.2738666666666667,80,6.133,Tiện lợi – theo mô hình,free_medium
13,63.78333333333333,4.145658499468768,10.701,0.40523333333333333,0.768,3.2086333333333332,71,6.026666666666666,Tiện lợi – theo mô hình,free_medium
14,64.26733333333334,4.239639669322636,10.926333333333334,0.41,0.7813333333333333,3.3158499999999997,65,6.252,Tiện lợi – theo mô hình,free_medium
15,64.27333333333333,4.203063684132157,10.898,0.41001666666666664,0.7846666666666666,3.313816666666667,82,6.228666666666666,Tiện lợi – theo mô hình,free_medium
16,64.32066666666667,4.20037893517148,10.897,0.4274,0.814,3.292866666666667,60,6.163,Tiện lợi – theo mô hình,free_medium
17,64.608,4.242059356116574,10.992666666666667,0.42218333333333324,0.7996666666666666,3.328383333333334,76,6.249666666666666,Tiện lợi – theo mô hình,free_medium
18,64.382,4.229715915945951,10.955666666666668,0.43443333333333334,0.8236666666666667,3.318866666666666,85,6.187333333333333,Tiện lợi – theo mô hình,free_medium
19,63.928666666666665,4.172910464640814,10.782333333333334,0.4220833333333333,0.7916666666666666,3.27585,72,6.125333333333334,Tiện lợi – theo mô hình,free_medium
20,64.21333333333334,4.213392458186324,10.901666666666667,0.4263,0.8123333333333334,3.3018666666666667,83,6.16,Tiện lợi – theo mô hình,free_medium
21,64.61533333333334,4.248345933931939,10.980666666666666,0.41736666666666666,0.7986666666666666,3.3172333333333337,75,6.213666666666667,Tiện lợi – theo mô hình,free_medium
22,64.128,4.203926343359575,10.852,0.40508333333333335,0.766,3.284933333333333,72,6.190333333333333,Tiện lợi – theo mô hình,free_medium
23,64.58666666666667,4.261275092610692,11.016666666666667,0.4337666666666666,0.8206666666666667,3.3283,88,6.199666666666666,Tiện lợi – theo mô hình,free_medium
24,64.194,4.190027646909286,10.899333333333333,0.4181000000000001,0.7996666666666666,3.29015,75,6.164,Tiện lợi – theo mô hình,free_medium
25,64.31133333333334,4.2218906734715835,10.899666666666667,0.40941666666666665,0.773,3.2923666666666667,61,6.187666666666667,Tiện lợi – theo mô hình,free_medium
26,64.38933333333334,4.224406822981064,10.930666666666667,0.4241166666666667,0.7983333333333333,3.3019833333333337,67,6.1723333333333334,Tiện lợi – theo mô hình,free_medium
27,64.37,4.205698510202548,10.896,0.41561666666666663,0.7946666666666666,3.2847666666666666,78,6.154,Tiện lợi – theo mô hình,free_medium
28,64.47133333333333,4.24601436885125,11.004,0.4190666666666667,0.7953333333333333,3.3238833333333337,79,6.243333333333333,Tiện lợi – theo mô hình,free_medium
29,64.42933333333333,4.220443584519871,10.953,0.4160333333333333,0.7956666666666666,3.309683333333333,76,6.208666666666667,Tiện lợi – theo mô hình,free_medium
0,63.483333333333334,4.349193255370591,11.352333333333334,0.5460166666666667,0.9933333333333333,3.4141,82,6.138,Tiện lợi – chọn bằng mô phỏng,free_medium
1,63.559333333333335,4.379798243767768,11.418,0.5402333333333333,0.9826666666666667,3.4030500000000004,71,6.142333333333333,Tiện lợi – chọn bằng mô phỏng,free_medium
2,63.27133333333333,4.331706075069439,11.290666666666667,0.5433333333333332,0.9843333333333333,3.365933333333333,77,6.07,Tiện lợi – chọn bằng mô phỏng,free_medium
3,63.385333333333335,4.375927310386494,11.353666666666667,0.5445166666666668,0.983,3.4166333333333334,72,6.1723333333333334,Tiện lợi – chọn bằng mô phỏng,free_medium
4,63.48866666666667,4.366371721621895,11.344,0.5438999999999999,0.9866666666666667,3.4353499999999997,81,6.222333333333333,Tiện lợi – chọn bằng mô phỏng,free_medium
5,63.49066666666667,4.3342359627642955,11.287666666666667,0.5203166666666666,0.953,3.3636666666666666,78,6.081333333333333,Tiện lợi – chọn bằng mô phỏng,free_medium
6,63.728,4.356448340549845,11.393333333333333,0.5258666666666667,0.963,3.419266666666667,72,6.212,Tiện lợi – chọn bằng mô phỏng,free_medium
7,63.766,4.3815397588020675,11.459,0.5338166666666667,0.966,3.4359666666666673,90,6.229666666666667,Tiện lợi – chọn bằng mô phỏng,free_medium
8,63.488,4.377235177184352,11.378333333333334,0.5380333333333333,0.973,3.4400833333333334,93,6.219333333333333,Tiện lợi – chọn bằng mô phỏng,free_medium
9,63.577333333333335,4.407757087125402,11.421666666666667,0.5454166666666667,0.989,3.4421500000000003,78,6.216666666666667,Tiện lợi – chọn bằng mô phỏng,free_medium
10,63.91133333333333,4.398341229657831,11.448,0.5425,0.9906666666666667,3.425183333333333,77,6.187,Tiện lợi – chọn bằng mô phỏng,free_medium
11,63.57333333333333,4.365955374478526,11.359666666666667,0.5271,0.9556666666666667,3.3942666666666663,99,6.147666666666667,Tiện lợi – chọn bằng mô phỏng,free_medium
12,63.35933333333333,4.370238623641784,11.346,0.5511333333333334,0.9906666666666667,3.4104,76,6.133,Tiện lợi – chọn bằng mô phỏng,free_medium
13,63.16266666666667,4.299285994755256,11.213,0.5287833333333333,0.9663333333333334,3.332183333333333,76,6.026666666666666,Tiện lợi – chọn bằng mô phỏng,free_medium
14,63.684,4.406468475430914,11.451333333333332,0.5344666666666666,0.974,3.4403166666666665,74,6.252,Tiện lợi – chọn bằng mô phỏng,free_medium
15,63.672,4.372453254402079,11.415333333333333,0.5304333333333333,0.9646666666666667,3.4342333333333337,77,6.228666666666666,Tiện lợi – chọn bằng mô phỏng,free_medium
16,63.714666666666666,4.34833100808885,11.343,0.5372833333333333,0.977,3.40275,78,6.163,Tiện lợi – chọn bằng mô phỏng,free_medium
17,63.902,4.391753846436145,11.445666666666666,0.54875,1.0033333333333334,3.4549499999999993,74,6.249666666666666,Tiện lợi – chọn bằng mô phỏng,free_medium
18,63.67666666666667,4.389267143064342,11.433666666666667,0.5494166666666667,0.9906666666666667,3.4338499999999996,74,6.187333333333333,Tiện lợi – chọn bằng mô phỏng,free_medium
19,63.309333333333335,4.330820388848427,11.223333333333333,0.5374166666666667,0.9783333333333334,3.391183333333333,71,6.125333333333334,Tiện lợi – chọn bằng mô phỏng,free_medium
20,63.554,4.370091367893046,11.334333333333333,0.5476833333333334,0.9853333333333333,3.42325,83,6.16,Tiện lợi – chọn bằng mô phỏng,free_medium
21,63.93666666666667,4.417590873768282,11.479666666666667,0.5561833333333334,0.9946666666666667,3.45605,91,6.213666666666667,Tiện lợi – chọn bằng mô phỏng,free_medium
22,63.572,4.366240709947863,11.350666666666667,0.5404833333333333,0.9853333333333333,3.4203333333333332,86,6.190333333333333,Tiện lợi – chọn bằng mô phỏng,free_medium
23,63.840666666666664,4.420538264254518,11.475,0.5689833333333334,1.0266666666666666,3.4635166666666666,75,6.199666666666666,Tiện lợi – chọn bằng mô phỏng,free_medium
24,63.666666666666664,4.3762332167061615,11.412,0.5586666666666666,1.011,3.4307166666666666,75,6.164,Tiện lợi – chọn bằng mô phỏng,free_medium
25,63.618,4.394372640254709,11.413,0.5456833333333333,0.9866666666666667,3.4286333333333334,72,6.187666666666667,Tiện lợi – chọn bằng mô phỏng,free_medium
26,63.786,4.371024146441639,11.399666666666667,0.55585,1.017,3.433716666666667,89,6.1723333333333334,Tiện lợi – chọn bằng mô phỏng,free_medium
27,63.704,4.330315427427582,11.286666666666667,0.534,0.9796666666666667,3.40315,80,6.154,Tiện lợi – chọn bằng mô phỏng,free_medium
28,63.93933333333333,4.413578188898254,11.515666666666666,0.5436833333333333,0.9806666666666667,3.4485,74,6.243333333333333,Tiện lợi – chọn bằng mô phỏng,free_medium
29,63.68266666666667,4.355209274855754,11.348,0.5222,0.9423333333333334,3.41585,83,6.208666666666667,Tiện lợi – chọn bằng mô phỏng,free_medium
0,61.826,4.106460172060912,10.917,0.39805,0.7816666666666666,3.2661333333333338,68,6.138,Tiện lợi – tinh chỉnh,free_medium
1,61.854,4.131203162418694,10.925,0.38344999999999996,0.7573333333333333,3.2462666666666666,70,6.142333333333333,Tiện lợi – tinh chỉnh,free_medium
2,61.586,4.075600120926202,10.821666666666667,0.3829666666666667,0.7526666666666667,3.205566666666667,78,6.07,Tiện lợi – tinh chỉnh,free_medium
3,61.63733333333333,4.139767540150337,10.952,0.39365,0.7766666666666666,3.2657666666666665,66,6.1723333333333334,Tiện lợi – tinh chỉnh,free_medium
4,61.882,4.132277611003385,10.912666666666667,0.38201666666666667,0.7633333333333333,3.273466666666667,71,6.222333333333333,Tiện lợi – tinh chỉnh,free_medium
5,61.89066666666667,4.102021497562017,10.826666666666666,0.3809,0.746,3.22425,49,6.081333333333333,Tiện lợi – tinh chỉnh,free_medium
6,62.09466666666667,4.150476280545753,10.989666666666666,0.37448333333333345,0.74,3.2678833333333337,70,6.212,Tiện lợi – tinh chỉnh,free_medium
7,61.897333333333336,4.141383474856707,10.942666666666666,0.3824833333333333,0.7516666666666667,3.2846333333333337,65,6.229666666666667,Tiện lợi – tinh chỉnh,free_medium
8,61.93333333333333,4.147916593444152,10.945666666666666,0.3754166666666667,0.7376666666666667,3.2774666666666668,66,6.219333333333333,Tiện lợi – tinh chỉnh,free_medium
9,61.95666666666666,4.147568195366134,10.949666666666667,0.3750333333333334,0.7403333333333333,3.2717666666666663,68,6.216666666666667,Tiện lợi – tinh chỉnh,free_medium
10,62.306666666666665,4.175211325847317,11.064666666666668,0.39338333333333336,0.7736666666666666,3.2760666666666665,61,6.187,Tiện lợi – tinh chỉnh,free_medium
11,61.99066666666667,4.130677732254345,10.942666666666666,0.39264999999999994,0.7776666666666666,3.259816666666667,68,6.147666666666667,Tiện lợi – tinh chỉnh,free_medium
12,61.68066666666667,4.113634195302149,10.833,0.37965,0.75,3.238916666666667,56,6.133,Tiện lợi – tinh chỉnh,free_medium
13,61.32666666666667,4.047431990081647,10.712,0.3649333333333334,0.7226666666666667,3.1683333333333334,70,6.026666666666666,Tiện lợi – tinh chỉnh,free_medium
14,61.98533333333334,4.156409065068041,10.972,0.3727,0.7396666666666667,3.27855,56,6.252,Tiện lợi – tinh chỉnh,free_medium
15,62.101333333333336,4.145857245470236,10.996,0.3856166666666667,0.763,3.289416666666667,70,6.228666666666666,Tiện lợi – tinh chỉnh,free_medium
16,61.96066666666667,4.116756930191119,10.872333333333334,0.37388333333333335,0.7366666666666667,3.23935,64,6.163,Tiện lợi – tinh chỉnh,free_medium
17,62.158,4.14994408528443,10.991666666666667,0.37133333333333335,0.7316666666666667,3.277533333333334,63,6.249666666666666,Tiện lợi – tinh chỉnh,free_medium
18,62.116,4.148491437438102,11.004,0.3923333333333333,0.7703333333333333,3.2767666666666666,65,6.187333333333333,Tiện lợi – tinh chỉnh,free_medium
19,61.50866666666667,4.0848691457389155,10.821,0.38420000000000004,0.7576666666666667,3.2379666666666664,70,6.125333333333334,Tiện lợi – tinh chỉnh,free_medium
20,61.76466666666666,4.1167607905764365,10.904333333333334,0.3940166666666666,0.7716666666666666,3.2695833333333333,68,6.16,Tiện lợi – tinh chỉnh,free_medium
21,62.242,4.1576248359422046,11.007333333333333,0.38118333333333326,0.7606666666666667,3.28105,65,6.213666666666667,Tiện lợi – tinh chỉnh,free_medium
22,61.776666666666664,4.1193875112621114,10.894666666666666,0.3792,0.751,3.2590500000000007,78,6.190333333333333,Tiện lợi – tinh chỉnh,free_medium
23,62.19266666666667,4.152704751797843,10.955666666666668,0.3831333333333334,0.7506666666666667,3.2776666666666667,72,6.199666666666666,Tiện lợi – tinh chỉnh,free_medium
24,61.88933333333333,4.107896289013039,10.908,0.3944166666666667,0.7726666666666666,3.266466666666667,63,6.164,Tiện lợi – tinh chỉnh,free_medium
25,62.034,4.147086863671741,10.952,0.38523333333333326,0.7563333333333333,3.268183333333333,58,6.187666666666667,Tiện lợi – tinh chỉnh,free_medium
26,62.026,4.13921963666954,10.955333333333334,0.3833500000000001,0.7626666666666667,3.2612166666666673,66,6.1723333333333334,Tiện lợi – tinh chỉnh,free_medium
27,62.11666666666667,4.123157266500526,10.947333333333333,0.3761333333333334,0.7396666666666667,3.2452833333333335,71,6.154,Tiện lợi – tinh chỉnh,free_medium
28,62.04066666666667,4.156426437589933,10.999666666666666,0.3848166666666666,0.7543333333333333,3.289633333333333,64,6.243333333333333,Tiện lợi – tinh chỉnh,free_medium
29,62.00333333333333,4.138024812497715,10.932666666666666,0.3801833333333333,0.7533333333333333,3.273833333333333,55,6.208666666666667,Tiện lợi – tinh chỉnh,free_medium
0,65.73266666666666,4.5282293664830435,11.649666666666667,0.6303833333333333,1.149,3.4984666666666664,81,6.138,Cân bằng – theo mô hình,free_medium
1,65.76666666666667,4.539572996992221,11.645,0.625,1.134,3.4878166666666663,78,6.142333333333333,Cân bằng – theo mô hình,free_medium
2,65.402,4.477772696507079,11.520333333333333,0.6071666666666666,1.1076666666666666,3.4297666666666666,76,6.07,Cân bằng – theo mô hình,free_medium
3,65.572,4.5545305766731845,11.690333333333333,0.63875,1.161,3.510866666666667,73,6.1723333333333334,Cân bằng – theo mô hình,free_medium
4,65.65066666666667,4.536145513870386,11.638666666666667,0.6127833333333333,1.1193333333333333,3.5042333333333335,83,6.222333333333333,Cân bằng – theo mô hình,free_medium
5,65.40333333333334,4.522508663838234,11.583,0.6164833333333333,1.1176666666666666,3.4598333333333335,85,6.081333333333333,Cân bằng – theo mô hình,free_medium
6,65.852,4.5569268383189545,11.721333333333334,0.6345,1.1626666666666667,3.5279000000000003,74,6.212,Cân bằng – theo mô hình,free_medium
7,65.82,4.549255472224621,11.708,0.6242333333333333,1.1333333333333333,3.526383333333334,80,6.229666666666667,Cân bằng – theo mô hình,free_medium
8,65.53466666666667,4.558322508472594,11.693333333333333,0.6316999999999999,1.1446666666666667,3.53375,86,6.219333333333333,Cân bằng – theo mô hình,free_medium
9,65.81,4.574803474817965,11.743,0.6351166666666667,1.1523333333333334,3.5318500000000004,88,6.216666666666667,Cân bằng – theo mô hình,free_medium
10,65.88,4.5465994033427295,11.652666666666667,0.61855,1.1286666666666667,3.5012333333333334,79,6.187,Cân bằng – theo mô hình,free_medium
11,65.54066666666667,4.514169580938141,11.641666666666667,0.6179833333333332,1.1283333333333334,3.4851500000000004,88,6.147666666666667,Cân bằng – theo mô hình,free_medium
12,65.392,4.543643988854057,11.604333333333333,0.6356666666666667,1.1456666666666666,3.494933333333333,71,6.133,Cân bằng – theo mô hình,free_medium
13,65.25866666666667,4.438830211296897,11.403,0.5976499999999999,1.091,3.4010499999999997,79,6.026666666666666,Cân bằng – theo mô hình,free_medium
14,66.09066666666666,4.590388142887196,11.798666666666668,0.6406333333333333,1.16,3.5464833333333337,72,6.252,Cân bằng – theo mô hình,free_medium
15,65.828,4.535173377391757,11.667666666666667,0.6268666666666667,1.1433333333333333,3.530666666666667,94,6.228666666666666,Cân bằng – theo mô hình,free_medium
16,65.896,4.518328969929225,11.658333333333333,0.6092166666666666,1.11,3.474683333333333,79,6.163,Cân bằng – theo mô hình,free_medium
17,65.99533333333333,4.567643171346444,11.712333333333333,0.6133000000000001,1.1133333333333333,3.5195,78,6.249666666666666,Cân bằng – theo mô hình,free_medium
18,65.932,4.589249102207149,11.738333333333333,0.6399999999999999,1.151,3.524433333333333,93,6.187333333333333,Cân bằng – theo mô hình,free_medium
19,65.442,4.517000590035014,11.567666666666666,0.63825,1.1533333333333333,3.4920166666666663,76,6.125333333333334,Cân bằng – theo mô hình,free_medium
20,65.91066666666667,4.51906751521047,11.647666666666666,0.6294,1.144,3.5049666666666663,84,6.16,Cân bằng – theo mô hình,free_medium
21,65.85,4.55977041529241,11.664666666666667,0.6107333333333332,1.1116666666666666,3.5105999999999997,76,6.213666666666667,Cân bằng – theo mô hình,free_medium
22,65.702,4.561610681435514,11.693666666666667,0.6276833333333334,1.138,3.5075333333333334,81,6.190333333333333,Cân bằng – theo mô hình,free_medium
23,65.9,4.576536041269472,11.731333333333334,0.6532333333333333,1.1866666666666668,3.5477666666666665,86,6.199666666666666,Cân bằng – theo mô hình,free_medium
24,65.67266666666667,4.511747091485339,11.599,0.6307999999999999,1.159,3.5028499999999996,80,6.164,Cân bằng – theo mô hình,free_medium
25,65.89066666666666,4.547545853714819,11.674,0.6150166666666667,1.1243333333333334,3.497966666666667,69,6.187666666666667,Cân bằng – theo mô hình,free_medium
26,65.65133333333333,4.536308026006078,11.665333333333333,0.6163166666666666,1.125,3.494183333333334,81,6.1723333333333334,Cân bằng – theo mô hình,free_medium
27,65.93866666666666,4.524705939993073,11.659,0.6057,1.1023333333333334,3.4748499999999996,80,6.154,Cân bằng – theo mô hình,free_medium
28,65.994,4.566424417322836,11.739,0.6353833333333334,1.148,3.5402,76,6.243333333333333,Cân bằng – theo mô hình,free_medium
29,65.91533333333334,4.5661883018650045,11.777333333333333,0.6395166666666666,1.1563333333333334,3.533166666666667,75,6.208666666666667,Cân bằng – theo mô hình,free_medium
0,69.24466666666666,5.960781576517825,16.227,1.3966333333333332,2.292333333333333,4.264716666666667,87,6.138,Cân bằng – chọn bằng mô phỏng,free_medium
1,69.16133333333333,5.970068251254631,16.253333333333334,1.3863,2.291333333333333,4.249116666666667,87,6.142333333333333,Cân bằng – chọn bằng mô phỏng,free_medium
2,68.92866666666667,5.928534550262689,16.128666666666668,1.3822166666666666,2.273,4.204816666666667,85,6.07,Cân bằng – chọn bằng mô phỏng,free_medium
3,69.28066666666666,5.952656769325782,16.173333333333332,1.3994000000000002,2.301,4.271516666666667,89,6.1723333333333334,Cân bằng – chọn bằng mô phỏng,free_medium
4,69.64933333333333,5.971199250255272,16.250666666666667,1.3932833333333334,2.283,4.2847333333333335,87,6.222333333333333,Cân bằng – chọn bằng mô phỏng,free_medium
5,69.012,5.876377202728218,15.979,1.3710666666666669,2.2463333333333333,4.214416666666667,89,6.081333333333333,Cân bằng – chọn bằng mô phỏng,free_medium
6,69.51133333333334,5.999584656824345,16.396333333333335,1.3933,2.2956666666666665,4.2867,85,6.212,Cân bằng – chọn bằng mô phỏng,free_medium
7,69.37,6.005733933826743,16.416666666666668,1.4013166666666665,2.2943333333333333,4.303466666666666,96,6.229666666666667,Cân bằng – chọn bằng mô phỏng,free_medium
8,69.30266666666667,5.988450167885984,16.343,1.3802833333333335,2.2696666666666667,4.282333333333334,86,6.219333333333333,Cân bằng – chọn bằng mô phỏng,free_medium
9,69.40133333333333,6.05203170640552,16.413333333333334,1.4253499999999997,2.3386666666666667,4.3220833333333335,83,6.216666666666667,Cân bằng – chọn bằng mô phỏng,free_medium
10,69.66,6.034182241033925,16.386666666666667,1.4305333333333332,2.3453333333333335,4.313216666666667,84,6.187,Cân bằng – chọn bằng mô phỏng,free_medium
11,69.23733333333334,5.96420950206002,16.226333333333333,1.3962333333333337,2.292,4.2634,84,6.147666666666667,Cân bằng – chọn bằng mô phỏng,free_medium
12,69.06533333333333,5.9685936201804966,16.206666666666667,1.3958166666666663,2.2903333333333333,4.255083333333333,88,6.133,Cân bằng – chọn bằng mô phỏng,free_medium
13,69.02266666666667,5.921841800502824,16.106,1.3895,2.272666666666667,4.1929,87,6.026666666666666,Cân bằng – chọn bằng mô phỏng,free_medium
14,69.56533333333333,6.00499098774913,16.329,1.4031,2.2946666666666666,4.308950000000001,80,6.252,Cân bằng – chọn bằng mô phỏng,free_medium
15,69.31933333333333,5.981696282935872,16.359,1.4170333333333334,2.3146666666666667,4.320833333333334,77,6.228666666666666,Cân bằng – chọn bằng mô phỏng,free_medium
16,69.21866666666666,5.958165463843565,16.286,1.397,2.293,4.262466666666667,85,6.163,Cân bằng – chọn bằng mô phỏng,free_medium
17,69.71666666666667,6.007777424878744,16.365666666666666,1.4069,2.308666666666667,4.3130999999999995,77,6.249666666666666,Cân bằng – chọn bằng mô phỏng,free_medium
18,69.424,5.9867852865954365,16.272666666666666,1.3885500000000002,2.2776666666666667,4.272983333333333,94,6.187333333333333,Cân bằng – chọn bằng mô phỏng,free_medium
19,69.06533333333333,5.951307790147512,16.188,1.3940333333333335,2.292,4.247800000000001,83,6.125333333333334,Cân bằng – chọn bằng mô phỏng,free_medium
20,69.284,5.966001228541571,16.195333333333334,1.3802,2.2703333333333333,4.255766666666666,92,6.16,Cân bằng – chọn bằng mô phỏng,free_medium
21,69.61266666666667,6.019440856782508,16.42866666666667,1.4217166666666665,2.337,4.321583333333334,84,6.213666666666667,Cân bằng – chọn bằng mô phỏng,free_medium
22,69.45466666666667,5.976644005035993,16.237666666666666,1.4040666666666666,2.3096666666666668,4.283916666666666,89,6.190333333333333,Cân bằng – chọn bằng mô phỏng,free_medium
23,69.536,6.034558607274122,16.378,1.405816666666667,2.3033333333333332,4.30035,96,6.199666666666666,Cân bằng – chọn bằng mô phỏng,free_medium
24,69.43333333333334,5.972491689283752,16.307,1.3852166666666665,2.280666666666667,4.257266666666666,86,6.164,Cân bằng – chọn bằng mô phỏng,free_medium
25,69.44333333333333,6.025681134784164,16.345,1.3863499999999997,2.291333333333333,4.2693,90,6.187666666666667,Cân bằng – chọn bằng mô phỏng,free_medium
26,69.26733333333334,5.975552509433862,16.282666666666668,1.4018833333333331,2.312666666666667,4.27975,81,6.1723333333333334,Cân bằng – chọn bằng mô phỏng,free_medium
27,69.71133333333333,6.0092641873211905,16.393,1.415933333333333,2.3173333333333335,4.285083333333334,91,6.154,Cân bằng – chọn bằng mô phỏng,free_medium
28,69.56066666666666,6.0020571907279745,16.379,1.38675,2.292,4.291566666666667,105,6.243333333333333,Cân bằng – chọn bằng mô phỏng,free_medium
29,69.344,6.0096460502319795,16.413,1.4042999999999999,2.3156666666666665,4.29795,89,6.208666666666667,Cân bằng – chọn bằng mô phỏng,free_medium
0,70.466,6.877574964863646,19.386666666666667,1.7897999999999998,3.069,4.657883333333333,72,6.138,Cân bằng – tinh chỉnh,free_medium
1,70.308,6.869435504602508,19.249,1.75895,3.0003333333333333,4.621766666666667,81,6.142333333333333,Cân bằng – tinh chỉnh,free_medium
2,70.05666666666667,6.7984447793340275,19.11,1.7327833333333336,2.987,4.555383333333333,79,6.07,Cân bằng – tinh chỉnh,free_medium
3,70.42133333333334,6.883168177360499,19.273333333333333,1.7613333333333334,3.003,4.63345,82,6.1723333333333334,Cân bằng – tinh chỉnh,free_medium
4,70.66,6.850779028236373,19.322,1.7513,2.9993333333333334,4.64275,75,6.222333333333333,Cân bằng – tinh chỉnh,free_medium
5,70.108,6.789305124292149,19.090333333333334,1.7620333333333331,3.002,4.605383333333333,70,6.081333333333333,Cân bằng – tinh chỉnh,free_medium
6,70.832,6.923773295864761,19.547333333333334,1.7868499999999998,3.0523333333333333,4.68025,74,6.212,Cân bằng – tinh chỉnh,free_medium
7,70.352,6.886605509837433,19.372,1.73965,2.9796666666666667,4.641800000000001,83,6.229666666666667,Cân bằng – tinh chỉnh,free_medium
8,70.456,6.871860906520144,19.344,1.76995,3.026,4.672,79,6.219333333333333,Cân bằng – tinh chỉnh,free_medium
9,70.34066666666666,6.952350571918426,19.508,1.7990999999999997,3.0763333333333334,4.695833333333334,83,6.216666666666667,Cân bằng – tinh chỉnh,free_medium
10,70.73,6.932609862582849,19.49266666666667,1.7879500000000002,3.0566666666666666,4.670633333333334,79,6.187,Cân bằng – tinh chỉnh,free_medium
11,70.26133333333334,6.8533680474445084,19.280333333333335,1.8038499999999997,3.082333333333333,4.671016666666667,84,6.147666666666667,Cân bằng – tinh chỉnh,free_medium
12,70.25866666666667,6.917961011273468,19.355333333333334,1.808533333333333,3.0946666666666665,4.667800000000001,85,6.133,Cân bằng – tinh chỉnh,free_medium
13,70.04333333333334,6.823203941448764,19.187,1.7608,3.006,4.5642000000000005,80,6.026666666666666,Cân bằng – tinh chỉnh,free_medium
14,70.83066666666667,6.953242599655384,19.503666666666668,1.8102333333333334,3.1026666666666665,4.716083333333334,74,6.252,Cân bằng – tinh chỉnh,free_medium
15,70.394,6.946716290364487,19.657666666666668,1.7993666666666668,3.078666666666667,4.703166666666666,89,6.228666666666666,Cân bằng – tinh chỉnh,free_medium
16,70.46333333333334,6.864433116660106,19.386666666666667,1.7929000000000002,3.0636666666666668,4.658366666666668,82,6.163,Cân bằng – tinh chỉnh,free_medium
17,70.764,6.946864660003574,19.513333333333332,1.8040833333333333,3.0843333333333334,4.710283333333334,85,6.249666666666666,Cân bằng – tinh chỉnh,free_medium
18,70.43733333333333,6.869013560622921,19.307,1.7719666666666665,3.0286666666666666,4.6564000000000005,81,6.187333333333333,Cân bằng – tinh chỉnh,free_medium
19,70.13466666666666,6.868745767047252,19.307,1.788816666666667,3.046,4.6425833333333335,85,6.125333333333334,Cân bằng – tinh chỉnh,free_medium
20,70.33866666666667,6.891091846460071,19.373333333333335,1.7621499999999999,3.010666666666667,4.637716666666667,68,6.16,Cân bằng – tinh chỉnh,free_medium
21,70.566,6.869252608059755,19.381,1.7787833333333334,3.034666666666667,4.67865,85,6.213666666666667,Cân bằng – tinh chỉnh,free_medium
22,70.60533333333333,6.9440920379744115,19.475666666666665,1.80495,3.084,4.6848,85,6.190333333333333,Cân bằng – tinh chỉnh,free_medium
23,70.63733333333333,6.904162065137255,19.317333333333334,1.7852333333333332,3.0483333333333333,4.679766666666667,87,6.199666666666666,Cân bằng – tinh chỉnh,free_medium
24,70.516,6.896767238947397,19.331,1.7621666666666667,3.0246666666666666,4.634216666666667,75,6.164,Cân bằng – tinh chỉnh,free_medium
25,70.468,6.890933906350859,19.375666666666667,1.7832166666666665,3.046666666666667,4.666166666666666,79,6.187666666666667,Cân bằng – tinh chỉnh,free_medium
26,70.404,6.869803609618871,19.336666666666666,1.7660999999999998,3.0143333333333335,4.643966666666667,81,6.1723333333333334,Cân bằng – tinh chỉnh,free_medium
27,70.78133333333334,6.882227863839605,19.405,1.7775666666666665,3.034666666666667,4.646716666666666,89,6.154,Cân bằng – tinh chỉnh,free_medium
28,70.52333333333333,6.910208058928644,19.429,1.7597,3.017,4.664516666666667,75,6.243333333333333,Cân bằng – tinh chỉnh,free_medium
29,70.46133333333333,6.925443981177208,19.467666666666666,1.8019000000000003,3.074,4.695550000000001,79,6.208666666666667,Cân bằng – tinh chỉnh,free_medium
0,72.06,5.935858232810356,16.395333333333333,1.3562,2.296,4.224283333333333,83,6.138,Giá trị – theo mô hình,free_medium
1,72.05933333333333,5.953671825711213,16.364,1.3051833333333334,2.2,4.168,103,6.142333333333333,Giá trị – theo mô hình,free_medium
2,71.782,5.84052593936608,16.075,1.2933833333333333,2.1813333333333333,4.115983333333333,77,6.07,Giá trị – theo mô hình,free_medium
3,72.08333333333333,5.950222670349055,16.38233333333333,1.33125,2.2413333333333334,4.203366666666666,98,6.1723333333333334,Giá trị – theo mô hình,free_medium
4,72.398,5.988729429302317,16.5,1.31405,2.2133333333333334,4.2055,86,6.222333333333333,Giá trị – theo mô hình,free_medium
5,71.78,5.887178704701609,16.151333333333334,1.2897166666666666,2.1686666666666667,4.133066666666666,101,6.081333333333333,Giá trị – theo mô hình,free_medium
6,72.10466666666666,5.964524874916467,16.495333333333335,1.3213833333333334,2.229,4.214783333333333,96,6.212,Giá trị – theo mô hình,free_medium
7,72.31133333333334,5.936467407393035,16.401333333333334,1.2967166666666665,2.1823333333333332,4.198866666666667,95,6.229666666666667,Giá trị – theo mô hình,free_medium
8,71.98533333333333,5.947471285689831,16.347666666666665,1.3205333333333336,2.2103333333333333,4.222583333333334,93,6.219333333333333,Giá trị – theo mô hình,free_medium
9,72.196,5.9836341065784415,16.440333333333335,1.3309499999999999,2.2556666666666665,4.227683333333334,90,6.216666666666667,Giá trị – theo mô hình,free_medium
10,72.54133333333333,5.984172303890623,16.479666666666667,1.3303166666666666,2.2413333333333334,4.213,86,6.187,Giá trị – theo mô hình,free_medium
11,72.02666666666667,5.9148149545870545,16.272,1.2887666666666668,2.1823333333333332,4.1559333333333335,96,6.147666666666667,Giá trị – theo mô hình,free_medium
12,71.80933333333333,5.951899348263204,16.332333333333334,1.3141,2.221,4.1733666666666664,114,6.133,Giá trị – theo mô hình,free_medium
13,71.78466666666667,5.791438058971482,15.949,1.2440666666666667,2.1003333333333334,4.047466666666667,88,6.026666666666666,Giá trị – theo mô hình,free_medium
14,72.18333333333334,6.017134739637684,16.559333333333335,1.3346333333333333,2.2466666666666666,4.240483333333334,90,6.252,Giá trị – theo mô hình,free_medium
15,72.60333333333334,5.997139360536393,16.575333333333333,1.3442333333333334,2.2743333333333333,4.248033333333333,100,6.228666666666666,Giá trị – theo mô hình,free_medium
16,72.23066666666666,5.933899363742326,16.419333333333334,1.3121333333333334,2.218,4.1776,103,6.163,Giá trị – theo mô hình,free_medium
17,72.70466666666667,5.966250124326381,16.491333333333333,1.3080833333333333,2.22,4.214283333333333,110,6.249666666666666,Giá trị – theo mô hình,free_medium
18,72.21666666666667,5.986824938079266,16.502666666666666,1.3317833333333335,2.2533333333333334,4.216216666666667,85,6.187333333333333,Giá trị – theo mô hình,free_medium
19,71.92666666666666,5.952810269635797,16.379333333333335,1.3071000000000002,2.2,4.160866666666667,99,6.125333333333334,Giá trị – theo mô hình,free_medium
20,72.12466666666667,5.994156489249282,16.508666666666667,1.3311499999999998,2.251,4.206716666666667,78,6.16,Giá trị – theo mô hình,free_medium
21,72.34133333333334,5.974647062349485,16.395666666666667,1.3287666666666667,2.239333333333333,4.228633333333334,93,6.213666666666667,Giá trị – theo mô hình,free_medium
22,72.22133333333333,5.958498937074796,16.409666666666666,1.3112833333333334,2.2116666666666664,4.191133333333333,98,6.190333333333333,Giá trị – theo mô hình,free_medium
23,72.29066666666667,6.006979646704535,16.501333333333335,1.3314833333333334,2.241,4.226016666666666,94,6.199666666666666,Giá trị – theo mô hình,free_medium
24,72.03533333333333,5.913422016506578,16.279333333333334,1.2821166666666666,2.1666666666666665,4.154166666666667,82,6.164,Giá trị – theo mô hình,free_medium
25,72.41933333333333,5.981460921182108,16.447666666666667,1.3280166666666666,2.237,4.210966666666667,122,6.187666666666667,Giá trị – theo mô hình,free_medium
26,72.046,5.9034131281255044,16.161333333333335,1.2753166666666667,2.1593333333333335,4.153183333333333,93,6.1723333333333334,Giá trị – theo mô hình,free_medium
27,72.404,5.955662475668577,16.404333333333334,1.3043666666666667,2.203,4.173516666666666,99,6.154,Giá trị – theo mô hình,free_medium
28,72.29933333333334,5.924195548425488,16.310666666666666,1.28215,2.1613333333333333,4.186966666666667,107,6.243333333333333,Giá trị – theo mô hình,free_medium
29,72.16666666666667,5.9674891060406265,16.445333333333334,1.3426333333333333,2.268,4.236283333333334,85,6.208666666666667,Giá trị – theo mô hình,free_medium
0,69.24466666666666,5.960781576517825,16.227,1.3966333333333332,2.292333333333333,4.264716666666667,87,6.138,Giá trị – chọn bằng mô phỏng,free_medium
1,69.16133333333333,5.970068251254631,16.253333333333334,1.3863,2.291333333333333,4.249116666666667,87,6.142333333333333,Giá trị – chọn bằng mô phỏng,free_medium
2,68.92866666666667,5.928534550262689,16.128666666666668,1.3822166666666666,2.273,4.204816666666667,85,6.07,Giá trị – chọn bằng mô phỏng,free_medium
3,69.28066666666666,5.952656769325782,16.173333333333332,1.3994000000000002,2.301,4.271516666666667,89,6.1723333333333334,Giá trị – chọn bằng mô phỏng,free_medium
4,69.64933333333333,5.971199250255272,16.250666666666667,1.3932833333333334,2.283,4.2847333333333335,87,6.222333333333333,Giá trị – chọn bằng mô phỏng,free_medium
5,69.012,5.876377202728218,15.979,1.3710666666666669,2.2463333333333333,4.214416666666667,89,6.081333333333333,Giá trị – chọn bằng mô phỏng,free_medium
6,69.51133333333334,5.999584656824345,16.396333333333335,1.3933,2.2956666666666665,4.2867,85,6.212,Giá trị – chọn bằng mô phỏng,free_medium
7,69.37,6.005733933826743,16.416666666666668,1.4013166666666665,2.2943333333333333,4.303466666666666,96,6.229666666666667,Giá trị – chọn bằng mô phỏng,free_medium
8,69.30266666666667,5.988450167885984,16.343,1.3802833333333335,2.2696666666666667,4.282333333333334,86,6.219333333333333,Giá trị – chọn bằng mô phỏng,free_medium
9,69.40133333333333,6.05203170640552,16.413333333333334,1.4253499999999997,2.3386666666666667,4.3220833333333335,83,6.216666666666667,Giá trị – chọn bằng mô phỏng,free_medium
10,69.66,6.034182241033925,16.386666666666667,1.4305333333333332,2.3453333333333335,4.313216666666667,84,6.187,Giá trị – chọn bằng mô phỏng,free_medium
11,69.23733333333334,5.96420950206002,16.226333333333333,1.3962333333333337,2.292,4.2634,84,6.147666666666667,Giá trị – chọn bằng mô phỏng,free_medium
12,69.06533333333333,5.9685936201804966,16.206666666666667,1.3958166666666663,2.2903333333333333,4.255083333333333,88,6.133,Giá trị – chọn bằng mô phỏng,free_medium
13,69.02266666666667,5.921841800502824,16.106,1.3895,2.272666666666667,4.1929,87,6.026666666666666,Giá trị – chọn bằng mô phỏng,free_medium
14,69.56533333333333,6.00499098774913,16.329,1.4031,2.2946666666666666,4.308950000000001,80,6.252,Giá trị – chọn bằng mô phỏng,free_medium
15,69.31933333333333,5.981696282935872,16.359,1.4170333333333334,2.3146666666666667,4.320833333333334,77,6.228666666666666,Giá trị – chọn bằng mô phỏng,free_medium
16,69.21866666666666,5.958165463843565,16.286,1.397,2.293,4.262466666666667,85,6.163,Giá trị – chọn bằng mô phỏng,free_medium
17,69.71666666666667,6.007777424878744,16.365666666666666,1.4069,2.308666666666667,4.3130999999999995,77,6.249666666666666,Giá trị – chọn bằng mô phỏng,free_medium
18,69.424,5.9867852865954365,16.272666666666666,1.3885500000000002,2.2776666666666667,4.272983333333333,94,6.187333333333333,Giá trị – chọn bằng mô phỏng,free_medium
19,69.06533333333333,5.951307790147512,16.188,1.3940333333333335,2.292,4.247800000000001,83,6.125333333333334,Giá trị – chọn bằng mô phỏng,free_medium
20,69.284,5.966001228541571,16.195333333333334,1.3802,2.2703333333333333,4.255766666666666,92,6.16,Giá trị – chọn bằng mô phỏng,free_medium
21,69.61266666666667,6.019440856782508,16.42866666666667,1.4217166666666665,2.337,4.321583333333334,84,6.213666666666667,Giá trị – chọn bằng mô phỏng,free_medium
22,69.45466666666667,5.976644005035993,16.237666666666666,1.4040666666666666,2.3096666666666668,4.283916666666666,89,6.190333333333333,Giá trị – chọn bằng mô phỏng,free_medium
23,69.536,6.034558607274122,16.378,1.405816666666667,2.3033333333333332,4.30035,96,6.199666666666666,Giá trị – chọn bằng mô phỏng,free_medium
24,69.43333333333334,5.972491689283752,16.307,1.3852166666666665,2.280666666666667,4.257266666666666,86,6.164,Giá trị – chọn bằng mô phỏng,free_medium
25,69.44333333333333,6.025681134784164,16.345,1.3863499999999997,2.291333333333333,4.2693,90,6.187666666666667,Giá trị – chọn bằng mô phỏng,free_medium
26,69.26733333333334,5.975552509433862,16.282666666666668,1.4018833333333331,2.312666666666667,4.27975,81,6.1723333333333334,Giá trị – chọn bằng mô phỏng,free_medium
27,69.71133333333333,6.0092641873211905,16.393,1.415933333333333,2.3173333333333335,4.285083333333334,91,6.154,Giá trị – chọn bằng mô phỏng,free_medium
28,69.56066666666666,6.0020571907279745,16.379,1.38675,2.292,4.291566666666667,105,6.243333333333333,Giá trị – chọn bằng mô phỏng,free_medium
29,69.344,6.0096460502319795,16.413,1.4042999999999999,2.3156666666666665,4.29795,89,6.208666666666667,Giá trị – chọn bằng mô phỏng,free_medium
0,70.466,6.877574964863646,19.386666666666667,1.7897999999999998,3.069,4.657883333333333,72,6.138,Giá trị – tinh chỉnh,free_medium
1,70.308,6.869435504602508,19.249,1.75895,3.0003333333333333,4.621766666666667,81,6.142333333333333,Giá trị – tinh chỉnh,free_medium
2,70.05666666666667,6.7984447793340275,19.11,1.7327833333333336,2.987,4.555383333333333,79,6.07,Giá trị – tinh chỉnh,free_medium
3,70.42133333333334,6.883168177360499,19.273333333333333,1.7613333333333334,3.003,4.63345,82,6.1723333333333334,Giá trị – tinh chỉnh,free_medium
4,70.66,6.850779028236373,19.322,1.7513,2.9993333333333334,4.64275,75,6.222333333333333,Giá trị – tinh chỉnh,free_medium
5,70.108,6.789305124292149,19.090333333333334,1.7620333333333331,3.002,4.605383333333333,70,6.081333333333333,Giá trị – tinh chỉnh,free_medium
6,70.832,6.923773295864761,19.547333333333334,1.7868499999999998,3.0523333333333333,4.68025,74,6.212,Giá trị – tinh chỉnh,free_medium
7,70.352,6.886605509837433,19.372,1.73965,2.9796666666666667,4.641800000000001,83,6.229666666666667,Giá trị – tinh chỉnh,free_medium
8,70.456,6.871860906520144,19.344,1.76995,3.026,4.672,79,6.219333333333333,Giá trị – tinh chỉnh,free_medium
9,70.34066666666666,6.952350571918426,19.508,1.7990999999999997,3.0763333333333334,4.695833333333334,83,6.216666666666667,Giá trị – tinh chỉnh,free_medium
10,70.73,6.932609862582849,19.49266666666667,1.7879500000000002,3.0566666666666666,4.670633333333334,79,6.187,Giá trị – tinh chỉnh,free_medium
11,70.26133333333334,6.8533680474445084,19.280333333333335,1.8038499999999997,3.082333333333333,4.671016666666667,84,6.147666666666667,Giá trị – tinh chỉnh,free_medium
12,70.25866666666667,6.917961011273468,19.355333333333334,1.808533333333333,3.0946666666666665,4.667800000000001,85,6.133,Giá trị – tinh chỉnh,free_medium
13,70.04333333333334,6.823203941448764,19.187,1.7608,3.006,4.5642000000000005,80,6.026666666666666,Giá trị – tinh chỉnh,free_medium
14,70.83066666666667,6.953242599655384,19.503666666666668,1.8102333333333334,3.1026666666666665,4.716083333333334,74,6.252,Giá trị – tinh chỉnh,free_medium
15,70.394,6.946716290364487,19.657666666666668,1.7993666666666668,3.078666666666667,4.703166666666666,89,6.228666666666666,Giá trị – tinh chỉnh,free_medium
16,70.46333333333334,6.864433116660106,19.386666666666667,1.7929000000000002,3.0636666666666668,4.658366666666668,82,6.163,Giá trị – tinh chỉnh,free_medium
17,70.764,6.946864660003574,19.513333333333332,1.8040833333333333,3.0843333333333334,4.710283333333334,85,6.249666666666666,Giá trị – tinh chỉnh,free_medium
18,70.43733333333333,6.869013560622921,19.307,1.7719666666666665,3.0286666666666666,4.6564000000000005,81,6.187333333333333,Giá trị – tinh chỉnh,free_medium
19,70.13466666666666,6.868745767047252,19.307,1.788816666666667,3.046,4.6425833333333335,85,6.125333333333334,Giá trị – tinh chỉnh,free_medium
20,70.33866666666667,6.891091846460071,19.373333333333335,1.7621499999999999,3.010666666666667,4.637716666666667,68,6.16,Giá trị – tinh chỉnh,free_medium
21,70.566,6.869252608059755,19.381,1.7787833333333334,3.034666666666667,4.67865,85,6.213666666666667,Giá trị – tinh chỉnh,free_medium
22,70.60533333333333,6.9440920379744115,19.475666666666665,1.80495,3.084,4.6848,85,6.190333333333333,Giá trị – tinh chỉnh,free_medium
23,70.63733333333333,6.904162065137255,19.317333333333334,1.7852333333333332,3.0483333333333333,4.679766666666667,87,6.199666666666666,Giá trị – tinh chỉnh,free_medium
24,70.516,6.896767238947397,19.331,1.7621666666666667,3.0246666666666666,4.634216666666667,75,6.164,Giá trị – tinh chỉnh,free_medium
25,70.468,6.890933906350859,19.375666666666667,1.7832166666666665,3.046666666666667,4.666166666666666,79,6.187666666666667,Giá trị – tinh chỉnh,free_medium
26,70.404,6.869803609618871,19.336666666666666,1.7660999999999998,3.0143333333333335,4.643966666666667,81,6.1723333333333334,Giá trị – tinh chỉnh,free_medium
27,70.78133333333334,6.882227863839605,19.405,1.7775666666666665,3.034666666666667,4.646716666666666,89,6.154,Giá trị – tinh chỉnh,free_medium
28,70.52333333333333,6.910208058928644,19.429,1.7597,3.017,4.664516666666667,75,6.243333333333333,Giá trị – tinh chỉnh,free_medium
29,70.46133333333333,6.925443981177208,19.467666666666666,1.8019000000000003,3.074,4.695550000000001,79,6.208666666666667,Giá trị – tinh chỉnh,free_medium
0,82.15,7.85628027531339,25.272333333333332,0.8549333333333334,1.5496666666666667,4.184483333333333,100,7.155333333333333,Hiện trạng,grid_large
1,82.126,7.82687631765988,25.169,0.8116166666666668,1.4853333333333334,4.134616666666667,95,7.153666666666667,Hiện trạng,grid_large
2,81.422,7.7224292276578455,24.970666666666666,0.8314500000000001,1.519,4.096100000000001,94,7.0456666666666665,Hiện trạng,grid_large
3,81.95733333333334,7.814700280206267,25.214666666666666,0.817,1.4846666666666666,4.145166666666666,97,7.174,Hiện trạng,grid_large
4,82.36333333333333,7.875074676040588,25.374,0.8493666666666666,1.5393333333333334,4.206783333333333,98,7.249,Hiện trạng,grid_large
5,81.71133333333333,7.821332784647029,25.182666666666666,0.8558500000000001,1.5586666666666666,4.161533333333334,98,7.0906666666666665,Hiện trạng,grid_large
6,82.29,7.875193498632197,25.386666666666667,0.8464,1.5506666666666666,4.197383333333333,102,7.223333333333334,Hiện trạng,grid_large
7,82.146,7.860099434488725,25.370666666666665,0.8313166666666666,1.517,4.21475,109,7.288333333333333,Hiện trạng,grid_large
8,82.196,7.806857971955714,25.133333333333333,0.8163833333333333,1.4813333333333334,4.194116666666667,97,7.264666666666667,Hiện trạng,grid_large
9,82.30733333333333,7.876445276036779,25.263,0.8416833333333333,1.5336666666666667,4.195533333333334,107,7.231,Hiện trạng,grid_large
10,82.196,7.849734089343951,25.218333333333334,0.8373833333333334,1.5183333333333333,4.174650000000001,106,7.186333333333334,Hiện trạng,grid_large
11,82.07733333333333,7.852856142873386,25.231,0.8384833333333332,1.5213333333333334,4.162466666666667,94,7.162,Hiện trạng,grid_large
12,82.118,7.865685402128256,25.268666666666668,0.8305833333333333,1.5,4.1486833333333335,97,7.139666666666667,Hiện trạng,grid_large
13,81.196,7.746992722487554,25.018,0.8312833333333333,1.497,4.0971,101,7.0456666666666665,Hiện trạng,grid_large
14,82.524,7.916365425086092,25.466333333333335,0.8435833333333334,1.527,4.223983333333333,106,7.298666666666667,Hiện trạng,grid_large
15,82.262,7.872039190431602,25.31833333333333,0.8354499999999999,1.5123333333333333,4.20285,101,7.253,Hiện trạng,grid_large
16,81.948,7.781238806611154,25.147333333333332,0.8240833333333335,1.5026666666666666,4.135533333333333,98,7.153333333333333,Hiện trạng,grid_large
17,82.53733333333334,7.858713606153888,25.407666666666668,0.8360333333333333,1.5356666666666667,4.227616666666666,92,7.322333333333333,Hiện trạng,grid_large
18,82.208,7.879008731287353,25.381,0.8430166666666667,1.5296666666666667,4.183866666666666,113,7.193,Hiện trạng,grid_large
19,81.62333333333333,7.767093338584494,25.056,0.8247166666666665,1.505,4.133183333333333,97,7.137666666666667,Hiện trạng,grid_large
20,81.75933333333333,7.774272915863402,25.001333333333335,0.8267833333333333,1.504,4.173183333333334,101,7.194,Hiện trạng,grid_large
21,82.39533333333334,7.8732132836718325,25.446,0.8219333333333333,1.498,4.19215,110,7.242333333333334,Hiện trạng,grid_large
22,82.02866666666667,7.816558925868129,25.237666666666666,0.8122333333333333,1.4656666666666667,4.157516666666666,116,7.207333333333334,Hiện trạng,grid_large
23,82.16666666666667,7.891279090704524,25.398,0.8435833333333334,1.54,4.2031833333333335,103,7.213,Hiện trạng,grid_large
24,81.95266666666667,7.797218126904709,25.187666666666665,0.8338500000000001,1.509,4.174533333333334,101,7.200333333333333,Hiện trạng,grid_large
25,82.002,7.823876675576898,25.113,0.8435,1.5246666666666666,4.182016666666667,94,7.192,Hiện trạng,grid_large
26,82.25,7.899295040014201,25.444,0.8188833333333332,1.4893333333333334,4.1541999999999994,88,7.181666666666667,Hiện trạng,grid_large
27,82.46266666666666,7.888275260610446,25.427666666666667,0.8140833333333334,1.4926666666666666,4.14325,102,7.16,Hiện trạng,grid_large
28,82.202,7.849078535513113,25.249666666666666,0.8210833333333334,1.5043333333333333,4.2036,102,7.293666666666667,Hiện trạng,grid_large
29,82.18066666666667,7.857452961298128,25.316333333333333,0.8470833333333333,1.5386666666666666,4.2068,91,7.230333333333333,Hiện trạng,grid_large
0,70.128,6.782972344171529,20.963,0.6083666666666666,1.1666666666666667,3.9379166666666667,65,7.155333333333333,Tiện lợi – theo mô hình,grid_large
1,70.05733333333333,6.805047863753515,21.010666666666665,0.5909333333333333,1.153,3.913933333333333,80,7.153666666666667,Tiện lợi – theo mô hình,grid_large
2,69.55,6.731470359362291,20.833,0.5976833333333332,1.1563333333333334,3.8623333333333334,80,7.0456666666666665,Tiện lợi – theo mô hình,grid_large
3,70.242,6.803951801397753,20.954333333333334,0.60455,1.1676666666666666,3.9327166666666664,64,7.174,Tiện lợi – theo mô hình,grid_large
4,70.408,6.830734795122975,21.099666666666668,0.6091666666666666,1.181,3.9665833333333333,78,7.249,Tiện lợi – theo mô hình,grid_large
5,70.01466666666667,6.799803706679673,20.924,0.6298833333333334,1.2206666666666666,3.9355666666666664,74,7.0906666666666665,Tiện lợi – theo mô hình,grid_large
6,70.41133333333333,6.834724927295819,21.107666666666667,0.60165,1.167,3.952633333333333,75,7.223333333333334,Tiện lợi – theo mô hình,grid_large
7,70.38133333333333,6.86481978305987,21.171,0.6061000000000001,1.177,3.9895333333333336,80,7.288333333333333,Tiện lợi – theo mô hình,grid_large
8,69.75733333333334,6.777265116388519,20.910666666666668,0.5964333333333334,1.1643333333333334,3.9741666666666666,100,7.264666666666667,Tiện lợi – theo mô hình,grid_large
9,70.408,6.842997104878487,21.111,0.6076833333333334,1.1793333333333333,3.9615333333333336,72,7.231,Tiện lợi – theo mô hình,grid_large
10,70.13666666666667,6.80048502724162,20.939333333333334,0.6075666666666666,1.1783333333333332,3.9448333333333334,75,7.186333333333334,Tiện lợi – theo mô hình,grid_large
11,69.97133333333333,6.788072771897297,21.018,0.5904833333333334,1.1403333333333334,3.9144666666666668,74,7.162,Tiện lợi – theo mô hình,grid_large
12,69.802,6.816004069140962,20.967666666666666,0.6195833333333334,1.203,3.937683333333333,79,7.139666666666667,Tiện lợi – theo mô hình,grid_large
13,69.67,6.735008675488981,20.766,0.6032166666666666,1.1733333333333333,3.869033333333333,79,7.0456666666666665,Tiện lợi – theo mô hình,grid_large
14,70.532,6.87944383480385,21.192,0.60555,1.1863333333333332,3.9859499999999994,78,7.298666666666667,Tiện lợi – theo mô hình,grid_large
15,70.18733333333333,6.840574591419921,21.097666666666665,0.59255,1.1503333333333334,3.95995,81,7.253,Tiện lợi – theo mô hình,grid_large
16,70.18333333333334,6.801313909637993,21.054333333333332,0.5963666666666666,1.1626666666666667,3.9078166666666667,76,7.153333333333333,Tiện lợi – theo mô hình,grid_large
17,70.65866666666666,6.842709850802851,21.156333333333333,0.5856666666666667,1.1483333333333334,3.97725,88,7.322333333333333,Tiện lợi – theo mô hình,grid_large
18,70.23666666666666,6.8261299613158055,21.125333333333334,0.6030166666666666,1.1773333333333333,3.943866666666666,83,7.193,Tiện lợi – theo mô hình,grid_large
19,69.89333333333333,6.803675873148563,20.958333333333332,0.6093833333333334,1.1843333333333332,3.9178500000000005,79,7.137666666666667,Tiện lợi – theo mô hình,grid_large
20,70.26,6.813192975437013,20.972666666666665,0.6074666666666666,1.1806666666666668,3.953866666666667,72,7.194,Tiện lợi – theo mô hình,grid_large
21,70.35266666666666,6.829325207014067,21.082,0.5992833333333333,1.165,3.9695,77,7.242333333333334,Tiện lợi – theo mô hình,grid_large
22,70.23266666666666,6.81269880968416,21.015333333333334,0.6056666666666667,1.1813333333333333,3.9509499999999993,81,7.207333333333334,Tiện lợi – theo mô hình,grid_large
23,70.388,6.855833282282602,21.089666666666666,0.6055,1.179,3.9650999999999996,78,7.213,Tiện lợi – theo mô hình,grid_large
24,70.36,6.833554438784665,21.125666666666667,0.6040666666666666,1.173,3.94475,80,7.200333333333333,Tiện lợi – theo mô hình,grid_large
25,70.42933333333333,6.854225419574056,21.098666666666666,0.5991000000000001,1.1663333333333334,3.937616666666667,72,7.192,Tiện lợi – theo mô hình,grid_large
26,70.05466666666666,6.848475517357932,21.057666666666666,0.6109833333333333,1.181,3.9463,76,7.181666666666667,Tiện lợi – theo mô hình,grid_large
27,70.14333333333333,6.811234369458332,21.02166666666667,0.602,1.1673333333333333,3.9311666666666665,95,7.16,Tiện lợi – theo mô hình,grid_large
28,70.622,6.85595201857577,21.142666666666667,0.6158833333333333,1.1816666666666666,3.9984,88,7.293666666666667,Tiện lợi – theo mô hình,grid_large
29,70.33066666666667,6.818614168298974,21.111333333333334,0.6155166666666666,1.192,3.9752333333333336,68,7.230333333333333,Tiện lợi – theo mô hình,grid_large
0,70.128,6.782972344171529,20.963,0.6083666666666666,1.1666666666666667,3.9379166666666667,65,7.155333333333333,Tiện lợi – chọn bằng mô phỏng,grid_large
1,70.05733333333333,6.805047863753515,21.010666666666665,0.5909333333333333,1.153,3.913933333333333,80,7.153666666666667,Tiện lợi – chọn bằng mô phỏng,grid_large
2,69.55,6.731470359362291,20.833,0.5976833333333332,1.1563333333333334,3.8623333333333334,80,7.0456666666666665,Tiện lợi – chọn bằng mô phỏng,grid_large
3,70.242,6.803951801397753,20.954333333333334,0.60455,1.1676666666666666,3.9327166666666664,64,7.174,Tiện lợi – chọn bằng mô phỏng,grid_large
4,70.408,6.830734795122975,21.099666666666668,0.6091666666666666,1.181,3.9665833333333333,78,7.249,Tiện lợi – chọn bằng mô phỏng,grid_large
5,70.01466666666667,6.799803706679673,20.924,0.6298833333333334,1.2206666666666666,3.9355666666666664,74,7.0906666666666665,Tiện lợi – chọn bằng mô phỏng,grid_large
6,70.41133333333333,6.834724927295819,21.107666666666667,0.60165,1.167,3.952633333333333,75,7.223333333333334,Tiện lợi – chọn bằng mô phỏng,grid_large
7,70.38133333333333,6.86481978305987,21.171,0.6061000000000001,1.177,3.9895333333333336,80,7.288333333333333,Tiện lợi – chọn bằng mô phỏng,grid_large
8,69.75733333333334,6.777265116388519,20.910666666666668,0.5964333333333334,1.1643333333333334,3.9741666666666666,100,7.264666666666667,Tiện lợi – chọn bằng mô phỏng,grid_large
9,70.408,6.842997104878487,21.111,0.6076833333333334,1.1793333333333333,3.9615333333333336,72,7.231,Tiện lợi – chọn bằng mô phỏng,grid_large
10,70.13666666666667,6.80048502724162,20.939333333333334,0.6075666666666666,1.1783333333333332,3.9448333333333334,75,7.186333333333334,Tiện lợi – chọn bằng mô phỏng,grid_large
11,69.97133333333333,6.788072771897297,21.018,0.5904833333333334,1.1403333333333334,3.9144666666666668,74,7.162,Tiện lợi – chọn bằng mô phỏng,grid_large
12,69.802,6.816004069140962,20.967666666666666,0.6195833333333334,1.203,3.937683333333333,79,7.139666666666667,Tiện lợi – chọn bằng mô phỏng,grid_large
13,69.67,6.735008675488981,20.766,0.6032166666666666,1.1733333333333333,3.869033333333333,79,7.0456666666666665,Tiện lợi – chọn bằng mô phỏng,grid_large
14,70.532,6.87944383480385,21.192,0.60555,1.1863333333333332,3.9859499999999994,78,7.298666666666667,Tiện lợi – chọn bằng mô phỏng,grid_large
15,70.18733333333333,6.840574591419921,21.097666666666665,0.59255,1.1503333333333334,3.95995,81,7.253,Tiện lợi – chọn bằng mô phỏng,grid_large
16,70.18333333333334,6.801313909637993,21.054333333333332,0.5963666666666666,1.1626666666666667,3.9078166666666667,76,7.153333333333333,Tiện lợi – chọn bằng mô phỏng,grid_large
17,70.65866666666666,6.842709850802851,21.156333333333333,0.5856666666666667,1.1483333333333334,3.97725,88,7.322333333333333,Tiện lợi – chọn bằng mô phỏng,grid_large
18,70.23666666666666,6.8261299613158055,21.125333333333334,0.6030166666666666,1.1773333333333333,3.943866666666666,83,7.193,Tiện lợi – chọn bằng mô phỏng,grid_large
19,69.89333333333333,6.803675873148563,20.958333333333332,0.6093833333333334,1.1843333333333332,3.9178500000000005,79,7.137666666666667,Tiện lợi – chọn bằng mô phỏng,grid_large
20,70.26,6.813192975437013,20.972666666666665,0.6074666666666666,1.1806666666666668,3.953866666666667,72,7.194,Tiện lợi – chọn bằng mô phỏng,grid_large
21,70.35266666666666,6.829325207014067,21.082,0.5992833333333333,1.165,3.9695,77,7.242333333333334,Tiện lợi – chọn bằng mô phỏng,grid_large
22,70.23266666666666,6.81269880968416,21.015333333333334,0.6056666666666667,1.1813333333333333,3.9509499999999993,81,7.207333333333334,Tiện lợi – chọn bằng mô phỏng,grid_large
23,70.388,6.855833282282602,21.089666666666666,0.6055,1.179,3.9650999999999996,78,7.213,Tiện lợi – chọn bằng mô phỏng,grid_large
24,70.36,6.833554438784665,21.125666666666667,0.6040666666666666,1.173,3.94475,80,7.200333333333333,Tiện lợi – chọn bằng mô phỏng,grid_large
25,70.42933333333333,6.854225419574056,21.098666666666666,0.5991000000000001,1.1663333333333334,3.937616666666667,72,7.192,Tiện lợi – chọn bằng mô phỏng,grid_large
26,70.05466666666666,6.848475517357932,21.057666666666666,0.6109833333333333,1.181,3.9463,76,7.181666666666667,Tiện lợi – chọn bằng mô phỏng,grid_large
27,70.14333333333333,6.811234369458332,21.02166666666667,0.602,1.1673333333333333,3.9311666666666665,95,7.16,Tiện lợi – chọn bằng mô phỏng,grid_large
28,70.622,6.85595201857577,21.142666666666667,0.6158833333333333,1.1816666666666666,3.9984,88,7.293666666666667,Tiện lợi – chọn bằng mô phỏng,grid_large
29,70.33066666666667,6.818614168298974,21.111333333333334,0.6155166666666666,1.192,3.9752333333333336,68,7.230333333333333,Tiện lợi – chọn bằng mô phỏng,grid_large
0,69.628,6.764491015452122,20.751666666666665,0.6198666666666667,1.165,3.9494166666666666,81,7.155333333333333,Tiện lợi – tinh chỉnh,grid_large
1,69.52266666666667,6.787337187014869,20.783,0.6113666666666666,1.156,3.9343666666666666,91,7.153666666666667,Tiện lợi – tinh chỉnh,grid_large
2,69.05266666666667,6.711119164394471,20.565333333333335,0.6246666666666667,1.1716666666666666,3.8893166666666668,78,7.0456666666666665,Tiện lợi – tinh chỉnh,grid_large
3,69.79466666666667,6.772204853484137,20.725,0.62835,1.196,3.9565166666666665,77,7.174,Tiện lợi – tinh chỉnh,grid_large
4,69.964,6.827042538025377,20.837,0.6238666666666667,1.1633333333333333,3.9812833333333333,90,7.249,Tiện lợi – tinh chỉnh,grid_large
5,69.47933333333333,6.752085272767655,20.660333333333334,0.6151166666666666,1.16,3.9208,85,7.0906666666666665,Tiện lợi – tinh chỉnh,grid_large
6,69.88733333333333,6.793287112680007,20.850666666666665,0.6132166666666666,1.147,3.9641999999999995,78,7.223333333333334,Tiện lợi – tinh chỉnh,grid_large
7,69.97733333333333,6.832646920724425,20.962666666666667,0.6211833333333333,1.174,4.004616666666666,80,7.288333333333333,Tiện lợi – tinh chỉnh,grid_large
8,69.394,6.77173978281423,20.689333333333334,0.63415,1.1956666666666667,4.011883333333333,95,7.264666666666667,Tiện lợi – tinh chỉnh,grid_large
9,69.93466666666667,6.834683585775416,20.920666666666666,0.64045,1.2043333333333333,3.9943,84,7.231,Tiện lợi – tinh chỉnh,grid_large
10,69.52533333333334,6.763969021538019,20.699333333333332,0.5953999999999999,1.1253333333333333,3.9326666666666665,78,7.186333333333334,Tiện lợi – tinh chỉnh,grid_large
11,69.64266666666667,6.779153802039046,20.797333333333334,0.6085666666666666,1.162,3.9325500000000004,82,7.162,Tiện lợi – tinh chỉnh,grid_large
12,69.374,6.7579179489267265,20.649,0.625,1.185,3.9431,85,7.139666666666667,Tiện lợi – tinh chỉnh,grid_large
13,69.15333333333334,6.702170161891816,20.500666666666667,0.6235833333333334,1.171,3.8894,83,7.0456666666666665,Tiện lợi – tinh chỉnh,grid_large
14,70.11,6.856955993281801,20.959,0.63,1.1856666666666666,4.010400000000001,97,7.298666666666667,Tiện lợi – tinh chỉnh,grid_large
15,69.708,6.7893456996474235,20.806333333333335,0.6053166666666667,1.1413333333333333,3.9727166666666673,74,7.253,Tiện lợi – tinh chỉnh,grid_large
16,69.61466666666666,6.757374599977001,20.777666666666665,0.6206999999999999,1.1613333333333333,3.93215,92,7.153333333333333,Tiện lợi – tinh chỉnh,grid_large
17,70.27533333333334,6.860013624190409,20.925666666666668,0.6329333333333333,1.1903333333333332,4.024516666666666,68,7.322333333333333,Tiện lợi – tinh chỉnh,grid_large
18,69.62333333333333,6.792284233914254,20.759666666666668,0.61015,1.1496666666666666,3.951,73,7.193,Tiện lợi – tinh chỉnh,grid_large
19,69.38,6.765572871998564,20.716333333333335,0.6282333333333333,1.1706666666666667,3.9366999999999996,85,7.137666666666667,Tiện lợi – tinh chỉnh,grid_large
20,69.96266666666666,6.798465416340942,20.843333333333334,0.6298333333333334,1.182,3.9762333333333335,80,7.194,Tiện lợi – tinh chỉnh,grid_large
21,69.92066666666666,6.778773396139478,20.81,0.62405,1.17,3.9942666666666664,76,7.242333333333334,Tiện lợi – tinh chỉnh,grid_large
22,69.72333333333333,6.7640370455110155,20.77166666666667,0.6179333333333333,1.1593333333333333,3.9632166666666664,83,7.207333333333334,Tiện lợi – tinh chỉnh,grid_large
23,69.886,6.82854561885589,20.883,0.6410833333333333,1.1963333333333332,4.000683333333333,86,7.213,Tiện lợi – tinh chỉnh,grid_large
24,69.97066666666667,6.808921893788356,20.89,0.6179,1.1643333333333334,3.9585833333333333,75,7.200333333333333,Tiện lợi – tinh chỉnh,grid_large
25,69.994,6.810018763721171,20.809,0.6314833333333333,1.1933333333333334,3.97,83,7.192,Tiện lợi – tinh chỉnh,grid_large
26,69.54933333333334,6.767807132971556,20.779,0.6236499999999999,1.1853333333333333,3.958966666666667,74,7.181666666666667,Tiện lợi – tinh chỉnh,grid_large
27,69.674,6.784612637726228,20.817666666666668,0.6188,1.1656666666666666,3.9479666666666673,84,7.16,Tiện lợi – tinh chỉnh,grid_large
28,70.082,6.828079678170783,20.920666666666666,0.6101333333333334,1.1463333333333334,3.9926500000000003,85,7.293666666666667,Tiện lợi – tinh chỉnh,grid_large
29,69.93266666666666,6.795733730690174,20.836333333333332,0.6452833333333333,1.207,4.005,82,7.230333333333333,Tiện lợi – tinh chỉnh,grid_large
0,72.47333333333333,7.235309360454617,21.633333333333333,0.8442166666666665,1.4426666666666668,4.173766666666666,80,7.155333333333333,Cân bằng – theo mô hình,grid_large
1,72.364,7.280994709419953,21.588666666666665,0.8406,1.4406666666666668,4.1636,85,7.153666666666667,Cân bằng – theo mô hình,grid_large
2,71.84466666666667,7.174894304423561,21.407666666666668,0.8419333333333332,1.4436666666666667,4.106583333333333,74,7.0456666666666665,Cân bằng – theo mô hình,grid_large
3,72.71266666666666,7.263659364512899,21.601333333333333,0.8333666666666666,1.4306666666666668,4.161533333333334,82,7.174,Cân bằng – theo mô hình,grid_large
4,72.45533333333333,7.282463214371459,21.685333333333332,0.85535,1.4723333333333333,4.212766666666666,90,7.249,Cân bằng – theo mô hình,grid_large
5,72.14866666666667,7.205326614411696,21.45,0.8596499999999999,1.4723333333333333,4.165333333333334,75,7.0906666666666665,Cân bằng – theo mô hình,grid_large
6,72.798,7.2498608803880344,21.664,0.82775,1.417,4.178733333333334,94,7.223333333333334,Cân bằng – theo mô hình,grid_large
7,73.07,7.288382891492174,21.752666666666666,0.8489666666666665,1.449,4.232399999999999,84,7.288333333333333,Cân bằng – theo mô hình,grid_large
8,72.40866666666666,7.234323557952274,21.568666666666665,0.8191999999999999,1.4046666666666667,4.196933333333333,86,7.264666666666667,Cân bằng – theo mô hình,grid_large
9,72.6,7.28685558461273,21.577,0.84415,1.4496666666666667,4.198,85,7.231,Cân bằng – theo mô hình,grid_large
10,72.652,7.309009395390902,21.702,0.8583999999999999,1.4653333333333334,4.195666666666667,94,7.186333333333334,Cân bằng – theo mô hình,grid_large
11,72.22466666666666,7.197140068532677,21.481666666666666,0.8374666666666666,1.4346666666666668,4.161449999999999,86,7.162,Cân bằng – theo mô hình,grid_large
12,72.22133333333333,7.249939095063074,21.478666666666665,0.82735,1.4293333333333333,4.145449999999999,76,7.139666666666667,Cân bằng – theo mô hình,grid_large
13,71.772,7.1676411320813305,21.342666666666666,0.8185666666666666,1.4033333333333333,4.084383333333334,77,7.0456666666666665,Cân bằng – theo mô hình,grid_large
14,72.82,7.325222797687471,21.727,0.8475,1.4533333333333334,4.2279,79,7.298666666666667,Cân bằng – theo mô hình,grid_large
15,72.51466666666667,7.281588173680372,21.584333333333333,0.8430500000000001,1.4443333333333332,4.21045,87,7.253,Cân bằng – theo mô hình,grid_large
16,72.53466666666667,7.230340558477534,21.601333333333333,0.82275,1.4146666666666667,4.1342,78,7.153333333333333,Cân bằng – theo mô hình,grid_large
17,72.85666666666667,7.2865577468024885,21.653333333333332,0.8261666666666667,1.4213333333333333,4.21775,86,7.322333333333333,Cân bằng – theo mô hình,grid_large
18,72.57333333333334,7.2662759471126055,21.576,0.8326833333333334,1.431,4.173533333333333,83,7.193,Cân bằng – theo mô hình,grid_large
19,72.332,7.210965123578016,21.511,0.8433833333333334,1.4486666666666668,4.15185,98,7.137666666666667,Cân bằng – theo mô hình,grid_large
20,72.422,7.264866151798961,21.599,0.8513166666666666,1.4716666666666667,4.197716666666667,83,7.194,Cân bằng – theo mô hình,grid_large
21,72.918,7.270553995650972,21.676666666666666,0.8412166666666665,1.44,4.211433333333333,89,7.242333333333334,Cân bằng – theo mô hình,grid_large
22,72.40133333333333,7.25239639700914,21.519,0.8305499999999999,1.4163333333333334,4.175833333333333,89,7.207333333333334,Cân bằng – theo mô hình,grid_large
23,72.468,7.282290008273684,21.625,0.8382166666666668,1.4363333333333332,4.197816666666667,89,7.213,Cân bằng – theo mô hình,grid_large
24,72.43933333333334,7.216420699884089,21.556333333333335,0.8230333333333333,1.4116666666666666,4.163716666666667,89,7.200333333333333,Cân bằng – theo mô hình,grid_large
25,72.68066666666667,7.2934085769332,21.691,0.8664833333333333,1.4836666666666667,4.205,87,7.192,Cân bằng – theo mô hình,grid_large
26,72.572,7.252476999652416,21.633666666666667,0.8138333333333333,1.401,4.149150000000001,94,7.181666666666667,Cân bằng – theo mô hình,grid_large
27,72.15733333333333,7.261081498983539,21.533333333333335,0.8495,1.4416666666666667,4.1786666666666665,80,7.16,Cân bằng – theo mô hình,grid_large
28,72.72333333333333,7.266468984054758,21.706666666666667,0.8226333333333332,1.4093333333333333,4.205150000000001,84,7.293666666666667,Cân bằng – theo mô hình,grid_large
29,72.402,7.274600257130209,21.622333333333334,0.8405333333333335,1.4396666666666667,4.20025,85,7.230333333333333,Cân bằng – theo mô hình,grid_large
0,74.888,7.328378925765569,22.298666666666666,0.8869333333333332,1.4893333333333334,4.216483333333333,83,7.155333333333333,Cân bằng – chọn bằng mô phỏng,grid_large
1,74.93066666666667,7.30101471059547,22.176333333333332,0.8520499999999999,1.4353333333333333,4.17505,100,7.153666666666667,Cân bằng – chọn bằng mô phỏng,grid_large
2,74.528,7.259893053819717,22.037333333333333,0.8836333333333334,1.4836666666666667,4.1482833333333335,90,7.0456666666666665,Cân bằng – chọn bằng mô phỏng,grid_large
3,74.77333333333333,7.3173512265652185,22.137,0.8677999999999999,1.457,4.195966666666667,76,7.174,Cân bằng – chọn bằng mô phỏng,grid_large
4,75.168,7.333521026576035,22.272666666666666,0.8836666666666667,1.4833333333333334,4.241083333333333,99,7.249,Cân bằng – chọn bằng mô phỏng,grid_large
5,74.61,7.29691290088704,22.138,0.8892833333333333,1.4983333333333333,4.194966666666667,87,7.0906666666666665,Cân bằng – chọn bằng mô phỏng,grid_large
6,75.35266666666666,7.334598061567813,22.248,0.8889666666666666,1.4873333333333334,4.239949999999999,80,7.223333333333334,Cân bằng – chọn bằng mô phỏng,grid_large
7,75.73066666666666,7.400989019548402,22.49,0.8744166666666666,1.4736666666666667,4.2578499999999995,104,7.288333333333333,Cân bằng – chọn bằng mô phỏng,grid_large
8,75.03133333333334,7.313963138225573,22.168333333333333,0.8638,1.461,4.241533333333333,94,7.264666666666667,Cân bằng – chọn bằng mô phỏng,grid_large
9,75.098,7.360256925789698,22.252333333333333,0.8783833333333332,1.4833333333333334,4.232233333333333,91,7.231,Cân bằng – chọn bằng mô phỏng,grid_large
10,75.086,7.377481412449678,22.252666666666666,0.8725,1.4666666666666666,4.209766666666666,81,7.186333333333334,Cân bằng – chọn bằng mô phỏng,grid_large
11,74.79,7.306604826647908,22.124333333333333,0.8740833333333333,1.4686666666666666,4.198066666666667,90,7.162,Cân bằng – chọn bằng mô phỏng,grid_large
12,74.76133333333334,7.353258827444867,22.213,0.8947166666666665,1.509,4.212816666666666,91,7.139666666666667,Cân bằng – chọn bằng mô phỏng,grid_large
13,74.17866666666667,7.2317078004790405,21.910666666666668,0.8645333333333333,1.447,4.13035,96,7.0456666666666665,Cân bằng – chọn bằng mô phỏng,grid_large
14,75.446,7.39009389594661,22.388666666666666,0.9037,1.5223333333333333,4.2841,82,7.298666666666667,Cân bằng – chọn bằng mô phỏng,grid_large
15,75.11666666666666,7.329990846071538,22.21,0.8771833333333334,1.4766666666666666,4.244583333333333,93,7.253,Cân bằng – chọn bằng mô phỏng,grid_large
16,75.03266666666667,7.318534505458773,22.295,0.8865500000000001,1.4853333333333334,4.198,82,7.153333333333333,Cân bằng – chọn bằng mô phỏng,grid_large
17,75.34133333333334,7.406870886970741,22.470333333333333,0.8857333333333334,1.4883333333333333,4.277316666666667,76,7.322333333333333,Cân bằng – chọn bằng mô phỏng,grid_large
18,74.83333333333333,7.336538933252688,22.224333333333334,0.8885833333333333,1.4923333333333333,4.229433333333333,77,7.193,Cân bằng – chọn bằng mô phỏng,grid_large
19,74.90666666666667,7.31528854933457,22.200666666666667,0.8441666666666666,1.4206666666666667,4.152633333333333,90,7.137666666666667,Cân bằng – chọn bằng mô phỏng,grid_large
20,74.93866666666666,7.317399824563285,22.191,0.8790333333333333,1.4756666666666667,4.225433333333334,83,7.194,Cân bằng – chọn bằng mô phỏng,grid_large
21,75.49266666666666,7.3414363353411005,22.28933333333333,0.8639500000000001,1.442,4.234166666666667,99,7.242333333333334,Cân bằng – chọn bằng mô phỏng,grid_large
22,75.16733333333333,7.3645023924583946,22.287,0.868,1.455,4.213283333333333,94,7.207333333333334,Cân bằng – chọn bằng mô phỏng,grid_large
23,75.21933333333334,7.389400761510169,22.395333333333333,0.8949833333333332,1.4976666666666667,4.254583333333334,92,7.213,Cân bằng – chọn bằng mô phỏng,grid_large
24,75.07266666666666,7.333378800782239,22.299333333333333,0.86605,1.455,4.206733333333333,82,7.200333333333333,Cân bằng – chọn bằng mô phỏng,grid_large
25,75.206,7.342373946338541,22.300333333333334,0.8791666666666667,1.4733333333333334,4.2176833333333335,86,7.192,Cân bằng – chọn bằng mô phỏng,grid_large
26,74.93733333333333,7.331101738296158,22.202333333333332,0.8828666666666667,1.482,4.218183333333333,87,7.181666666666667,Cân bằng – chọn bằng mô phỏng,grid_large
27,74.76733333333334,7.318057971505238,22.189,0.8844166666666666,1.4723333333333333,4.213583333333333,86,7.16,Cân bằng – chọn bằng mô phỏng,grid_large
28,75.31133333333334,7.340257514908672,22.298,0.8505166666666667,1.4333333333333333,4.233033333333333,91,7.293666666666667,Cân bằng – chọn bằng mô phỏng,grid_large
29,75.08533333333334,7.304953060180195,22.146333333333335,0.8783500000000001,1.469,4.238066666666667,75,7.230333333333333,Cân bằng – chọn bằng mô phỏng,grid_large
0,81.88933333333334,8.221462223113864,24.472,1.10845,1.8596666666666666,4.438,100,7.155333333333333,Cân bằng – tinh chỉnh,grid_large
1,81.20533333333333,8.141768800336186,24.200666666666667,1.0783833333333335,1.807,4.401383333333333,95,7.153666666666667,Cân bằng – tinh chỉnh,grid_large
2,80.74466666666666,8.026459410370071,23.945,1.05335,1.7766666666666666,4.318,103,7.0456666666666665,Cân bằng – tinh chỉnh,grid_large
3,81.66066666666667,8.16324602155406,24.256333333333334,1.08755,1.8153333333333332,4.4157166666666665,97,7.174,Cân bằng – tinh chỉnh,grid_large
4,81.90733333333333,8.189200046297213,24.443,1.074,1.808,4.431416666666666,86,7.249,Cân bằng – tinh chỉnh,grid_large
5,81.00466666666667,8.105372605789167,24.17,1.1002,1.855,4.405883333333334,93,7.0906666666666665,Cân bằng – tinh chỉnh,grid_large
6,82.05133333333333,8.18065794879084,24.353,1.0706833333333334,1.8066666666666666,4.421666666666667,108,7.223333333333334,Cân bằng – tinh chỉnh,grid_large
7,82.16,8.219754631242019,24.501333333333335,1.0958833333333333,1.8326666666666667,4.479316666666667,99,7.288333333333333,Cân bằng – tinh chỉnh,grid_large
8,81.67533333333333,8.132924922202816,24.213333333333335,1.0552833333333334,1.7736666666666667,4.433016666666667,89,7.264666666666667,Cân bằng – tinh chỉnh,grid_large
9,81.82866666666666,8.239439705610232,24.445,1.0980166666666666,1.854,4.451866666666667,94,7.231,Cân bằng – tinh chỉnh,grid_large
10,81.964,8.220972443802376,24.438,1.0992,1.8486666666666667,4.436466666666667,100,7.186333333333334,Cân bằng – tinh chỉnh,grid_large
11,81.71133333333333,8.178686776625465,24.323666666666668,1.0904,1.8373333333333333,4.414383333333334,90,7.162,Cân bằng – tinh chỉnh,grid_large
12,81.402,8.20725028848582,24.305666666666667,1.1021,1.8506666666666667,4.4201999999999995,105,7.139666666666667,Cân bằng – tinh chỉnh,grid_large
13,80.76533333333333,8.02900061130059,23.954,1.0699833333333333,1.7993333333333332,4.335800000000001,97,7.0456666666666665,Cân bằng – tinh chỉnh,grid_large
14,82.26333333333334,8.252225085315493,24.514333333333333,1.0911333333333333,1.837,4.471533333333333,99,7.298666666666667,Cân bằng – tinh chỉnh,grid_large
15,81.89266666666667,8.214477704083443,24.363666666666667,1.0754666666666668,1.818,4.442866666666667,96,7.253,Cân bằng – tinh chỉnh,grid_large
16,81.90333333333334,8.18707447119125,24.495,1.0998666666666665,1.8456666666666666,4.411316666666666,90,7.153333333333333,Cân bằng – tinh chỉnh,grid_large
17,82.066,8.231983423893086,24.586,1.0919166666666666,1.8233333333333333,4.4835,104,7.322333333333333,Cân bằng – tinh chỉnh,grid_large
18,81.30066666666667,8.144054571768217,24.161,1.09945,1.8296666666666668,4.440300000000001,88,7.193,Cân bằng – tinh chỉnh,grid_large
19,81.41,8.105499322968305,24.152,1.0530166666666667,1.7746666666666666,4.361483333333333,100,7.137666666666667,Cân bằng – tinh chỉnh,grid_large
20,81.73,8.147053389073688,24.274,1.0716166666666667,1.8036666666666668,4.418016666666667,88,7.194,Cân bằng – tinh chỉnh,grid_large
21,82.332,8.2218773746103,24.496,1.0869333333333333,1.826,4.45715,97,7.242333333333334,Cân bằng – tinh chỉnh,grid_large
22,82.10666666666667,8.206571228770866,24.446,1.0929166666666668,1.8343333333333334,4.438199999999999,93,7.207333333333334,Cân bằng – tinh chỉnh,grid_large
23,81.992,8.26490946300421,24.553,1.0858833333333333,1.8186666666666667,4.445483333333334,121,7.213,Cân bằng – tinh chỉnh,grid_large
24,81.848,8.182791275706169,24.420666666666666,1.08075,1.8226666666666667,4.421433333333334,86,7.200333333333333,Cân bằng – tinh chỉnh,grid_large
25,81.816,8.20189144198654,24.331666666666667,1.103,1.8536666666666666,4.441516666666667,99,7.192,Cân bằng – tinh chỉnh,grid_large
26,81.82666666666667,8.182759609864354,24.359666666666666,1.0744166666666666,1.8003333333333333,4.409733333333333,89,7.181666666666667,Cân bằng – tinh chỉnh,grid_large
27,81.31733333333334,8.16750340030122,24.25733333333333,1.0864333333333331,1.821,4.4155999999999995,107,7.16,Cân bằng – tinh chỉnh,grid_large
28,82.082,8.21157222463655,24.463666666666665,1.0932,1.838,4.475716666666666,98,7.293666666666667,Cân bằng – tinh chỉnh,grid_large
29,81.90066666666667,8.16907793278783,24.323,1.09545,1.832,4.455166666666667,102,7.230333333333333,Cân bằng – tinh chỉnh,grid_large
0,91.89133333333334,8.657101893128395,27.376,1.0890499999999999,1.8643333333333334,4.4186,98,7.155333333333333,Giá trị – theo mô hình,grid_large
1,91.92533333333333,8.6544980756899,27.275,1.05445,1.8146666666666667,4.3774500000000005,115,7.153666666666667,Giá trị – theo mô hình,grid_large
2,91.49066666666667,8.564734131921252,27.02166666666667,1.0894666666666668,1.8673333333333333,4.354116666666666,96,7.0456666666666665,Giá trị – theo mô hình,grid_large
3,91.742,8.645961320072917,27.194333333333333,1.05275,1.8163333333333334,4.380916666666667,121,7.174,Giá trị – theo mô hình,grid_large
4,92.43933333333334,8.734064990720878,27.532666666666668,1.0783500000000001,1.859,4.435766666666667,100,7.249,Giá trị – theo mô hình,grid_large
5,91.91133333333333,8.693285453780343,27.345666666666666,1.1002833333333333,1.8773333333333333,4.405966666666666,97,7.0906666666666665,Giá trị – theo mô hình,grid_large
6,92.20866666666667,8.705266526851515,27.403333333333332,1.05825,1.8063333333333333,4.409233333333334,102,7.223333333333334,Giá trị – theo mô hình,grid_large
7,92.69333333333333,8.70961942019842,27.477666666666668,1.07495,1.8446666666666667,4.458383333333333,115,7.288333333333333,Giá trị – theo mô hình,grid_large
8,92.28733333333334,8.745755863552096,27.572333333333333,1.0772833333333334,1.8413333333333333,4.455016666666666,104,7.264666666666667,Giá trị – theo mô hình,grid_large
9,92.10933333333334,8.737870061768655,27.412,1.1078333333333332,1.8976666666666666,4.461683333333333,103,7.231,Giá trị – theo mô hình,grid_large
10,92.32066666666667,8.741303824008426,27.411666666666665,1.1042,1.885,4.441466666666666,118,7.186333333333334,Giá trị – theo mô hình,grid_large
11,92.11666666666666,8.690303703303037,27.32,1.0864833333333332,1.858,4.410466666666666,114,7.162,Giá trị – theo mô hình,grid_large
12,91.94666666666667,8.68418548835946,27.216,1.0758833333333333,1.8346666666666667,4.393983333333333,115,7.139666666666667,Giá trị – theo mô hình,grid_large
13,91.52933333333333,8.622186217684538,27.207666666666668,1.0820333333333334,1.856,4.347849999999999,119,7.0456666666666665,Giá trị – theo mô hình,grid_large
14,92.854,8.783505670969323,27.619,1.0789833333333332,1.8553333333333333,4.459383333333332,109,7.298666666666667,Giá trị – theo mô hình,grid_large
15,92.912,8.801355499806828,27.731333333333332,1.1014666666666666,1.8836666666666666,4.468866666666666,129,7.253,Giá trị – theo mô hình,grid_large
16,92.25533333333334,8.654884610525222,27.382,1.0874666666666666,1.859,4.398916666666667,101,7.153333333333333,Giá trị – theo mô hình,grid_large
17,92.946,8.765265643950238,27.648333333333333,1.0856666666666666,1.853,4.47725,103,7.322333333333333,Giá trị – theo mô hình,grid_large
18,92.15666666666667,8.731367452036066,27.479,1.1047,1.8926666666666667,4.445550000000001,114,7.193,Giá trị – theo mô hình,grid_large
19,92.12866666666666,8.68904841414689,27.321666666666665,1.0878833333333333,1.8763333333333334,4.39635,139,7.137666666666667,Giá trị – theo mô hình,grid_large
20,91.894,8.674894688403086,27.361666666666668,1.1051499999999999,1.8953333333333333,4.45155,107,7.194,Giá trị – theo mô hình,grid_large
21,92.41466666666666,8.7163058742741,27.589,1.0834499999999998,1.856,4.453666666666667,123,7.242333333333334,Giá trị – theo mô hình,grid_large
22,92.17066666666666,8.696159341713555,27.480666666666668,1.0739833333333333,1.844,4.419266666666666,110,7.207333333333334,Giá trị – theo mô hình,grid_large
23,92.756,8.802706022805324,27.609333333333332,1.0973666666666664,1.8853333333333333,4.456966666666666,125,7.213,Giá trị – theo mô hình,grid_large
24,92.21133333333333,8.691620458636608,27.463333333333335,1.0805666666666667,1.8493333333333333,4.42125,99,7.200333333333333,Giá trị – theo mô hình,grid_large
25,92.21933333333334,8.74167819413168,27.496,1.1004,1.876,4.438916666666667,98,7.192,Giá trị – theo mô hình,grid_large
26,92.174,8.725017714764574,27.461333333333332,1.0740833333333333,1.83,4.409400000000001,108,7.181666666666667,Giá trị – theo mô hình,grid_large
27,92.08333333333333,8.70658909504297,27.446,1.0932333333333333,1.8623333333333334,4.4224000000000006,110,7.16,Giá trị – theo mô hình,grid_large
28,92.624,8.756813744061025,27.557666666666666,1.08535,1.8546666666666667,4.467866666666667,114,7.293666666666667,Giá trị – theo mô hình,grid_large
29,92.48466666666667,8.724425960821936,27.483333333333334,1.0841833333333335,1.8593333333333333,4.4439,111,7.230333333333333,Giá trị – theo mô hình,grid_large
0,91.89133333333334,8.657101893128395,27.376,1.0890499999999999,1.8643333333333334,4.4186,98,7.155333333333333,Giá trị – chọn bằng mô phỏng,grid_large
1,91.92533333333333,8.6544980756899,27.275,1.05445,1.8146666666666667,4.3774500000000005,115,7.153666666666667,Giá trị – chọn bằng mô phỏng,grid_large
2,91.49066666666667,8.564734131921252,27.02166666666667,1.0894666666666668,1.8673333333333333,4.354116666666666,96,7.0456666666666665,Giá trị – chọn bằng mô phỏng,grid_large
3,91.742,8.645961320072917,27.194333333333333,1.05275,1.8163333333333334,4.380916666666667,121,7.174,Giá trị – chọn bằng mô phỏng,grid_large
4,92.43933333333334,8.734064990720878,27.532666666666668,1.0783500000000001,1.859,4.435766666666667,100,7.249,Giá trị – chọn bằng mô phỏng,grid_large
5,91.91133333333333,8.693285453780343,27.345666666666666,1.1002833333333333,1.8773333333333333,4.405966666666666,97,7.0906666666666665,Giá trị – chọn bằng mô phỏng,grid_large
6,92.20866666666667,8.705266526851515,27.403333333333332,1.05825,1.8063333333333333,4.409233333333334,102,7.223333333333334,Giá trị – chọn bằng mô phỏng,grid_large
7,92.69333333333333,8.70961942019842,27.477666666666668,1.07495,1.8446666666666667,4.458383333333333,115,7.288333333333333,Giá trị – chọn bằng mô phỏng,grid_large
8,92.28733333333334,8.745755863552096,27.572333333333333,1.0772833333333334,1.8413333333333333,4.455016666666666,104,7.264666666666667,Giá trị – chọn bằng mô phỏng,grid_large
9,92.10933333333334,8.737870061768655,27.412,1.1078333333333332,1.8976666666666666,4.461683333333333,103,7.231,Giá trị – chọn bằng mô phỏng,grid_large
10,92.32066666666667,8.741303824008426,27.411666666666665,1.1042,1.885,4.441466666666666,118,7.186333333333334,Giá trị – chọn bằng mô phỏng,grid_large
11,92.11666666666666,8.690303703303037,27.32,1.0864833333333332,1.858,4.410466666666666,114,7.162,Giá trị – chọn bằng mô phỏng,grid_large
12,91.94666666666667,8.68418548835946,27.216,1.0758833333333333,1.8346666666666667,4.393983333333333,115,7.139666666666667,Giá trị – chọn bằng mô phỏng,grid_large
13,91.52933333333333,8.622186217684538,27.207666666666668,1.0820333333333334,1.856,4.347849999999999,119,7.0456666666666665,Giá trị – chọn bằng mô phỏng,grid_large
14,92.854,8.783505670969323,27.619,1.0789833333333332,1.8553333333333333,4.459383333333332,109,7.298666666666667,Giá trị – chọn bằng mô phỏng,grid_large
15,92.912,8.801355499806828,27.731333333333332,1.1014666666666666,1.8836666666666666,4.468866666666666,129,7.253,Giá trị – chọn bằng mô phỏng,grid_large
16,92.25533333333334,8.654884610525222,27.382,1.0874666666666666,1.859,4.398916666666667,101,7.153333333333333,Giá trị – chọn bằng mô phỏng,grid_large
17,92.946,8.765265643950238,27.648333333333333,1.0856666666666666,1.853,4.47725,103,7.322333333333333,Giá trị – chọn bằng mô phỏng,grid_large
18,92.15666666666667,8.731367452036066,27.479,1.1047,1.8926666666666667,4.445550000000001,114,7.193,Giá trị – chọn bằng mô phỏng,grid_large
19,92.12866666666666,8.68904841414689,27.321666666666665,1.0878833333333333,1.8763333333333334,4.39635,139,7.137666666666667,Giá trị – chọn bằng mô phỏng,grid_large
20,91.894,8.674894688403086,27.361666666666668,1.1051499999999999,1.8953333333333333,4.45155,107,7.194,Giá trị – chọn bằng mô phỏng,grid_large
21,92.41466666666666,8.7163058742741,27.589,1.0834499999999998,1.856,4.453666666666667,123,7.242333333333334,Giá trị – chọn bằng mô phỏng,grid_large
22,92.17066666666666,8.696159341713555,27.480666666666668,1.0739833333333333,1.844,4.419266666666666,110,7.207333333333334,Giá trị – chọn bằng mô phỏng,grid_large
23,92.756,8.802706022805324,27.609333333333332,1.0973666666666664,1.8853333333333333,4.456966666666666,125,7.213,Giá trị – chọn bằng mô phỏng,grid_large
24,92.21133333333333,8.691620458636608,27.463333333333335,1.0805666666666667,1.8493333333333333,4.42125,99,7.200333333333333,Giá trị – chọn bằng mô phỏng,grid_large
25,92.21933333333334,8.74167819413168,27.496,1.1004,1.876,4.438916666666667,98,7.192,Giá trị – chọn bằng mô phỏng,grid_large
26,92.174,8.725017714764574,27.461333333333332,1.0740833333333333,1.83,4.409400000000001,108,7.181666666666667,Giá trị – chọn bằng mô phỏng,grid_large
27,92.08333333333333,8.70658909504297,27.446,1.0932333333333333,1.8623333333333334,4.4224000000000006,110,7.16,Giá trị – chọn bằng mô phỏng,grid_large
28,92.624,8.756813744061025,27.557666666666666,1.08535,1.8546666666666667,4.467866666666667,114,7.293666666666667,Giá trị – chọn bằng mô phỏng,grid_large
29,92.48466666666667,8.724425960821936,27.483333333333334,1.0841833333333335,1.8593333333333333,4.4439,111,7.230333333333333,Giá trị – chọn bằng mô phỏng,grid_large
0,94.46133333333333,9.296758139983107,28.43,1.32195,2.191,4.6515,116,7.155333333333333,Giá trị – tinh chỉnh,grid_large
1,94.194,9.211723656240784,28.101,1.2879999999999998,2.1413333333333333,4.611,135,7.153666666666667,Giá trị – tinh chỉnh,grid_large
2,93.78133333333334,9.132542711839397,27.969333333333335,1.2959833333333333,2.137,4.560633333333333,98,7.0456666666666665,Giá trị – tinh chỉnh,grid_large
3,94.07266666666666,9.243383864462526,28.170333333333332,1.3098833333333333,2.167,4.63805,127,7.174,Giá trị – tinh chỉnh,grid_large
4,94.824,9.30769530331967,28.427666666666667,1.2946666666666666,2.142,4.652083333333334,109,7.249,Giá trị – tinh chỉnh,grid_large
5,94.114,9.19980583692375,28.109333333333332,1.29765,2.1523333333333334,4.6033333333333335,111,7.0906666666666665,Giá trị – tinh chỉnh,grid_large
6,95.05866666666667,9.341171467552313,28.48966666666667,1.31745,2.187,4.668433333333333,118,7.223333333333334,Giá trị – tinh chỉnh,grid_large
7,94.954,9.282619982418032,28.359666666666666,1.3131000000000002,2.1686666666666667,4.696533333333333,150,7.288333333333333,Giá trị – tinh chỉnh,grid_large
8,94.74333333333334,9.282788577724151,28.377,1.3090666666666666,2.176,4.6868,130,7.264666666666667,Giá trị – tinh chỉnh,grid_large
9,94.628,9.321354443462253,28.345333333333333,1.32245,2.1846666666666668,4.6762999999999995,107,7.231,Giá trị – tinh chỉnh,grid_large
10,94.62266666666666,9.321459920621843,28.400333333333332,1.31715,2.18,4.654416666666667,115,7.186333333333334,Giá trị – tinh chỉnh,grid_large
11,94.632,9.24167007523033,28.236666666666668,1.2765833333333334,2.111666666666667,4.6005666666666665,133,7.162,Giá trị – tinh chỉnh,grid_large
12,94.142,9.286333263980008,28.226333333333333,1.2949166666666667,2.136,4.613016666666667,123,7.139666666666667,Giá trị – tinh chỉnh,grid_large
13,94.11933333333333,9.271428801558745,28.349666666666668,1.2930499999999998,2.1376666666666666,4.558866666666666,114,7.0456666666666665,Giá trị – tinh chỉnh,grid_large
14,95.202,9.388831925647068,28.654333333333334,1.3244666666666665,2.203333333333333,4.704866666666667,137,7.298666666666667,Giá trị – tinh chỉnh,grid_large
15,95.242,9.369366509567103,28.669666666666668,1.2992333333333332,2.1433333333333335,4.666633333333333,111,7.253,Giá trị – tinh chỉnh,grid_large
16,94.562,9.261729561386863,28.313666666666666,1.2941666666666667,2.1376666666666666,4.605616666666667,113,7.153333333333333,Giá trị – tinh chỉnh,grid_large
17,95.48266666666666,9.382329853359288,28.648333333333333,1.3358999999999999,2.1963333333333335,4.727483333333334,129,7.322333333333333,Giá trị – tinh chỉnh,grid_large
18,94.562,9.310347960567013,28.381666666666668,1.2992333333333335,2.158333333333333,4.640083333333333,105,7.193,Giá trị – tinh chỉnh,grid_large
19,94.57333333333334,9.274179696418651,28.363,1.3194666666666666,2.1903333333333332,4.627933333333333,114,7.137666666666667,Giá trị – tinh chỉnh,grid_large
20,94.20666666666666,9.241275742318692,28.194333333333333,1.2912,2.1486666666666667,4.6376,109,7.194,Giá trị – tinh chỉnh,grid_large
21,94.828,9.310230465276486,28.534,1.2898,2.1193333333333335,4.6600166666666665,110,7.242333333333334,Giá trị – tinh chỉnh,grid_large
22,94.56,9.280668198059654,28.313333333333333,1.2786999999999997,2.126333333333333,4.623983333333333,122,7.207333333333334,Giá trị – tinh chỉnh,grid_large
23,94.97066666666667,9.404804345454002,28.583666666666666,1.3020333333333334,2.1533333333333333,4.6616333333333335,106,7.213,Giá trị – tinh chỉnh,grid_large
24,94.56266666666667,9.273636984528581,28.448,1.3012333333333332,2.163666666666667,4.641916666666667,115,7.200333333333333,Giá trị – tinh chỉnh,grid_large
25,94.544,9.304151972402414,28.411333333333335,1.3016833333333333,2.1526666666666667,4.6402,133,7.192,Giá trị – tinh chỉnh,grid_large
26,94.79666666666667,9.321799629845852,28.352,1.3062,2.1626666666666665,4.641516666666666,107,7.181666666666667,Giá trị – tinh chỉnh,grid_large
27,94.43933333333334,9.274017064893073,28.312666666666665,1.3178333333333334,2.171,4.647,140,7.16,Giá trị – tinh chỉnh,grid_large
28,95.15666666666667,9.33463319471333,28.421666666666667,1.2795666666666665,2.124,4.662083333333333,149,7.293666666666667,Giá trị – tinh chỉnh,grid_large
29,95.05133333333333,9.345598835374131,28.515333333333334,1.3291333333333333,2.195333333333333,4.68885,130,7.230333333333333,Giá trị – tinh chỉnh,grid_large
0,94.658,8.640828755826345,27.353,0.844,1.4846666666666666,4.17355,137,7.155333333333333,Hiện trạng,racetrack_large
1,94.78533333333333,8.613024493895342,27.216666666666665,0.8570833333333333,1.5063333333333333,4.180083333333333,120,7.153666666666667,Hiện trạng,racetrack_large
2,93.98066666666666,8.5097450978971,26.935666666666666,0.8671666666666666,1.529,4.1318166666666665,120,7.0456666666666665,Hiện trạng,racetrack_large
3,94.71733333333333,8.613380333718654,27.205,0.8435166666666667,1.4963333333333333,4.171683333333333,129,7.174,Hiện trạng,racetrack_large
4,95.13266666666667,8.675937492609496,27.437666666666665,0.8752666666666667,1.532,4.232683333333333,113,7.249,Hiện trạng,racetrack_large
5,94.42866666666667,8.584479094850602,27.21066666666667,0.8666166666666668,1.5196666666666667,4.1723,117,7.0906666666666665,Hiện trạng,racetrack_large
6,94.898,8.637985958031374,27.348333333333333,0.84975,1.4936666666666667,4.200733333333334,117,7.223333333333334,Hiện trạng,racetrack_large
7,95.16266666666667,8.714858286960975,27.584666666666667,0.8682,1.5376666666666667,4.251633333333333,140,7.288333333333333,Hiện trạng,racetrack_large
8,95.07,8.673716688627865,27.381666666666668,0.8572833333333335,1.505,4.235016666666667,138,7.264666666666667,Hiện trạng,racetrack_large
9,95.49733333333333,8.778018718575407,27.567333333333334,0.8889166666666667,1.573,4.242766666666666,142,7.231,Hiện trạng,racetrack_large
10,95.38866666666667,8.728061235413682,27.550666666666668,0.8788666666666667,1.5383333333333333,4.2161333333333335,138,7.186333333333334,Hiện trạng,racetrack_large
11,94.66666666666667,8.639790865966475,27.284,0.8645833333333334,1.5173333333333334,4.1885666666666665,127,7.162,Hiện trạng,racetrack_large
12,94.476,8.614833021669453,27.121333333333332,0.84615,1.4903333333333333,4.16425,123,7.139666666666667,Hiện trạng,racetrack_large
13,94.066,8.579843673609139,27.132,0.8309166666666666,1.4593333333333334,4.096733333333333,128,7.0456666666666665,Hiện trạng,racetrack_large
14,95.28266666666667,8.742119263685252,27.602,0.8565666666666666,1.5096666666666667,4.2369666666666665,120,7.298666666666667,Hiện trạng,racetrack_large
15,94.93266666666666,8.67803094858128,27.341666666666665,0.8564333333333334,1.5063333333333333,4.223833333333333,128,7.253,Hiện trạng,racetrack_large
16,94.71466666666667,8.592261924067296,27.257666666666665,0.8289,1.452,4.14035,129,7.153333333333333,Hiện trạng,racetrack_large
17,95.43933333333334,8.736843164338667,27.659666666666666,0.86285,1.5163333333333333,4.254433333333333,128,7.322333333333333,Hiện trạng,racetrack_large
18,94.44666666666667,8.66502493178776,27.327333333333332,0.8651333333333332,1.517,4.205983333333333,116,7.193,Hiện trạng,racetrack_large
19,94.21,8.565963869470712,27.079333333333334,0.8389999999999999,1.477,4.147466666666667,124,7.137666666666667,Hiện trạng,racetrack_large
20,94.43533333333333,8.589237041460748,27.116333333333333,0.8686499999999999,1.5243333333333333,4.21505,120,7.194,Hiện trạng,racetrack_large
21,95.412,8.721629335103602,27.618666666666666,0.8555666666666668,1.5163333333333333,4.225783333333333,120,7.242333333333334,Hiện trạng,racetrack_large
22,94.79466666666667,8.65914981460506,27.338666666666665,0.8382666666666667,1.482,4.18355,131,7.207333333333334,Hiện trạng,racetrack_large
23,94.83533333333334,8.702528866560128,27.406333333333333,0.8771666666666667,1.5486666666666666,4.236766666666666,140,7.213,Hiện trạng,racetrack_large
24,94.65133333333333,8.582158407789747,27.279333333333334,0.8523333333333334,1.499,4.193016666666667,119,7.200333333333333,Hiện trạng,racetrack_large
25,94.83933333333333,8.67843778385819,27.437,0.8724166666666666,1.5326666666666666,4.210933333333333,119,7.192,Hiện trạng,racetrack_large
26,94.80933333333333,8.639187002560437,27.318666666666665,0.8546,1.5173333333333334,4.189916666666667,129,7.181666666666667,Hiện trạng,racetrack_large
27,94.81066666666666,8.653625308551293,27.371,0.8237166666666665,1.4606666666666666,4.1528833333333335,125,7.16,Hiện trạng,racetrack_large
28,95.46733333333333,8.710340053090544,27.591333333333335,0.8379333333333334,1.4796666666666667,4.2204500000000005,129,7.293666666666667,Hiện trạng,racetrack_large
29,94.81466666666667,8.674123630145308,27.419333333333334,0.8690499999999999,1.526,4.228766666666666,129,7.230333333333333,Hiện trạng,racetrack_large
0,73.12733333333334,7.74287049738706,25.468,0.72225,1.352,4.0518,99,7.155333333333333,Tiện lợi – theo mô hình,racetrack_large
1,73.378,7.817625722389264,25.613333333333333,0.7407333333333332,1.3783333333333334,4.063733333333333,97,7.153666666666667,Tiện lợi – theo mô hình,racetrack_large
2,73.234,7.721133086182131,25.411666666666665,0.7488333333333334,1.395,4.013483333333333,86,7.0456666666666665,Tiện lợi – theo mô hình,racetrack_large
3,73.04866666666666,7.775324103327083,25.418,0.7325,1.3686666666666667,4.060666666666667,92,7.174,Tiện lợi – theo mô hình,racetrack_large
4,73.394,7.780549364509211,25.595,0.7399500000000001,1.3793333333333333,4.097366666666666,100,7.249,Tiện lợi – theo mô hình,racetrack_large
5,73.03333333333333,7.736955442515043,25.409333333333333,0.7442333333333333,1.3883333333333334,4.049916666666666,92,7.0906666666666665,Tiện lợi – theo mô hình,racetrack_large
6,73.85066666666667,7.8197724308983645,25.673333333333332,0.7327166666666666,1.372,4.0837,78,7.223333333333334,Tiện lợi – theo mô hình,racetrack_large
7,73.59866666666667,7.8344850949172065,25.682,0.7298333333333333,1.3616666666666666,4.113266666666666,95,7.288333333333333,Tiện lợi – theo mô hình,racetrack_large
8,73.03066666666666,7.766419453460424,25.515333333333334,0.7141666666666666,1.343,4.0919,96,7.264666666666667,Tiện lợi – theo mô hình,racetrack_large
9,73.674,7.829812310250942,25.676,0.7644833333333333,1.43,4.118333333333333,94,7.231,Tiện lợi – theo mô hình,racetrack_large
10,73.53733333333334,7.83894243730713,25.676,0.73635,1.369,4.073616666666667,88,7.186333333333334,Tiện lợi – theo mô hình,racetrack_large
11,73.22266666666667,7.784122767137298,25.547,0.7511833333333334,1.398,4.075166666666667,90,7.162,Tiện lợi – theo mô hình,racetrack_large
12,72.906,7.754899726003297,25.38533333333333,0.7315666666666666,1.3643333333333334,4.049666666666667,109,7.139666666666667,Tiện lợi – theo mô hình,racetrack_large
13,73.04266666666666,7.719059329146315,25.416666666666668,0.7293333333333333,1.3663333333333334,3.99515,91,7.0456666666666665,Tiện lợi – theo mô hình,racetrack_large
14,73.79466666666667,7.86065470768651,25.725,0.73,1.374,4.1104,99,7.298666666666667,Tiện lợi – theo mô hình,racetrack_large
15,73.44133333333333,7.786491447794047,25.603,0.7259833333333333,1.3596666666666666,4.093383333333334,104,7.253,Tiện lợi – theo mô hình,racetrack_large
16,73.328,7.758602353960351,25.575666666666667,0.7309,1.355,4.042350000000001,95,7.153333333333333,Tiện lợi – theo mô hình,racetrack_large
17,73.76,7.824509400573838,25.692333333333334,0.7327,1.372,4.124283333333333,100,7.322333333333333,Tiện lợi – theo mô hình,racetrack_large
18,73.38666666666667,7.839648534137826,25.607,0.7403500000000001,1.3786666666666667,4.0812,87,7.193,Tiện lợi – theo mô hình,racetrack_large
19,73.14,7.758146111241188,25.471,0.7130500000000001,1.327,4.021516666666667,115,7.137666666666667,Tiện lợi – theo mô hình,racetrack_large
20,73.38866666666667,7.790430332163681,25.523333333333333,0.7381166666666666,1.3736666666666666,4.084516666666667,95,7.194,Tiện lợi – theo mô hình,racetrack_large
21,73.698,7.829910547084597,25.667666666666666,0.7457166666666667,1.392,4.115933333333333,107,7.242333333333334,Tiện lợi – theo mô hình,racetrack_large
22,73.234,7.795215713745156,25.547,0.7358500000000001,1.3726666666666667,4.081133333333333,94,7.207333333333334,Tiện lợi – theo mô hình,racetrack_large
23,73.63133333333333,7.8433251490072395,25.682333333333332,0.7503833333333334,1.3973333333333333,4.109983333333334,108,7.213,Tiện lợi – theo mô hình,racetrack_large
24,73.44266666666667,7.776874355530572,25.535,0.74385,1.3806666666666667,4.084533333333334,97,7.200333333333333,Tiện lợi – theo mô hình,racetrack_large
25,73.38333333333334,7.834810997276443,25.654333333333334,0.7541000000000001,1.4006666666666667,4.092616666666666,112,7.192,Tiện lợi – theo mô hình,racetrack_large
26,73.208,7.7615694945602,25.504333333333335,0.71275,1.3336666666666666,4.048066666666666,94,7.181666666666667,Tiện lợi – theo mô hình,racetrack_large
27,73.386,7.805112786825341,25.667666666666666,0.7210499999999999,1.338,4.050216666666667,100,7.16,Tiện lợi – theo mô hình,racetrack_large
28,73.80533333333334,7.85186502508757,25.761,0.7421166666666666,1.3786666666666667,4.124633333333334,95,7.293666666666667,Tiện lợi – theo mô hình,racetrack_large
29,73.858,7.853341184651011,25.767333333333333,0.7534666666666665,1.3923333333333334,4.113183333333333,101,7.230333333333333,Tiện lợi – theo mô hình,racetrack_large
0,73.12733333333334,7.74287049738706,25.468,0.72225,1.352,4.0518,99,7.155333333333333,Tiện lợi – chọn bằng mô phỏng,racetrack_large
1,73.378,7.817625722389264,25.613333333333333,0.7407333333333332,1.3783333333333334,4.063733333333333,97,7.153666666666667,Tiện lợi – chọn bằng mô phỏng,racetrack_large
2,73.234,7.721133086182131,25.411666666666665,0.7488333333333334,1.395,4.013483333333333,86,7.0456666666666665,Tiện lợi – chọn bằng mô phỏng,racetrack_large
3,73.04866666666666,7.775324103327083,25.418,0.7325,1.3686666666666667,4.060666666666667,92,7.174,Tiện lợi – chọn bằng mô phỏng,racetrack_large
4,73.394,7.780549364509211,25.595,0.7399500000000001,1.3793333333333333,4.097366666666666,100,7.249,Tiện lợi – chọn bằng mô phỏng,racetrack_large
5,73.03333333333333,7.736955442515043,25.409333333333333,0.7442333333333333,1.3883333333333334,4.049916666666666,92,7.0906666666666665,Tiện lợi – chọn bằng mô phỏng,racetrack_large
6,73.85066666666667,7.8197724308983645,25.673333333333332,0.7327166666666666,1.372,4.0837,78,7.223333333333334,Tiện lợi – chọn bằng mô phỏng,racetrack_large
7,73.59866666666667,7.8344850949172065,25.682,0.7298333333333333,1.3616666666666666,4.113266666666666,95,7.288333333333333,Tiện lợi – chọn bằng mô phỏng,racetrack_large
8,73.03066666666666,7.766419453460424,25.515333333333334,0.7141666666666666,1.343,4.0919,96,7.264666666666667,Tiện lợi – chọn bằng mô phỏng,racetrack_large
9,73.674,7.829812310250942,25.676,0.7644833333333333,1.43,4.118333333333333,94,7.231,Tiện lợi – chọn bằng mô phỏng,racetrack_large
10,73.53733333333334,7.83894243730713,25.676,0.73635,1.369,4.073616666666667,88,7.186333333333334,Tiện lợi – chọn bằng mô phỏng,racetrack_large
11,73.22266666666667,7.784122767137298,25.547,0.7511833333333334,1.398,4.075166666666667,90,7.162,Tiện lợi – chọn bằng mô phỏng,racetrack_large
12,72.906,7.754899726003297,25.38533333333333,0.7315666666666666,1.3643333333333334,4.049666666666667,109,7.139666666666667,Tiện lợi – chọn bằng mô phỏng,racetrack_large
13,73.04266666666666,7.719059329146315,25.416666666666668,0.7293333333333333,1.3663333333333334,3.99515,91,7.0456666666666665,Tiện lợi – chọn bằng mô phỏng,racetrack_large
14,73.79466666666667,7.86065470768651,25.725,0.73,1.374,4.1104,99,7.298666666666667,Tiện lợi – chọn bằng mô phỏng,racetrack_large
15,73.44133333333333,7.786491447794047,25.603,0.7259833333333333,1.3596666666666666,4.093383333333334,104,7.253,Tiện lợi – chọn bằng mô phỏng,racetrack_large
16,73.328,7.758602353960351,25.575666666666667,0.7309,1.355,4.042350000000001,95,7.153333333333333,Tiện lợi – chọn bằng mô phỏng,racetrack_large
17,73.76,7.824509400573838,25.692333333333334,0.7327,1.372,4.124283333333333,100,7.322333333333333,Tiện lợi – chọn bằng mô phỏng,racetrack_large
18,73.38666666666667,7.839648534137826,25.607,0.7403500000000001,1.3786666666666667,4.0812,87,7.193,Tiện lợi – chọn bằng mô phỏng,racetrack_large
19,73.14,7.758146111241188,25.471,0.7130500000000001,1.327,4.021516666666667,115,7.137666666666667,Tiện lợi – chọn bằng mô phỏng,racetrack_large
20,73.38866666666667,7.790430332163681,25.523333333333333,0.7381166666666666,1.3736666666666666,4.084516666666667,95,7.194,Tiện lợi – chọn bằng mô phỏng,racetrack_large
21,73.698,7.829910547084597,25.667666666666666,0.7457166666666667,1.392,4.115933333333333,107,7.242333333333334,Tiện lợi – chọn bằng mô phỏng,racetrack_large
22,73.234,7.795215713745156,25.547,0.7358500000000001,1.3726666666666667,4.081133333333333,94,7.207333333333334,Tiện lợi – chọn bằng mô phỏng,racetrack_large
23,73.63133333333333,7.8433251490072395,25.682333333333332,0.7503833333333334,1.3973333333333333,4.109983333333334,108,7.213,Tiện lợi – chọn bằng mô phỏng,racetrack_large
24,73.44266666666667,7.776874355530572,25.535,0.74385,1.3806666666666667,4.084533333333334,97,7.200333333333333,Tiện lợi – chọn bằng mô phỏng,racetrack_large
25,73.38333333333334,7.834810997276443,25.654333333333334,0.7541000000000001,1.4006666666666667,4.092616666666666,112,7.192,Tiện lợi – chọn bằng mô phỏng,racetrack_large
26,73.208,7.7615694945602,25.504333333333335,0.71275,1.3336666666666666,4.048066666666666,94,7.181666666666667,Tiện lợi – chọn bằng mô phỏng,racetrack_large
27,73.386,7.805112786825341,25.667666666666666,0.7210499999999999,1.338,4.050216666666667,100,7.16,Tiện lợi – chọn bằng mô phỏng,racetrack_large
28,73.80533333333334,7.85186502508757,25.761,0.7421166666666666,1.3786666666666667,4.124633333333334,95,7.293666666666667,Tiện lợi – chọn bằng mô phỏng,racetrack_large
29,73.858,7.853341184651011,25.767333333333333,0.7534666666666665,1.3923333333333334,4.113183333333333,101,7.230333333333333,Tiện lợi – chọn bằng mô phỏng,racetrack_large
0,73.01466666666667,7.77465079925231,25.417,0.7371000000000001,1.373,4.06665,91,7.155333333333333,Tiện lợi – tinh chỉnh,racetrack_large
1,73.30733333333333,7.825171854509139,25.529,0.7301166666666666,1.3653333333333333,4.053116666666667,111,7.153666666666667,Tiện lợi – tinh chỉnh,racetrack_large
2,73.05666666666667,7.737111527740366,25.33566666666667,0.74645,1.392,4.011100000000001,94,7.0456666666666665,Tiện lợi – tinh chỉnh,racetrack_large
3,72.95,7.779747790896653,25.322666666666667,0.7336333333333334,1.3586666666666667,4.0618,87,7.174,Tiện lợi – tinh chỉnh,racetrack_large
4,73.384,7.812237992221795,25.522,0.7407,1.3766666666666667,4.098116666666667,101,7.249,Tiện lợi – tinh chỉnh,racetrack_large
5,73.062,7.794159547165216,25.417,0.7474,1.3893333333333333,4.053083333333333,86,7.0906666666666665,Tiện lợi – tinh chỉnh,racetrack_large
6,73.66066666666667,7.859264187744015,25.595666666666666,0.7517833333333335,1.3956666666666666,4.102766666666667,97,7.223333333333334,Tiện lợi – tinh chỉnh,racetrack_large
7,73.59,7.8607471939205755,25.702666666666666,0.7327,1.3646666666666667,4.116133333333333,99,7.288333333333333,Tiện lợi – tinh chỉnh,racetrack_large
8,73.06133333333334,7.793304532989364,25.478,0.7205666666666666,1.347,4.0983,90,7.264666666666667,Tiện lợi – tinh chỉnh,racetrack_large
9,73.55933333333333,7.86774494774879,25.608666666666668,0.7499666666666666,1.3946666666666667,4.103816666666667,98,7.231,Tiện lợi – tinh chỉnh,racetrack_large
10,73.34333333333333,7.86234900158478,25.585,0.7647166666666667,1.4036666666666666,4.101983333333333,95,7.186333333333334,Tiện lợi – tinh chỉnh,racetrack_large
11,73.11066666666666,7.800054699646067,25.485,0.7401666666666666,1.3783333333333334,4.064150000000001,100,7.162,Tiện lợi – tinh chỉnh,racetrack_large
12,72.75466666666667,7.784233544690248,25.350666666666665,0.7376166666666666,1.3806666666666667,4.055716666666666,103,7.139666666666667,Tiện lợi – tinh chỉnh,racetrack_large
13,72.828,7.759090521413367,25.304333333333332,0.74415,1.3696666666666666,4.009966666666666,91,7.0456666666666665,Tiện lợi – tinh chỉnh,racetrack_large
14,73.63466666666666,7.8573216128865075,25.620666666666665,0.7455,1.3796666666666666,4.125900000000001,96,7.298666666666667,Tiện lợi – tinh chỉnh,racetrack_large
15,73.15,7.793389538439829,25.455333333333332,0.7323166666666666,1.3663333333333334,4.099716666666667,108,7.253,Tiện lợi – tinh chỉnh,racetrack_large
16,73.24333333333334,7.766852917298944,25.502666666666666,0.7302333333333334,1.353,4.041683333333333,92,7.153333333333333,Tiện lợi – tinh chỉnh,racetrack_large
17,73.59266666666667,7.8335952279922685,25.564,0.7231833333333334,1.3423333333333334,4.114766666666666,97,7.322333333333333,Tiện lợi – tinh chỉnh,racetrack_large
18,73.32866666666666,7.849483845423055,25.569,0.7460833333333333,1.3863333333333334,4.0869333333333335,87,7.193,Tiện lợi – tinh chỉnh,racetrack_large
19,73.11,7.789249693516425,25.398,0.74095,1.3793333333333333,4.049416666666667,101,7.137666666666667,Tiện lợi – tinh chỉnh,racetrack_large
20,73.33533333333334,7.812153016572927,25.508666666666667,0.7484,1.392,4.0948,97,7.194,Tiện lợi – tinh chỉnh,racetrack_large
21,73.66266666666667,7.860877410441585,25.632,0.7630999999999999,1.4033333333333333,4.1333166666666665,93,7.242333333333334,Tiện lợi – tinh chỉnh,racetrack_large
22,73.19133333333333,7.83317231796862,25.557,0.7454500000000002,1.391,4.0907333333333336,84,7.207333333333334,Tiện lợi – tinh chỉnh,racetrack_large
23,73.45133333333334,7.875691428164951,25.568666666666665,0.7472833333333333,1.3873333333333333,4.106883333333333,104,7.213,Tiện lợi – tinh chỉnh,racetrack_large
24,73.42333333333333,7.801261583740215,25.51033333333333,0.7315166666666667,1.3646666666666667,4.0722000000000005,105,7.200333333333333,Tiện lợi – tinh chỉnh,racetrack_large
25,73.382,7.855216823316863,25.621,0.7619166666666667,1.402,4.100433333333333,98,7.192,Tiện lợi – tinh chỉnh,racetrack_large
26,73.14266666666667,7.796660449116721,25.484333333333332,0.7578166666666666,1.409,4.093133333333333,91,7.181666666666667,Tiện lợi – tinh chỉnh,racetrack_large
27,73.14533333333334,7.822801530192514,25.580333333333332,0.7297166666666666,1.3503333333333334,4.058883333333334,104,7.16,Tiện lợi – tinh chỉnh,racetrack_large
28,73.582,7.857108407883002,25.64966666666667,0.7404,1.3743333333333334,4.122916666666667,93,7.293666666666667,Tiện lợi – tinh chỉnh,racetrack_large
29,73.73,7.874497461188405,25.703,0.7561000000000001,1.4,4.115816666666667,98,7.230333333333333,Tiện lợi – tinh chỉnh,racetrack_large
0,74.326,8.12766197273941,25.94633333333333,0.8272999999999999,1.475,4.1568499999999995,96,7.155333333333333,Cân bằng – theo mô hình,racetrack_large
1,74.414,8.151955470026847,25.913,0.8556,1.542,4.178599999999999,102,7.153666666666667,Cân bằng – theo mô hình,racetrack_large
2,74.286,8.115770279726728,25.918333333333333,0.86425,1.5606666666666666,4.1289,103,7.0456666666666665,Cân bằng – theo mô hình,racetrack_large
3,74.554,8.117855087605914,25.855333333333334,0.83875,1.5146666666666666,4.166916666666666,89,7.174,Cân bằng – theo mô hình,racetrack_large
4,74.664,8.147558503447552,25.939333333333334,0.8536499999999999,1.549,4.2110666666666665,92,7.249,Cân bằng – theo mô hình,racetrack_large
5,74.21466666666667,8.108318668439654,25.835,0.8388,1.519,4.1444833333333335,102,7.0906666666666665,Cân bằng – theo mô hình,racetrack_large
6,74.67466666666667,8.175644709975698,26.051,0.8650499999999999,1.5673333333333332,4.216033333333334,104,7.223333333333334,Cân bằng – theo mô hình,racetrack_large
7,75.16866666666667,8.222364950650515,26.19,0.8469333333333334,1.535,4.230366666666667,101,7.288333333333333,Cân bằng – theo mô hình,racetrack_large
8,74.40133333333333,8.155794836366612,26.002,0.8233166666666666,1.4893333333333334,4.2010499999999995,99,7.264666666666667,Cân bằng – theo mô hình,racetrack_large
9,74.87866666666666,8.210809824006013,26.083333333333332,0.8588333333333333,1.5513333333333332,4.212683333333333,96,7.231,Cân bằng – theo mô hình,racetrack_large
10,74.624,8.163208312179211,26.041,0.85535,1.5426666666666666,4.192616666666667,95,7.186333333333334,Cân bằng – theo mô hình,racetrack_large
11,74.73933333333333,8.231891459419957,26.1,0.8604833333333333,1.5506666666666666,4.184466666666667,116,7.162,Cân bằng – theo mô hình,racetrack_large
12,74.28066666666666,8.154703393982523,25.808333333333334,0.8423166666666666,1.528,4.160416666666666,113,7.139666666666667,Cân bằng – theo mô hình,racetrack_large
13,74.002,8.098878256517139,25.797666666666668,0.8432166666666665,1.5196666666666667,4.1090333333333335,94,7.0456666666666665,Cân bằng – theo mô hình,racetrack_large
14,75.312,8.266144716533587,26.260666666666665,0.8576666666666667,1.559,4.238066666666667,99,7.298666666666667,Cân bằng – theo mô hình,racetrack_large
15,74.71666666666667,8.171766852515864,26.017666666666667,0.8310833333333333,1.5066666666666666,4.198483333333333,99,7.253,Cân bằng – theo mô hình,racetrack_large
16,74.48933333333333,8.094090804424576,25.870333333333335,0.8269666666666665,1.4913333333333334,4.138416666666667,102,7.153333333333333,Cân bằng – theo mô hình,racetrack_large
17,75.078,8.207085019500303,26.169,0.8507000000000001,1.524,4.242283333333333,104,7.322333333333333,Cân bằng – theo mô hình,racetrack_large
18,74.65,8.170188622500039,25.959,0.8472833333333335,1.5406666666666666,4.188133333333333,103,7.193,Cân bằng – theo mô hình,racetrack_large
19,74.16133333333333,8.108340139074532,25.833666666666666,0.8239,1.4933333333333334,4.132366666666667,106,7.137666666666667,Cân bằng – theo mô hình,racetrack_large
20,74.55266666666667,8.131413316465148,25.923,0.84335,1.5183333333333333,4.18975,87,7.194,Cân bằng – theo mô hình,racetrack_large
21,74.95,8.208641434285603,26.117,0.8302999999999999,1.5,4.200516666666666,95,7.242333333333334,Cân bằng – theo mô hình,racetrack_large
22,74.78866666666667,8.170816377291235,26.047666666666668,0.8515999999999999,1.5346666666666666,4.196883333333333,114,7.207333333333334,Cân bằng – theo mô hình,racetrack_large
23,74.86533333333334,8.235809392521904,26.140333333333334,0.84915,1.5396666666666667,4.20875,100,7.213,Cân bằng – theo mô hình,racetrack_large
24,74.52733333333333,8.135457705902658,25.999,0.85235,1.538,4.193033333333333,96,7.200333333333333,Cân bằng – theo mô hình,racetrack_large
25,74.908,8.184962590798063,26.139666666666667,0.84215,1.5203333333333333,4.180666666666666,112,7.192,Cân bằng – theo mô hình,racetrack_large
26,74.42866666666667,8.159187386708542,25.994666666666667,0.8548166666666666,1.535,4.190133333333333,106,7.181666666666667,Cân bằng – theo mô hình,racetrack_large
27,74.51866666666666,8.157729685403355,26.015,0.8581166666666667,1.5433333333333332,4.187283333333333,100,7.16,Cân bằng – theo mô hình,racetrack_large
28,75.12933333333334,8.23019366364653,26.243666666666666,0.8616666666666667,1.558,4.244183333333334,106,7.293666666666667,Cân bằng – theo mô hình,racetrack_large
29,75.046,8.194168537949642,26.141333333333332,0.8561666666666666,1.5406666666666666,4.215883333333334,107,7.230333333333333,Cân bằng – theo mô hình,racetrack_large
0,84.258,9.034600953238105,28.105,1.0344666666666666,1.827,4.364016666666666,111,7.155333333333333,Cân bằng – chọn bằng mô phỏng,racetrack_large
1,84.13066666666667,9.025958439270532,28.173666666666666,1.0352,1.8473333333333333,4.358199999999999,96,7.153666666666667,Cân bằng – chọn bằng mô phỏng,racetrack_large
2,83.518,8.935645900179821,27.884,1.0429166666666667,1.855,4.307566666666667,98,7.0456666666666665,Cân bằng – chọn bằng mô phỏng,racetrack_large
3,84.18466666666667,9.036040849326218,28.10033333333333,1.0378500000000002,1.8463333333333334,4.366016666666666,109,7.174,Cân bằng – chọn bằng mô phỏng,racetrack_large
4,84.65733333333333,9.094239208871294,28.304666666666666,1.0530333333333333,1.854,4.410449999999999,93,7.249,Cân bằng – chọn bằng mô phỏng,racetrack_large
5,84.08066666666667,9.020985238547231,28.156333333333333,1.0574166666666667,1.8716666666666666,4.3631,117,7.0906666666666665,Cân bằng – chọn bằng mô phỏng,racetrack_large
6,84.46466666666667,9.06798399204172,28.294,1.0639833333333333,1.8876666666666666,4.4149666666666665,102,7.223333333333334,Cân bằng – chọn bằng mô phỏng,racetrack_large
7,84.642,9.136915870329675,28.446,1.0505333333333333,1.86,4.4339666666666675,114,7.288333333333333,Cân bằng – chọn bằng mô phỏng,racetrack_large
8,84.074,9.044269324368306,28.198666666666668,1.0092833333333333,1.7983333333333333,4.387016666666667,113,7.264666666666667,Cân bằng – chọn bằng mô phỏng,racetrack_large
9,84.294,9.117369732074124,28.311666666666667,1.0515166666666667,1.8646666666666667,4.405366666666666,109,7.231,Cân bằng – chọn bằng mô phỏng,racetrack_large
10,84.432,9.125110729271762,28.379333333333335,1.0354166666666667,1.8466666666666667,4.372683333333333,114,7.186333333333334,Cân bằng – chọn bằng mô phỏng,racetrack_large
11,84.15466666666667,9.044101289553163,28.249666666666666,1.0427333333333333,1.8526666666666667,4.366716666666666,111,7.162,Cân bằng – chọn bằng mô phỏng,racetrack_large
12,84.0,9.060136788792423,28.116666666666667,1.07105,1.9023333333333334,4.38915,109,7.139666666666667,Cân bằng – chọn bằng mô phỏng,racetrack_large
13,83.574,8.933642160855253,27.956666666666667,1.01825,1.8096666666666668,4.284066666666667,98,7.0456666666666665,Cân bằng – chọn bằng mô phỏng,racetrack_large
14,84.888,9.168966855702433,28.51,1.0415,1.8443333333333334,4.4219,98,7.298666666666667,Cân bằng – chọn bằng mô phỏng,racetrack_large
15,84.69133333333333,9.138172428094292,28.401333333333334,1.0376333333333332,1.8456666666666666,4.405033333333334,122,7.253,Cân bằng – chọn bằng mô phỏng,racetrack_large
16,84.32933333333334,9.01517680960521,28.272666666666666,1.0040333333333336,1.7963333333333333,4.315483333333334,101,7.153333333333333,Cân bằng – chọn bằng mô phỏng,racetrack_large
17,84.842,9.120587710754817,28.377666666666666,1.0310666666666666,1.846,4.42265,98,7.322333333333333,Cân bằng – chọn bằng mô phỏng,racetrack_large
18,84.30466666666666,9.113356277709766,28.315333333333335,1.0523,1.8713333333333333,4.3931499999999994,124,7.193,Cân bằng – chọn bằng mô phỏng,racetrack_large
19,83.77533333333334,9.012322234175917,28.2,1.0484499999999999,1.858,4.356916666666667,118,7.137666666666667,Cân bằng – chọn bằng mô phỏng,racetrack_large
20,84.16866666666667,9.03641577801781,28.196666666666665,1.03805,1.8466666666666667,4.384449999999999,111,7.194,Cân bằng – chọn bằng mô phỏng,racetrack_large
21,84.77133333333333,9.122212047805588,28.447,1.0466499999999999,1.8516666666666666,4.4168666666666665,122,7.242333333333334,Cân bằng – chọn bằng mô phỏng,racetrack_large
22,84.24533333333333,9.10543512440461,28.314333333333334,1.04025,1.8556666666666666,4.385533333333333,109,7.207333333333334,Cân bằng – chọn bằng mô phỏng,racetrack_large
23,84.75866666666667,9.170006775701705,28.465,1.0391000000000001,1.8386666666666667,4.3987,114,7.213,Cân bằng – chọn bằng mô phỏng,racetrack_large
24,84.36666666666666,9.047654540268804,28.23966666666667,1.0336166666666666,1.8313333333333333,4.3743,87,7.200333333333333,Cân bằng – chọn bằng mô phỏng,racetrack_large
25,84.74,9.061699673611034,28.258,1.0453333333333332,1.855,4.38385,106,7.192,Cân bằng – chọn bằng mô phỏng,racetrack_large
26,84.092,9.055106131107927,28.228,1.0312833333333333,1.8363333333333334,4.3666,101,7.181666666666667,Cân bằng – chọn bằng mô phỏng,racetrack_large
27,84.30133333333333,9.092746679438465,28.285333333333334,1.02745,1.8276666666666668,4.356616666666667,110,7.16,Cân bằng – chọn bằng mô phỏng,racetrack_large
28,84.78666666666666,9.07637417658405,28.455,1.0340166666666668,1.8353333333333333,4.416533333333333,110,7.293666666666667,Cân bằng – chọn bằng mô phỏng,racetrack_large
29,84.49733333333333,9.116765712286734,28.396,1.0460166666666666,1.8543333333333334,4.405733333333334,101,7.230333333333333,Cân bằng – chọn bằng mô phỏng,racetrack_large
0,88.228,9.63526659592799,29.098,1.2421666666666666,2.0923333333333334,4.571716666666666,114,7.155333333333333,Cân bằng – tinh chỉnh,racetrack_large
1,88.25266666666667,9.677519000663494,29.289,1.2730833333333333,2.138,4.5960833333333335,107,7.153666666666667,Cân bằng – tinh chỉnh,racetrack_large
2,87.882,9.55121154822049,28.826333333333334,1.28735,2.1653333333333333,4.552,99,7.0456666666666665,Cân bằng – tinh chỉnh,racetrack_large
3,88.29333333333334,9.655182380719175,29.16,1.2788833333333331,2.1506666666666665,4.60705,100,7.174,Cân bằng – tinh chỉnh,racetrack_large
4,88.99333333333334,9.702954057614992,29.392666666666667,1.2644333333333333,2.127,4.621849999999999,107,7.249,Cân bằng – tinh chỉnh,racetrack_large
5,88.292,9.665417276520348,29.194333333333333,1.2977,2.175,4.603383333333333,119,7.0906666666666665,Cân bằng – tinh chỉnh,racetrack_large
6,88.49333333333334,9.693538673112023,29.249666666666666,1.2621833333333334,2.1326666666666667,4.613166666666666,81,7.223333333333334,Cân bằng – tinh chỉnh,racetrack_large
7,89.04,9.74679963266796,29.481,1.2614333333333334,2.128,4.644866666666667,135,7.288333333333333,Cân bằng – tinh chỉnh,racetrack_large
8,88.47933333333333,9.709336828154417,29.295666666666666,1.2570999999999999,2.1176666666666666,4.634833333333333,109,7.264666666666667,Cân bằng – tinh chỉnh,racetrack_large
9,88.652,9.73807061259666,29.278333333333332,1.277,2.1453333333333333,4.63085,105,7.231,Cân bằng – tinh chỉnh,racetrack_large
10,88.71333333333334,9.712609586971164,29.312333333333335,1.2721333333333331,2.1486666666666667,4.6094,99,7.186333333333334,Cân bằng – tinh chỉnh,racetrack_large
11,88.53466666666667,9.655901989210586,29.246,1.2533833333333333,2.103,4.577366666666666,96,7.162,Cân bằng – tinh chỉnh,racetrack_large
12,87.92533333333333,9.651907408114642,29.026,1.2793333333333334,2.138,4.597433333333333,93,7.139666666666667,Cân bằng – tinh chỉnh,racetrack_large
13,87.83066666666667,9.561102669759226,28.89966666666667,1.2409333333333332,2.1,4.50675,110,7.0456666666666665,Cân bằng – tinh chỉnh,racetrack_large
14,89.378,9.799852519755648,29.575666666666667,1.2776,2.158,4.658,112,7.298666666666667,Cân bằng – tinh chỉnh,racetrack_large
15,89.026,9.73393602950476,29.478666666666665,1.2713833333333333,2.1393333333333335,4.638783333333333,103,7.253,Cân bằng – tinh chỉnh,racetrack_large
16,88.63,9.670794208681913,29.328,1.2626166666666667,2.133,4.574066666666667,108,7.153333333333333,Cân bằng – tinh chỉnh,racetrack_large
17,88.94866666666667,9.695018616418338,29.404333333333334,1.2571166666666667,2.1133333333333333,4.6487,111,7.322333333333333,Cân bằng – tinh chỉnh,racetrack_large
18,88.62466666666667,9.6979554848745,29.283,1.2959833333333333,2.1786666666666665,4.636833333333334,103,7.193,Cân bằng – tinh chỉnh,racetrack_large
19,88.25533333333334,9.646746878385759,29.24266666666667,1.2560166666666668,2.1166666666666667,4.5644833333333334,111,7.137666666666667,Cân bằng – tinh chỉnh,racetrack_large
20,88.46533333333333,9.673126151064848,29.216,1.2521166666666665,2.1163333333333334,4.598516666666667,98,7.194,Cân bằng – tinh chỉnh,racetrack_large
21,88.76666666666667,9.735079537536125,29.426666666666666,1.2738166666666666,2.1413333333333333,4.644033333333334,130,7.242333333333334,Cân bằng – tinh chỉnh,racetrack_large
22,88.606,9.680399121518732,29.266,1.2591333333333332,2.108,4.604416666666666,107,7.207333333333334,Cân bằng – tinh chỉnh,racetrack_large
23,88.92866666666667,9.764471767977426,29.387333333333334,1.2699833333333332,2.14,4.629583333333334,113,7.213,Cân bằng – tinh chỉnh,racetrack_large
24,88.746,9.662572450829844,29.281333333333333,1.2498833333333335,2.1016666666666666,4.590566666666667,106,7.200333333333333,Cân bằng – tinh chỉnh,racetrack_large
25,88.74,9.699202682161356,29.241666666666667,1.2619,2.126333333333333,4.600416666666667,124,7.192,Cân bằng – tinh chỉnh,racetrack_large
26,88.13866666666667,9.66241145532338,29.254333333333335,1.2678500000000001,2.142,4.603166666666667,120,7.181666666666667,Cân bằng – tinh chỉnh,racetrack_large
27,88.528,9.715814870385126,29.317666666666668,1.2780333333333334,2.1483333333333334,4.6072,112,7.16,Cân bằng – tinh chỉnh,racetrack_large
28,88.98266666666666,9.714260535638523,29.440333333333335,1.2463,2.1033333333333335,4.628816666666667,102,7.293666666666667,Cân bằng – tinh chỉnh,racetrack_large
29,88.596,9.685119275760707,29.320333333333334,1.2417,2.1026666666666665,4.601416666666666,99,7.230333333333333,Cân bằng – tinh chỉnh,racetrack_large
0,94.29533333333333,9.515811571209941,29.606333333333332,1.1272333333333333,1.9773333333333334,4.456783333333333,109,7.155333333333333,Giá trị – theo mô hình,racetrack_large
1,93.89333333333333,9.489445308710524,29.596,1.1270666666666667,1.966,4.450066666666667,132,7.153666666666667,Giá trị – theo mô hình,racetrack_large
2,93.10933333333334,9.413894805122379,29.249333333333333,1.1139166666666667,1.9646666666666666,4.378566666666667,109,7.0456666666666665,Giá trị – theo mô hình,racetrack_large
3,93.544,9.487931111159693,29.505,1.1148166666666666,1.962,4.442983333333333,108,7.174,Giá trị – theo mô hình,racetrack_large
4,94.46,9.560225835863458,29.782,1.1118833333333331,1.9406666666666668,4.4693,112,7.249,Giá trị – theo mô hình,racetrack_large
5,93.55866666666667,9.502964395605119,29.534,1.1352833333333332,1.9893333333333334,4.440966666666667,116,7.0906666666666665,Giá trị – theo mô hình,racetrack_large
6,94.21666666666667,9.542850469677598,29.676333333333332,1.1242833333333333,1.9866666666666666,4.475266666666666,113,7.223333333333334,Giá trị – theo mô hình,racetrack_large
7,94.332,9.56369167184676,29.804,1.1125999999999998,1.9603333333333333,4.496033333333333,122,7.288333333333333,Giá trị – theo mô hình,racetrack_large
8,94.038,9.554363520370442,29.774,1.1052166666666667,1.948,4.48295,120,7.264666666666667,Giá trị – theo mô hình,racetrack_large
9,94.21866666666666,9.606654404790351,29.722333333333335,1.1279,1.9813333333333334,4.48175,112,7.231,Giá trị – theo mô hình,racetrack_large
10,94.196,9.580290455899265,29.761333333333333,1.1528833333333335,2.007,4.49015,108,7.186333333333334,Giá trị – theo mô hình,racetrack_large
11,93.846,9.487435581905808,29.588333333333335,1.1070166666666668,1.957,4.431,112,7.162,Giá trị – theo mô hình,racetrack_large
12,93.212,9.487834251975801,29.458333333333332,1.1282833333333333,1.9743333333333333,4.446383333333333,116,7.139666666666667,Giá trị – theo mô hình,racetrack_large
13,93.18933333333334,9.405177411288879,29.301666666666666,1.0931,1.911,4.3589166666666666,120,7.0456666666666665,Giá trị – theo mô hình,racetrack_large
14,94.66533333333334,9.568774509880964,29.807333333333332,1.1368166666666666,1.9876666666666667,4.517216666666666,115,7.298666666666667,Giá trị – theo mô hình,racetrack_large
15,94.446,9.564945927324995,29.776333333333334,1.12325,1.9683333333333333,4.4906500000000005,114,7.253,Giá trị – theo mô hình,racetrack_large
16,94.074,9.481337366308844,29.579,1.0850666666666666,1.9083333333333334,4.396516666666667,124,7.153333333333333,Giá trị – theo mô hình,racetrack_large
17,94.92933333333333,9.62945517125523,30.13533333333333,1.1424500000000002,1.998,4.534033333333333,116,7.322333333333333,Giá trị – theo mô hình,racetrack_large
18,93.95,9.511016096028916,29.575,1.11525,1.9563333333333333,4.4561,117,7.193,Giá trị – theo mô hình,racetrack_large
19,93.22066666666667,9.426640352711807,29.379666666666665,1.1110833333333334,1.9443333333333332,4.41955,100,7.137666666666667,Giá trị – theo mô hình,racetrack_large
20,93.58333333333333,9.505288307487582,29.502333333333333,1.1145666666666667,1.9626666666666666,4.460966666666667,114,7.194,Giá trị – theo mô hình,racetrack_large
21,94.60266666666666,9.569138315678295,29.791333333333334,1.1214,1.9543333333333333,4.491616666666666,122,7.242333333333334,Giá trị – theo mô hình,racetrack_large
22,93.79733333333333,9.533649617071271,29.657666666666668,1.0998166666666667,1.945,4.4451,130,7.207333333333334,Giá trị – theo mô hình,racetrack_large
23,94.20466666666667,9.557948191113953,29.667,1.1219666666666668,1.9686666666666666,4.481566666666667,122,7.213,Giá trị – theo mô hình,racetrack_large
24,93.92333333333333,9.491636086146988,29.552,1.1279833333333333,1.974,4.468666666666667,120,7.200333333333333,Giá trị – theo mô hình,racetrack_large
25,93.90266666666666,9.510578852406013,29.524,1.1371999999999998,1.9926666666666666,4.475716666666666,116,7.192,Giá trị – theo mô hình,racetrack_large
26,93.75066666666666,9.481267261069899,29.479333333333333,1.1086666666666667,1.9603333333333333,4.443983333333334,106,7.181666666666667,Giá trị – theo mô hình,racetrack_large
27,93.98133333333334,9.471317595933964,29.493333333333332,1.1291,1.9763333333333333,4.458266666666667,123,7.16,Giá trị – theo mô hình,racetrack_large
28,94.586,9.569733515137608,29.769333333333332,1.1207166666666668,1.9696666666666667,4.503233333333333,127,7.293666666666667,Giá trị – theo mô hình,racetrack_large
29,94.392,9.537646194452021,29.723666666666666,1.0996166666666667,1.935,4.459333333333333,106,7.230333333333333,Giá trị – theo mô hình,racetrack_large
0,94.29533333333333,9.515811571209941,29.606333333333332,1.1272333333333333,1.9773333333333334,4.456783333333333,109,7.155333333333333,Giá trị – chọn bằng mô phỏng,racetrack_large
1,93.89333333333333,9.489445308710524,29.596,1.1270666666666667,1.966,4.450066666666667,132,7.153666666666667,Giá trị – chọn bằng mô phỏng,racetrack_large
2,93.10933333333334,9.413894805122379,29.249333333333333,1.1139166666666667,1.9646666666666666,4.378566666666667,109,7.0456666666666665,Giá trị – chọn bằng mô phỏng,racetrack_large
3,93.544,9.487931111159693,29.505,1.1148166666666666,1.962,4.442983333333333,108,7.174,Giá trị – chọn bằng mô phỏng,racetrack_large
4,94.46,9.560225835863458,29.782,1.1118833333333331,1.9406666666666668,4.4693,112,7.249,Giá trị – chọn bằng mô phỏng,racetrack_large
5,93.55866666666667,9.502964395605119,29.534,1.1352833333333332,1.9893333333333334,4.440966666666667,116,7.0906666666666665,Giá trị – chọn bằng mô phỏng,racetrack_large
6,94.21666666666667,9.542850469677598,29.676333333333332,1.1242833333333333,1.9866666666666666,4.475266666666666,113,7.223333333333334,Giá trị – chọn bằng mô phỏng,racetrack_large
7,94.332,9.56369167184676,29.804,1.1125999999999998,1.9603333333333333,4.496033333333333,122,7.288333333333333,Giá trị – chọn bằng mô phỏng,racetrack_large
8,94.038,9.554363520370442,29.774,1.1052166666666667,1.948,4.48295,120,7.264666666666667,Giá trị – chọn bằng mô phỏng,racetrack_large
9,94.21866666666666,9.606654404790351,29.722333333333335,1.1279,1.9813333333333334,4.48175,112,7.231,Giá trị – chọn bằng mô phỏng,racetrack_large
10,94.196,9.580290455899265,29.761333333333333,1.1528833333333335,2.007,4.49015,108,7.186333333333334,Giá trị – chọn bằng mô phỏng,racetrack_large
11,93.846,9.487435581905808,29.588333333333335,1.1070166666666668,1.957,4.431,112,7.162,Giá trị – chọn bằng mô phỏng,racetrack_large
12,93.212,9.487834251975801,29.458333333333332,1.1282833333333333,1.9743333333333333,4.446383333333333,116,7.139666666666667,Giá trị – chọn bằng mô phỏng,racetrack_large
13,93.18933333333334,9.405177411288879,29.301666666666666,1.0931,1.911,4.3589166666666666,120,7.0456666666666665,Giá trị – chọn bằng mô phỏng,racetrack_large
14,94.66533333333334,9.568774509880964,29.807333333333332,1.1368166666666666,1.9876666666666667,4.517216666666666,115,7.298666666666667,Giá trị – chọn bằng mô phỏng,racetrack_large
15,94.446,9.564945927324995,29.776333333333334,1.12325,1.9683333333333333,4.4906500000000005,114,7.253,Giá trị – chọn bằng mô phỏng,racetrack_large
16,94.074,9.481337366308844,29.579,1.0850666666666666,1.9083333333333334,4.396516666666667,124,7.153333333333333,Giá trị – chọn bằng mô phỏng,racetrack_large
17,94.92933333333333,9.62945517125523,30.13533333333333,1.1424500000000002,1.998,4.534033333333333,116,7.322333333333333,Giá trị – chọn bằng mô phỏng,racetrack_large
18,93.95,9.511016096028916,29.575,1.11525,1.9563333333333333,4.4561,117,7.193,Giá trị – chọn bằng mô phỏng,racetrack_large
19,93.22066666666667,9.426640352711807,29.379666666666665,1.1110833333333334,1.9443333333333332,4.41955,100,7.137666666666667,Giá trị – chọn bằng mô phỏng,racetrack_large
20,93.58333333333333,9.505288307487582,29.502333333333333,1.1145666666666667,1.9626666666666666,4.460966666666667,114,7.194,Giá trị – chọn bằng mô phỏng,racetrack_large
21,94.60266666666666,9.569138315678295,29.791333333333334,1.1214,1.9543333333333333,4.491616666666666,122,7.242333333333334,Giá trị – chọn bằng mô phỏng,racetrack_large
22,93.79733333333333,9.533649617071271,29.657666666666668,1.0998166666666667,1.945,4.4451,130,7.207333333333334,Giá trị – chọn bằng mô phỏng,racetrack_large
23,94.20466666666667,9.557948191113953,29.667,1.1219666666666668,1.9686666666666666,4.481566666666667,122,7.213,Giá trị – chọn bằng mô phỏng,racetrack_large
24,93.92333333333333,9.491636086146988,29.552,1.1279833333333333,1.974,4.468666666666667,120,7.200333333333333,Giá trị – chọn bằng mô phỏng,racetrack_large
25,93.90266666666666,9.510578852406013,29.524,1.1371999999999998,1.9926666666666666,4.475716666666666,116,7.192,Giá trị – chọn bằng mô phỏng,racetrack_large
26,93.75066666666666,9.481267261069899,29.479333333333333,1.1086666666666667,1.9603333333333333,4.443983333333334,106,7.181666666666667,Giá trị – chọn bằng mô phỏng,racetrack_large
27,93.98133333333334,9.471317595933964,29.493333333333332,1.1291,1.9763333333333333,4.458266666666667,123,7.16,Giá trị – chọn bằng mô phỏng,racetrack_large
28,94.586,9.569733515137608,29.769333333333332,1.1207166666666668,1.9696666666666667,4.503233333333333,127,7.293666666666667,Giá trị – chọn bằng mô phỏng,racetrack_large
29,94.392,9.537646194452021,29.723666666666666,1.0996166666666667,1.935,4.459333333333333,106,7.230333333333333,Giá trị – chọn bằng mô phỏng,racetrack_large
0,96.99,10.275307875628803,30.725666666666665,1.4049833333333335,2.325,4.734533333333333,109,7.155333333333333,Giá trị – tinh chỉnh,racetrack_large
1,97.196,10.264787929036054,30.707333333333334,1.3931333333333331,2.316333333333333,4.7161333333333335,120,7.153666666666667,Giá trị – tinh chỉnh,racetrack_large
2,96.41,10.167064989880242,30.434,1.4321166666666667,2.368333333333333,4.696766666666666,113,7.0456666666666665,Giá trị – tinh chỉnh,racetrack_large
3,96.97266666666667,10.316420136166064,30.714333333333332,1.4006333333333332,2.3216666666666668,4.728800000000001,113,7.174,Giá trị – tinh chỉnh,racetrack_large
4,97.262,10.344919044169156,30.856,1.3908833333333332,2.296666666666667,4.7483,106,7.249,Giá trị – tinh chỉnh,racetrack_large
5,96.288,10.210292190414606,30.581,1.41865,2.345,4.724333333333333,103,7.0906666666666665,Giá trị – tinh chỉnh,racetrack_large
6,97.338,10.323842676402892,30.949666666666666,1.4151833333333335,2.3506666666666667,4.766166666666667,118,7.223333333333334,Giá trị – tinh chỉnh,racetrack_large
7,97.70133333333334,10.356760539558337,31.126,1.40225,2.3296666666666668,4.785683333333333,126,7.288333333333333,Giá trị – tinh chỉnh,racetrack_large
8,97.46933333333334,10.381054169464283,31.022,1.4234,2.3646666666666665,4.8011333333333335,123,7.264666666666667,Giá trị – tinh chỉnh,racetrack_large
9,97.70133333333334,10.405108940740446,31.011,1.4256499999999999,2.3573333333333335,4.7795,115,7.231,Giá trị – tinh chỉnh,racetrack_large
10,97.446,10.385011998216601,30.874333333333333,1.4315499999999999,2.3713333333333333,4.768816666666667,123,7.186333333333334,Giá trị – tinh chỉnh,racetrack_large
11,97.108,10.274954980342933,30.764,1.4214000000000002,2.349,4.745383333333334,105,7.162,Giá trị – tinh chỉnh,racetrack_large
12,96.54133333333333,10.294997202305877,30.714333333333332,1.4031666666666667,2.3233333333333333,4.721266666666667,117,7.139666666666667,Giá trị – tinh chỉnh,racetrack_large
13,96.48933333333333,10.19392517367233,30.564333333333334,1.38925,2.299,4.6550666666666665,105,7.0456666666666665,Giá trị – tinh chỉnh,racetrack_large
14,98.04333333333334,10.42264483221334,31.13533333333333,1.4223666666666668,2.356333333333333,4.802766666666667,111,7.298666666666667,Giá trị – tinh chỉnh,racetrack_large
15,97.96466666666667,10.380978831370596,31.071666666666665,1.3894666666666666,2.31,4.756866666666666,101,7.253,Giá trị – tinh chỉnh,racetrack_large
16,97.20866666666667,10.2331363440112,30.751,1.3806166666666664,2.2733333333333334,4.692066666666667,111,7.153333333333333,Giá trị – tinh chỉnh,racetrack_large
17,98.04466666666667,10.416616754518017,31.167,1.4386666666666668,2.380333333333333,4.83025,112,7.322333333333333,Giá trị – tinh chỉnh,racetrack_large
18,97.23866666666666,10.33313945431948,30.833,1.4406333333333332,2.386,4.781483333333334,119,7.193,Giá trị – tinh chỉnh,racetrack_large
19,96.93333333333334,10.292565813897713,30.804333333333332,1.4101333333333332,2.344333333333333,4.7185999999999995,141,7.137666666666667,Giá trị – tinh chỉnh,racetrack_large
20,96.9,10.306147101272417,30.836,1.4263,2.364,4.7727,120,7.194,Giá trị – tinh chỉnh,racetrack_large
21,97.6,10.34863099910339,30.924333333333333,1.3701333333333332,2.2743333333333333,4.740349999999999,119,7.242333333333334,Giá trị – tinh chỉnh,racetrack_large
22,97.07133333333333,10.309709613739662,30.816333333333333,1.3962666666666663,2.308333333333333,4.74155,121,7.207333333333334,Giá trị – tinh chỉnh,racetrack_large
23,97.186,10.363650002892598,30.923666666666666,1.3973833333333332,2.325,4.756983333333333,126,7.213,Giá trị – tinh chỉnh,racetrack_large
24,97.466,10.296475405290927,30.746666666666666,1.4168333333333334,2.338,4.757516666666667,110,7.200333333333333,Giá trị – tinh chỉnh,racetrack_large
25,97.242,10.363669501843377,30.902333333333335,1.4297333333333335,2.361,4.76825,117,7.192,Giá trị – tinh chỉnh,racetrack_large
26,97.116,10.347449138811195,30.917666666666666,1.4039000000000001,2.328,4.739216666666667,108,7.181666666666667,Giá trị – tinh chỉnh,racetrack_large
27,97.33733333333333,10.338515754094452,30.875333333333334,1.4067833333333335,2.3216666666666668,4.73595,133,7.16,Giá trị – tinh chỉnh,racetrack_large
28,97.498,10.358695363444037,30.991666666666667,1.4069166666666666,2.338,4.789433333333333,112,7.293666666666667,Giá trị – tinh chỉnh,racetrack_large
29,97.32066666666667,10.287393224158066,30.887,1.3898666666666668,2.3053333333333335,4.749583333333334,118,7.230333333333333,Giá trị – tinh chỉnh,racetrack_large
0,115.284,8.72360716013065,25.504,0.8367333333333332,1.5103333333333333,4.166283333333333,84,7.155333333333333,Hiện trạng,free_large
1,115.23333333333333,8.680900266591358,25.250666666666667,0.8267666666666665,1.5033333333333334,4.149766666666667,109,7.153666666666667,Hiện trạng,free_large
2,114.66466666666666,8.589841373756583,25.119333333333334,0.8381,1.5306666666666666,4.10275,108,7.0456666666666665,Hiện trạng,free_large
3,114.93933333333334,8.671211987407252,25.111,0.8492333333333333,1.5406666666666666,4.1774,60,7.174,Hiện trạng,free_large
4,115.67933333333333,8.760361772060856,25.555666666666667,0.8409,1.5143333333333333,4.198316666666667,84,7.249,Hiện trạng,free_large
5,114.71866666666666,8.641586696142081,25.300666666666668,0.8435666666666666,1.5366666666666666,4.14925,92,7.0906666666666665,Hiện trạng,free_large
6,114.80733333333333,8.722795603332013,25.57,0.8446833333333333,1.5323333333333333,4.195666666666667,91,7.223333333333334,Hiện trạng,free_large
7,115.62333333333333,8.769658639005087,25.654666666666667,0.8385333333333334,1.5263333333333333,4.221966666666667,104,7.288333333333333,Hiện trạng,free_large
8,115.178,8.666331926321378,25.215,0.8396499999999999,1.5146666666666666,4.217383333333333,84,7.264666666666667,Hiện trạng,free_large
9,115.658,8.806202704996716,25.575666666666667,0.8513166666666666,1.5583333333333333,4.205166666666667,82,7.231,Hiện trạng,free_large
10,115.99066666666667,8.778766756018827,25.46066666666667,0.8588999999999999,1.5603333333333333,4.196166666666667,90,7.186333333333334,Hiện trạng,free_large
11,115.196,8.693505894042705,25.30366666666667,0.8490666666666666,1.5363333333333333,4.173050000000001,110,7.162,Hiện trạng,free_large
12,114.53133333333334,8.683694383455512,25.129333333333335,0.8330166666666667,1.5096666666666667,4.151116666666667,72,7.139666666666667,Hiện trạng,free_large
13,115.032,8.630671190731883,25.154,0.8424499999999999,1.521,4.108266666666666,94,7.0456666666666665,Hiện trạng,free_large
14,115.51533333333333,8.783879102619776,25.670666666666666,0.84325,1.5273333333333334,4.22365,82,7.298666666666667,Hiện trạng,free_large
15,115.60933333333334,8.717193783796418,25.322333333333333,0.83075,1.504,4.19815,97,7.253,Hiện trạng,free_large
16,115.16466666666666,8.679799096341174,25.357,0.8391166666666666,1.517,4.150566666666667,65,7.153333333333333,Hiện trạng,free_large
17,116.39466666666667,8.82497445935501,25.794666666666668,0.8487999999999999,1.531,4.240383333333333,94,7.322333333333333,Hiện trạng,free_large
18,115.612,8.73973755005921,25.469333333333335,0.8358500000000001,1.515,4.1767,73,7.193,Hiện trạng,free_large
19,115.106,8.666108787571396,25.238333333333333,0.848,1.5266666666666666,4.156466666666667,102,7.137666666666667,Hiện trạng,free_large
20,115.226,8.656423635761906,25.213666666666665,0.8308333333333333,1.5076666666666667,4.177233333333334,89,7.194,Hiện trạng,free_large
21,115.62666666666667,8.733482295770365,25.462333333333333,0.8342666666666667,1.5196666666666667,4.204483333333334,92,7.242333333333334,Hiện trạng,free_large
22,115.49066666666667,8.711176869289535,25.360666666666667,0.8486666666666667,1.5233333333333334,4.19395,84,7.207333333333334,Hiện trạng,free_large
23,115.61133333333333,8.810556130939588,25.732333333333333,0.8517166666666667,1.545,4.211316666666667,91,7.213,Hiện trạng,free_large
24,115.57266666666666,8.728954207210764,25.543333333333333,0.82835,1.5066666666666666,4.169033333333333,68,7.200333333333333,Hiện trạng,free_large
25,116.032,8.792278563307715,25.700333333333333,0.8541666666666666,1.5526666666666666,4.192683333333333,84,7.192,Hiện trạng,free_large
26,115.79,8.750842932062998,25.554333333333332,0.8400166666666667,1.5313333333333334,4.175333333333334,72,7.181666666666667,Hiện trạng,free_large
27,115.64866666666667,8.773243762318096,25.598,0.8421666666666666,1.5283333333333333,4.171333333333333,122,7.16,Hiện trạng,free_large
28,115.956,8.733262818380446,25.440666666666665,0.83575,1.5153333333333334,4.218266666666667,93,7.293666666666667,Hiện trạng,free_large
29,115.406,8.713951534897591,25.490333333333332,0.8459666666666666,1.539,4.205683333333333,76,7.230333333333333,Hiện trạng,free_large
0,98.18866666666666,7.774742853228216,23.44,0.7067666666666668,1.317,4.036316666666667,92,7.155333333333333,Tiện lợi – theo mô hình,free_large
1,98.52,7.796842685272951,23.457333333333334,0.6777666666666667,1.2776666666666667,4.000766666666666,84,7.153666666666667,Tiện lợi – theo mô hình,free_large
2,98.20466666666667,7.707948237372696,23.326666666666668,0.6821,1.2903333333333333,3.94675,74,7.0456666666666665,Tiện lợi – theo mô hình,free_large
3,98.75866666666667,7.8155471443449835,23.529,0.6872666666666667,1.287,4.015433333333333,70,7.174,Tiện lợi – theo mô hình,free_large
4,98.93533333333333,7.822372575159284,23.560666666666666,0.6791833333333334,1.2723333333333333,4.0366,85,7.249,Tiện lợi – theo mô hình,free_large
5,98.48666666666666,7.772725861685549,23.390666666666668,0.6906000000000001,1.3056666666666668,3.996283333333333,84,7.0906666666666665,Tiện lợi – theo mô hình,free_large
6,98.792,7.799148107096788,23.416666666666668,0.6828833333333334,1.2656666666666667,4.0338666666666665,87,7.223333333333334,Tiện lợi – theo mô hình,free_large
7,99.40466666666667,7.857003160020625,23.647666666666666,0.6761,1.2693333333333334,4.059533333333333,80,7.288333333333333,Tiện lợi – theo mô hình,free_large
8,98.18266666666666,7.791065966503602,23.467666666666666,0.65085,1.2266666666666666,4.028583333333334,85,7.264666666666667,Tiện lợi – theo mô hình,free_large
9,99.158,7.86462973144342,23.629,0.6759166666666667,1.268,4.029766666666666,88,7.231,Tiện lợi – theo mô hình,free_large
10,98.854,7.876019489742602,23.653333333333332,0.70325,1.3233333333333333,4.040516666666666,81,7.186333333333334,Tiện lợi – theo mô hình,free_large
11,98.776,7.828612915070499,23.611666666666668,0.6835166666666668,1.2966666666666666,4.0075,84,7.162,Tiện lợi – theo mô hình,free_large
12,98.318,7.830519051439805,23.412,0.6901166666666668,1.302,4.008216666666666,77,7.139666666666667,Tiện lợi – theo mô hình,free_large
13,98.41,7.7702298195026875,23.386666666666667,0.6727333333333334,1.261,3.9385499999999998,82,7.0456666666666665,Tiện lợi – theo mô hình,free_large
14,99.132,7.911135515019409,23.790666666666667,0.6860999999999999,1.3016666666666667,4.0665,93,7.298666666666667,Tiện lợi – theo mô hình,free_large
15,98.686,7.820972649438971,23.559,0.6687,1.2563333333333333,4.036099999999999,83,7.253,Tiện lợi – theo mô hình,free_large
16,98.54266666666666,7.750994069435392,23.456,0.6576166666666666,1.2383333333333333,3.9690666666666665,88,7.153333333333333,Tiện lợi – theo mô hình,free_large
17,99.12733333333334,7.869616065014173,23.692666666666668,0.6833333333333333,1.2746666666666666,4.074916666666667,82,7.322333333333333,Tiện lợi – theo mô hình,free_large
18,98.85733333333333,7.835420262176059,23.517,0.67365,1.279,4.0145,79,7.193,Tiện lợi – theo mô hình,free_large
19,98.32333333333334,7.768256698589294,23.39,0.6843999999999999,1.2863333333333333,3.992866666666667,72,7.137666666666667,Tiện lợi – theo mô hình,free_large
20,98.88266666666667,7.827626590469151,23.556,0.6937,1.3026666666666666,4.0401,73,7.194,Tiện lợi – theo mô hình,free_large
21,99.27866666666667,7.881255837696335,23.736,0.6806333333333333,1.2813333333333334,4.05085,80,7.242333333333334,Tiện lợi – theo mô hình,free_large
22,98.60133333333333,7.816525437631455,23.53933333333333,0.6757166666666666,1.2683333333333333,4.021,86,7.207333333333334,Tiện lợi – theo mô hình,free_large
23,99.29733333333333,7.906546556032478,23.808333333333334,0.6876666666666666,1.2923333333333333,4.047266666666666,92,7.213,Tiện lợi – theo mô hình,free_large
24,98.82733333333333,7.8434264809893355,23.609333333333332,0.6850999999999999,1.2933333333333332,4.025783333333333,76,7.200333333333333,Tiện lợi – theo mô hình,free_large
25,99.216,7.8286844043076105,23.517333333333333,0.6765,1.2823333333333333,4.015016666666666,85,7.192,Tiện lợi – theo mô hình,free_large
26,99.02866666666667,7.831985565928192,23.497,0.6794666666666667,1.278,4.014783333333333,90,7.181666666666667,Tiện lợi – theo mô hình,free_large
27,98.86,7.8610840556304105,23.699333333333332,0.6792333333333335,1.2803333333333333,4.0084,95,7.16,Tiện lợi – theo mô hình,free_large
28,99.44933333333333,7.881977793356961,23.792,0.6777333333333333,1.2766666666666666,4.06025,84,7.293666666666667,Tiện lợi – theo mô hình,free_large
29,99.20866666666667,7.904783644636589,23.707333333333334,0.6856166666666667,1.279,4.045333333333334,76,7.230333333333333,Tiện lợi – theo mô hình,free_large
0,98.18866666666666,7.774742853228216,23.44,0.7067666666666668,1.317,4.036316666666667,92,7.155333333333333,Tiện lợi – chọn bằng mô phỏng,free_large
1,98.52,7.796842685272951,23.457333333333334,0.6777666666666667,1.2776666666666667,4.000766666666666,84,7.153666666666667,Tiện lợi – chọn bằng mô phỏng,free_large
2,98.20466666666667,7.707948237372696,23.326666666666668,0.6821,1.2903333333333333,3.94675,74,7.0456666666666665,Tiện lợi – chọn bằng mô phỏng,free_large
3,98.75866666666667,7.8155471443449835,23.529,0.6872666666666667,1.287,4.015433333333333,70,7.174,Tiện lợi – chọn bằng mô phỏng,free_large
4,98.93533333333333,7.822372575159284,23.560666666666666,0.6791833333333334,1.2723333333333333,4.0366,85,7.249,Tiện lợi – chọn bằng mô phỏng,free_large
5,98.48666666666666,7.772725861685549,23.390666666666668,0.6906000000000001,1.3056666666666668,3.996283333333333,84,7.0906666666666665,Tiện lợi – chọn bằng mô phỏng,free_large
6,98.792,7.799148107096788,23.416666666666668,0.6828833333333334,1.2656666666666667,4.0338666666666665,87,7.223333333333334,Tiện lợi – chọn bằng mô phỏng,free_large
7,99.40466666666667,7.857003160020625,23.647666666666666,0.6761,1.2693333333333334,4.059533333333333,80,7.288333333333333,Tiện lợi – chọn bằng mô phỏng,free_large
8,98.18266666666666,7.791065966503602,23.467666666666666,0.65085,1.2266666666666666,4.028583333333334,85,7.264666666666667,Tiện lợi – chọn bằng mô phỏng,free_large
9,99.158,7.86462973144342,23.629,0.6759166666666667,1.268,4.029766666666666,88,7.231,Tiện lợi – chọn bằng mô phỏng,free_large
10,98.854,7.876019489742602,23.653333333333332,0.70325,1.3233333333333333,4.040516666666666,81,7.186333333333334,Tiện lợi – chọn bằng mô phỏng,free_large
11,98.776,7.828612915070499,23.611666666666668,0.6835166666666668,1.2966666666666666,4.0075,84,7.162,Tiện lợi – chọn bằng mô phỏng,free_large
12,98.318,7.830519051439805,23.412,0.6901166666666668,1.302,4.008216666666666,77,7.139666666666667,Tiện lợi – chọn bằng mô phỏng,free_large
13,98.41,7.7702298195026875,23.386666666666667,0.6727333333333334,1.261,3.9385499999999998,82,7.0456666666666665,Tiện lợi – chọn bằng mô phỏng,free_large
14,99.132,7.911135515019409,23.790666666666667,0.6860999999999999,1.3016666666666667,4.0665,93,7.298666666666667,Tiện lợi – chọn bằng mô phỏng,free_large
15,98.686,7.820972649438971,23.559,0.6687,1.2563333333333333,4.036099999999999,83,7.253,Tiện lợi – chọn bằng mô phỏng,free_large
16,98.54266666666666,7.750994069435392,23.456,0.6576166666666666,1.2383333333333333,3.9690666666666665,88,7.153333333333333,Tiện lợi – chọn bằng mô phỏng,free_large
17,99.12733333333334,7.869616065014173,23.692666666666668,0.6833333333333333,1.2746666666666666,4.074916666666667,82,7.322333333333333,Tiện lợi – chọn bằng mô phỏng,free_large
18,98.85733333333333,7.835420262176059,23.517,0.67365,1.279,4.0145,79,7.193,Tiện lợi – chọn bằng mô phỏng,free_large
19,98.32333333333334,7.768256698589294,23.39,0.6843999999999999,1.2863333333333333,3.992866666666667,72,7.137666666666667,Tiện lợi – chọn bằng mô phỏng,free_large
20,98.88266666666667,7.827626590469151,23.556,0.6937,1.3026666666666666,4.0401,73,7.194,Tiện lợi – chọn bằng mô phỏng,free_large
21,99.27866666666667,7.881255837696335,23.736,0.6806333333333333,1.2813333333333334,4.05085,80,7.242333333333334,Tiện lợi – chọn bằng mô phỏng,free_large
22,98.60133333333333,7.816525437631455,23.53933333333333,0.6757166666666666,1.2683333333333333,4.021,86,7.207333333333334,Tiện lợi – chọn bằng mô phỏng,free_large
23,99.29733333333333,7.906546556032478,23.808333333333334,0.6876666666666666,1.2923333333333333,4.047266666666666,92,7.213,Tiện lợi – chọn bằng mô phỏng,free_large
24,98.82733333333333,7.8434264809893355,23.609333333333332,0.6850999999999999,1.2933333333333332,4.025783333333333,76,7.200333333333333,Tiện lợi – chọn bằng mô phỏng,free_large
25,99.216,7.8286844043076105,23.517333333333333,0.6765,1.2823333333333333,4.015016666666666,85,7.192,Tiện lợi – chọn bằng mô phỏng,free_large
26,99.02866666666667,7.831985565928192,23.497,0.6794666666666667,1.278,4.014783333333333,90,7.181666666666667,Tiện lợi – chọn bằng mô phỏng,free_large
27,98.86,7.8610840556304105,23.699333333333332,0.6792333333333335,1.2803333333333333,4.0084,95,7.16,Tiện lợi – chọn bằng mô phỏng,free_large
28,99.44933333333333,7.881977793356961,23.792,0.6777333333333333,1.2766666666666666,4.06025,84,7.293666666666667,Tiện lợi – chọn bằng mô phỏng,free_large
29,99.20866666666667,7.904783644636589,23.707333333333334,0.6856166666666667,1.279,4.045333333333334,76,7.230333333333333,Tiện lợi – chọn bằng mô phỏng,free_large
0,97.62933333333334,7.741220797331475,23.27466666666667,0.6596833333333333,1.2603333333333333,3.9892333333333334,97,7.155333333333333,Tiện lợi – tinh chỉnh,free_large
1,98.03933333333333,7.766913788399628,23.302333333333333,0.6517833333333333,1.2473333333333334,3.974783333333333,74,7.153666666666667,Tiện lợi – tinh chỉnh,free_large
2,97.65666666666667,7.7022850307904145,23.223333333333333,0.6631499999999999,1.2693333333333334,3.9278,79,7.0456666666666665,Tiện lợi – tinh chỉnh,free_large
3,98.02533333333334,7.790469336512578,23.358666666666668,0.6531833333333334,1.246,3.98135,67,7.174,Tiện lợi – tinh chỉnh,free_large
4,98.35466666666666,7.8066198315692095,23.424,0.6895166666666668,1.3053333333333332,4.0469333333333335,72,7.249,Tiện lợi – tinh chỉnh,free_large
5,98.02066666666667,7.792558761773978,23.348666666666666,0.6700666666666666,1.2823333333333333,3.97575,95,7.0906666666666665,Tiện lợi – tinh chỉnh,free_large
6,98.41533333333334,7.780755187697501,23.331,0.6462666666666667,1.2396666666666667,3.99725,74,7.223333333333334,Tiện lợi – tinh chỉnh,free_large
7,98.66133333333333,7.818437562106553,23.527666666666665,0.6632333333333332,1.261,4.046666666666667,74,7.288333333333333,Tiện lợi – tinh chỉnh,free_large
8,97.57866666666666,7.74709294896129,23.298666666666666,0.63935,1.2296666666666667,4.017083333333333,77,7.264666666666667,Tiện lợi – tinh chỉnh,free_large
9,98.48133333333334,7.845599886368072,23.493333333333332,0.66415,1.272,4.018,82,7.231,Tiện lợi – tinh chỉnh,free_large
10,98.23066666666666,7.852844242489335,23.597666666666665,0.6707000000000001,1.2833333333333334,4.0079666666666665,82,7.186333333333334,Tiện lợi – tinh chỉnh,free_large
11,98.20666666666666,7.827193522332665,23.512333333333334,0.6582333333333333,1.263,3.982216666666666,89,7.162,Tiện lợi – tinh chỉnh,free_large
12,97.91733333333333,7.806820050151643,23.310333333333332,0.65075,1.2493333333333334,3.9688499999999998,76,7.139666666666667,Tiện lợi – tinh chỉnh,free_large
13,97.93733333333333,7.723673688811434,23.275666666666666,0.6628000000000001,1.2536666666666667,3.9286166666666666,80,7.0456666666666665,Tiện lợi – tinh chỉnh,free_large
14,98.44066666666667,7.880145574217832,23.623,0.6573,1.262,4.0377,79,7.298666666666667,Tiện lợi – tinh chỉnh,free_large
15,98.12466666666667,7.8096709613388215,23.443666666666665,0.6564,1.2653333333333334,4.0238,81,7.253,Tiện lợi – tinh chỉnh,free_large
16,98.10533333333333,7.720960850553047,23.266,0.6479833333333334,1.2326666666666666,3.959433333333333,74,7.153333333333333,Tiện lợi – tinh chỉnh,free_large
17,98.61866666666667,7.854414478048119,23.605333333333334,0.65105,1.248,4.042633333333333,80,7.322333333333333,Tiện lợi – tinh chỉnh,free_large
18,98.388,7.8168834476693085,23.423,0.6815833333333332,1.2936666666666667,4.022433333333333,79,7.193,Tiện lợi – tinh chỉnh,free_large
19,97.786,7.724559593939651,23.249333333333333,0.6469833333333334,1.2343333333333333,3.9554499999999995,82,7.137666666666667,Tiện lợi – tinh chỉnh,free_large
20,98.43933333333334,7.812524968907573,23.434666666666665,0.6978166666666666,1.329,4.044216666666666,77,7.194,Tiện lợi – tinh chỉnh,free_large
21,98.80533333333334,7.871652766057115,23.640666666666668,0.6719499999999999,1.279,4.042166666666667,80,7.242333333333334,Tiện lợi – tinh chỉnh,free_large
22,98.14,7.775001120287948,23.384666666666668,0.64045,1.222,3.9857333333333336,90,7.207333333333334,Tiện lợi – tinh chỉnh,free_large
23,98.716,7.8897039550879295,23.656666666666666,0.6751666666666667,1.2946666666666666,4.034766666666666,75,7.213,Tiện lợi – tinh chỉnh,free_large
24,98.29466666666667,7.837968425599999,23.532,0.6768666666666667,1.295,4.017550000000001,84,7.200333333333333,Tiện lợi – tinh chỉnh,free_large
25,98.53066666666666,7.832656917659773,23.441333333333333,0.67075,1.2826666666666666,4.009266666666666,80,7.192,Tiện lợi – tinh chỉnh,free_large
26,98.402,7.803816754830598,23.398666666666667,0.66225,1.2603333333333333,3.9975666666666663,82,7.181666666666667,Tiện lợi – tinh chỉnh,free_large
27,98.278,7.831694170294498,23.605333333333334,0.6751,1.2896666666666667,4.004266666666666,65,7.16,Tiện lợi – tinh chỉnh,free_large
28,98.89266666666667,7.882299904178962,23.748,0.6767333333333333,1.295,4.05925,72,7.293666666666667,Tiện lợi – tinh chỉnh,free_large
29,98.53,7.838991094517994,23.558,0.66655,1.269,4.026266666666666,71,7.230333333333333,Tiện lợi – tinh chỉnh,free_large
0,101.81266666666667,8.535284955574381,23.902333333333335,0.9881166666666666,1.6306666666666667,4.317666666666667,81,7.155333333333333,Cân bằng – theo mô hình,free_large
1,102.08666666666667,8.519065112247471,23.851,0.9957999999999999,1.65,4.3187999999999995,83,7.153666666666667,Cân bằng – theo mô hình,free_large
2,101.76,8.462353284093044,23.77166666666667,1.0158833333333332,1.683,4.2805333333333335,66,7.0456666666666665,Cân bằng – theo mô hình,free_large
3,102.534,8.5384742436783,23.814333333333334,0.9955,1.6406666666666667,4.323666666666667,71,7.174,Cân bằng – theo mô hình,free_large
4,102.776,8.604063175739785,24.119333333333334,1.0048833333333334,1.6636666666666666,4.3623,66,7.249,Cân bằng – theo mô hình,free_large
5,102.12266666666666,8.519354747842264,23.755333333333333,1.0168166666666667,1.675,4.3225,84,7.0906666666666665,Cân bằng – theo mô hình,free_large
6,102.58066666666667,8.5810455802173,23.998666666666665,1.0033833333333333,1.663,4.3543666666666665,75,7.223333333333334,Cân bằng – theo mô hình,free_large
7,103.38933333333334,8.635101408828106,24.19333333333333,1.0127333333333333,1.6683333333333332,4.396166666666667,77,7.288333333333333,Cân bằng – theo mô hình,free_large
8,101.90933333333334,8.531478350564942,23.852666666666668,0.9838500000000001,1.6293333333333333,4.361583333333333,69,7.264666666666667,Cân bằng – theo mô hình,free_large
9,102.422,8.584651909101572,23.99266666666667,0.9971000000000001,1.6563333333333334,4.350949999999999,75,7.231,Cân bằng – theo mô hình,free_large
10,102.65066666666667,8.628506233673617,24.108,1.00845,1.669,4.345716666666666,78,7.186333333333334,Cân bằng – theo mô hình,free_large
11,102.39733333333334,8.539257073463977,23.940333333333335,1.0032999999999999,1.6673333333333333,4.327283333333333,74,7.162,Cân bằng – theo mô hình,free_large
12,102.17266666666667,8.583399183147922,23.852333333333334,1.0289166666666667,1.6896666666666667,4.347016666666667,74,7.139666666666667,Cân bằng – theo mô hình,free_large
13,101.68933333333334,8.523686913322653,23.833333333333332,0.9922499999999999,1.6473333333333333,4.258066666666667,85,7.0456666666666665,Cân bằng – theo mô hình,free_large
14,102.86333333333333,8.661220601986031,24.205333333333332,1.0138833333333332,1.674,4.394283333333333,72,7.298666666666667,Cân bằng – theo mô hình,free_large
15,101.786,8.578418106581823,24.005333333333333,1.0054500000000002,1.6576666666666666,4.37285,82,7.253,Cân bằng – theo mô hình,free_large
16,102.44266666666667,8.549223581902671,24.035666666666668,1.0006000000000002,1.653,4.31205,73,7.153333333333333,Cân bằng – theo mô hình,free_large
17,102.99466666666666,8.648101346867946,24.212,1.0030999999999999,1.6486666666666667,4.394683333333333,81,7.322333333333333,Cân bằng – theo mô hình,free_large
18,102.49733333333333,8.59433041397739,24.071,1.01445,1.6713333333333333,4.3553,75,7.193,Cân bằng – theo mô hình,free_large
19,102.07933333333334,8.537043705298546,23.900333333333332,1.0034666666666667,1.661,4.311933333333333,71,7.137666666666667,Cân bằng – theo mô hình,free_large
20,102.09266666666667,8.509392856275124,23.808,0.97925,1.6233333333333333,4.3256499999999996,73,7.194,Cân bằng – theo mô hình,free_large
21,103.106,8.620918553412077,24.159333333333333,1.0080166666666666,1.6723333333333332,4.378233333333333,89,7.242333333333334,Cân bằng – theo mô hình,free_large
22,102.91466666666666,8.61685138682026,24.153666666666666,0.98715,1.6353333333333333,4.332433333333333,76,7.207333333333334,Cân bằng – theo mô hình,free_large
23,102.95866666666667,8.638885923847132,24.102333333333334,1.0177,1.688,4.3773,73,7.213,Cân bằng – theo mô hình,free_large
24,102.092,8.514151511867665,23.875,0.9682166666666667,1.6126666666666667,4.3089,64,7.200333333333333,Cân bằng – theo mô hình,free_large
25,102.41,8.603284389577814,24.043333333333333,1.0185666666666666,1.681,4.357083333333334,81,7.192,Cân bằng – theo mô hình,free_large
26,102.58133333333333,8.577860336015483,23.943,1.0014333333333332,1.6573333333333333,4.33675,85,7.181666666666667,Cân bằng – theo mô hình,free_large
27,102.06866666666667,8.558423282209564,23.94,1.009283333333333,1.6673333333333333,4.33845,96,7.16,Cân bằng – theo mô hình,free_large
28,102.94933333333333,8.666519398911886,24.307666666666666,0.99985,1.6503333333333334,4.382366666666667,86,7.293666666666667,Cân bằng – theo mô hình,free_large
29,102.402,8.585214613822245,24.019,1.000533333333333,1.659,4.36025,88,7.230333333333333,Cân bằng – theo mô hình,free_large
0,111.844,9.265760703064196,25.790666666666667,1.2062333333333333,1.908,4.535783333333333,73,7.155333333333333,Cân bằng – chọn bằng mô phỏng,free_large
1,111.42533333333333,9.271630305748198,25.743333333333332,1.1772833333333332,1.86,4.500283333333333,85,7.153666666666667,Cân bằng – chọn bằng mô phỏng,free_large
2,110.96266666666666,9.159389122200905,25.578333333333333,1.1768166666666666,1.867,4.441466666666667,82,7.0456666666666665,Cân bằng – chọn bằng mô phỏng,free_large
3,111.628,9.289414485967566,25.839666666666666,1.1676,1.8443333333333334,4.4957666666666665,86,7.174,Cân bằng – chọn bằng mô phỏng,free_large
4,112.39866666666667,9.384734447376776,26.025333333333332,1.2501166666666665,1.966,4.6075333333333335,82,7.249,Cân bằng – chọn bằng mô phỏng,free_large
5,111.146,9.20626506529639,25.613,1.1869333333333332,1.878,4.492616666666666,80,7.0906666666666665,Cân bằng – chọn bằng mô phỏng,free_large
6,111.854,9.302671929820454,25.895666666666667,1.2132166666666666,1.9126666666666667,4.5642000000000005,74,7.223333333333334,Cân bằng – chọn bằng mô phỏng,free_large
7,111.76466666666667,9.267818324512403,25.807,1.1575499999999999,1.8283333333333334,4.540983333333333,81,7.288333333333333,Cân bằng – chọn bằng mô phỏng,free_large
8,111.73066666666666,9.29847600775741,25.866,1.2146333333333335,1.9086666666666667,4.592366666666666,98,7.264666666666667,Cân bằng – chọn bằng mô phỏng,free_large
9,111.70333333333333,9.321892605232671,25.822,1.21885,1.9323333333333332,4.572699999999999,98,7.231,Cân bằng – chọn bằng mô phỏng,free_large
10,112.246,9.312809287762704,25.893333333333334,1.2008333333333334,1.8966666666666667,4.5381,89,7.186333333333334,Cân bằng – chọn bằng mô phỏng,free_large
11,111.40466666666667,9.278111024302033,25.834666666666667,1.1883833333333331,1.887,4.512366666666667,104,7.162,Cân bằng – chọn bằng mô phỏng,free_large
12,110.98266666666666,9.278506296367478,25.74266666666667,1.2062666666666668,1.9,4.524366666666666,75,7.139666666666667,Cân bằng – chọn bằng mô phỏng,free_large
13,110.67333333333333,9.211213507847894,25.722,1.1622333333333332,1.831,4.42805,72,7.0456666666666665,Cân bằng – chọn bằng mô phỏng,free_large
14,112.25666666666666,9.399050157052235,26.125333333333334,1.218,1.9143333333333334,4.5984,83,7.298666666666667,Cân bằng – chọn bằng mô phỏng,free_large
15,111.17066666666666,9.246561301549425,25.737333333333332,1.1816,1.8553333333333333,4.549,97,7.253,Cân bằng – chọn bằng mô phỏng,free_large
16,111.562,9.241012916506127,25.815333333333335,1.17475,1.8563333333333334,4.4862,89,7.153333333333333,Cân bằng – chọn bằng mô phỏng,free_large
17,112.48933333333333,9.37015875703465,26.224333333333334,1.1995333333333333,1.893,4.591116666666666,85,7.322333333333333,Cân bằng – chọn bằng mô phỏng,free_large
18,111.90133333333333,9.344505664747834,26.0,1.2042333333333333,1.904,4.545083333333333,86,7.193,Cân bằng – chọn bằng mô phỏng,free_large
19,110.89333333333333,9.23353710361555,25.663,1.1860666666666666,1.8723333333333334,4.494533333333333,87,7.137666666666667,Cân bằng – chọn bằng mô phỏng,free_large
20,112.19266666666667,9.317947084515566,25.944333333333333,1.2155666666666667,1.9166666666666667,4.561966666666666,72,7.194,Cân bằng – chọn bằng mô phỏng,free_large
21,112.48066666666666,9.3504635657124,26.064333333333334,1.2008999999999999,1.8983333333333334,4.571116666666666,94,7.242333333333334,Cân bằng – chọn bằng mô phỏng,free_large
22,111.94333333333333,9.293968717578608,25.904666666666667,1.16695,1.8466666666666667,4.512233333333333,70,7.207333333333334,Cân bằng – chọn bằng mô phỏng,free_large
23,111.89666666666666,9.328785242839139,25.939,1.1875,1.885,4.5470999999999995,74,7.213,Cân bằng – chọn bằng mô phỏng,free_large
24,111.78866666666667,9.328943420977437,26.083333333333332,1.2099833333333332,1.9093333333333333,4.550666666666666,76,7.200333333333333,Cân bằng – chọn bằng mô phỏng,free_large
25,112.55333333333333,9.334926797519884,25.915666666666667,1.2240666666666666,1.9263333333333332,4.562583333333333,99,7.192,Cân bằng – chọn bằng mô phỏng,free_large
26,111.63733333333333,9.303927869271213,25.854666666666667,1.2145166666666667,1.9183333333333332,4.549833333333333,76,7.181666666666667,Cân bằng – chọn bằng mô phỏng,free_large
27,111.75933333333333,9.313895237593252,25.91,1.2041833333333332,1.8976666666666666,4.5333499999999995,93,7.16,Cân bằng – chọn bằng mô phỏng,free_large
28,112.24133333333333,9.32104275034056,25.954333333333334,1.1743333333333332,1.8563333333333334,4.55685,80,7.293666666666667,Cân bằng – chọn bằng mô phỏng,free_large
29,111.92533333333333,9.328238470984383,25.961,1.2000666666666666,1.9,4.559783333333334,79,7.230333333333333,Cân bằng – chọn bằng mô phỏng,free_large
0,115.19333333333333,9.580045046398347,26.559,1.2643,2.021333333333333,4.59385,69,7.155333333333333,Cân bằng – tinh chỉnh,free_large
1,114.648,9.54907524187473,26.48966666666667,1.269283333333333,2.03,4.592283333333333,84,7.153666666666667,Cân bằng – tinh chỉnh,free_large
2,113.85733333333333,9.426954601429065,26.206666666666667,1.2661499999999999,2.0216666666666665,4.5308,69,7.0456666666666665,Cân bằng – tinh chỉnh,free_large
3,114.80733333333333,9.558695153869099,26.459333333333333,1.26195,2.014,4.590116666666667,71,7.174,Cân bằng – tinh chỉnh,free_large
4,115.934,9.67375916641318,26.832666666666668,1.3199,2.0873333333333335,4.677316666666667,96,7.249,Cân bằng – tinh chỉnh,free_large
5,114.72666666666667,9.514812665014613,26.419666666666668,1.29485,2.053,4.600533333333334,82,7.0906666666666665,Cân bằng – tinh chỉnh,free_large
6,115.22866666666667,9.576411767525588,26.578333333333333,1.2938166666666666,2.063,4.6448,78,7.223333333333334,Cân bằng – tinh chỉnh,free_large
7,115.026,9.576307555787217,26.508333333333333,1.2648833333333331,2.0143333333333335,4.648316666666666,92,7.288333333333333,Cân bằng – tinh chỉnh,free_large
8,115.39933333333333,9.607495856192514,26.671666666666667,1.2865833333333334,2.0453333333333332,4.664316666666667,81,7.264666666666667,Cân bằng – tinh chỉnh,free_large
9,115.094,9.587408338170377,26.522333333333332,1.2828499999999998,2.042333333333333,4.636699999999999,81,7.231,Cân bằng – tinh chỉnh,free_large
10,115.35266666666666,9.613342735707626,26.631333333333334,1.2651333333333334,2.0183333333333335,4.602399999999999,93,7.186333333333334,Cân bằng – tinh chỉnh,free_large
11,114.85,9.599794599466504,26.625666666666667,1.2786499999999998,2.037,4.602633333333333,84,7.162,Cân bằng – tinh chỉnh,free_large
12,114.40333333333334,9.59708408463687,26.5,1.2799333333333331,2.046666666666667,4.598033333333333,89,7.139666666666667,Cân bằng – tinh chỉnh,free_large
13,114.05466666666666,9.54706376152658,26.442666666666668,1.2737333333333332,2.0363333333333333,4.53955,80,7.0456666666666665,Cân bằng – tinh chỉnh,free_large
14,115.928,9.68786967407399,26.868333333333332,1.3058666666666667,2.077,4.686266666666667,69,7.298666666666667,Cân bằng – tinh chỉnh,free_large
15,114.98533333333333,9.618915009348624,26.629,1.2992666666666668,2.0633333333333335,4.666666666666667,90,7.253,Cân bằng – tinh chỉnh,free_large
16,114.76066666666667,9.535640407125522,26.566333333333333,1.2721666666666664,2.0286666666666666,4.583616666666666,87,7.153333333333333,Cân bằng – tinh chỉnh,free_large
17,116.11066666666666,9.72368204041344,27.051333333333332,1.3260833333333333,2.103666666666667,4.717666666666666,71,7.322333333333333,Cân bằng – tinh chỉnh,free_large
18,115.112,9.64469363647385,26.737666666666666,1.2758333333333334,2.0303333333333335,4.6166833333333335,88,7.193,Cân bằng – tinh chỉnh,free_large
19,114.45666666666666,9.500514746018501,26.377333333333333,1.25525,2.003,4.563716666666666,91,7.137666666666667,Cân bằng – tinh chỉnh,free_large
20,115.432,9.611763009713771,26.597,1.2886166666666667,2.050333333333333,4.635016666666666,81,7.194,Cân bằng – tinh chỉnh,free_large
21,115.87333333333333,9.633612196688897,26.793,1.2787833333333332,2.0286666666666666,4.649,81,7.242333333333334,Cân bằng – tinh chỉnh,free_large
22,115.152,9.609690560876574,26.650333333333332,1.2759,2.046333333333333,4.621183333333334,83,7.207333333333334,Cân bằng – tinh chỉnh,free_large
23,115.184,9.67426743584652,26.756,1.2961166666666666,2.0643333333333334,4.655716666666667,81,7.213,Cân bằng – tinh chỉnh,free_large
24,115.088,9.600241998430104,26.760666666666665,1.2712166666666664,2.0356666666666667,4.6119,87,7.200333333333333,Cân bằng – tinh chỉnh,free_large
25,116.06466666666667,9.644468449200415,26.667,1.2935666666666665,2.062,4.632083333333333,99,7.192,Cân bằng – tinh chỉnh,free_large
26,114.86866666666667,9.607625728955519,26.60333333333333,1.2723333333333333,2.024,4.6076500000000005,89,7.181666666666667,Cân bằng – tinh chỉnh,free_large
27,115.23533333333333,9.651654188615224,26.785666666666668,1.2762166666666666,2.0316666666666667,4.605383333333333,86,7.16,Cân bằng – tinh chỉnh,free_large
28,115.244,9.589678119426704,26.599333333333334,1.25475,2.002666666666667,4.637266666666666,70,7.293666666666667,Cân bằng – tinh chỉnh,free_large
29,114.98466666666667,9.605524831057167,26.691333333333333,1.29175,2.056,4.651466666666666,104,7.230333333333333,Cân bằng – tinh chỉnh,free_large
0,127.934,9.95019432979295,27.811,1.2479666666666664,2.0493333333333332,4.577516666666667,123,7.155333333333333,Giá trị – theo mô hình,free_large
1,127.57866666666666,9.928675377991663,27.768,1.2473833333333333,2.0436666666666667,4.570383333333333,120,7.153666666666667,Giá trị – theo mô hình,free_large
2,127.23866666666666,9.815151418970732,27.386,1.24445,2.054333333333333,4.5091,85,7.0456666666666665,Giá trị – theo mô hình,free_large
3,127.88266666666667,9.965866516620503,27.73966666666667,1.2588833333333331,2.0596666666666668,4.58705,118,7.174,Giá trị – theo mô hình,free_large
4,128.736,10.007168848239461,27.882,1.2617,2.066666666666667,4.619116666666666,96,7.249,Giá trị – theo mô hình,free_large
5,127.39933333333333,9.91618700735393,27.799666666666667,1.2815833333333333,2.1006666666666667,4.587266666666666,95,7.0906666666666665,Giá trị – theo mô hình,free_large
6,128.53,9.95766341705558,27.828666666666667,1.2597333333333334,2.0763333333333334,4.610716666666667,81,7.223333333333334,Giá trị – theo mô hình,free_large
7,129.0,10.073451491081798,28.181,1.2733,2.091,4.656733333333333,125,7.288333333333333,Giá trị – theo mô hình,free_large
8,127.698,9.95695020754572,27.84,1.2412833333333333,2.0303333333333335,4.619016666666666,111,7.264666666666667,Giá trị – theo mô hình,free_large
9,128.80133333333333,10.065823671891684,28.005333333333333,1.29735,2.135,4.6512,104,7.231,Giá trị – theo mô hình,free_large
10,128.79066666666668,10.09224719663406,28.21,1.2896166666666664,2.1123333333333334,4.626883333333333,120,7.186333333333334,Giá trị – theo mô hình,free_large
11,128.346,9.986527895590482,27.974,1.2828,2.096,4.6067833333333335,121,7.162,Giá trị – theo mô hình,free_large
12,127.59733333333334,9.952843951131,27.719,1.25865,2.0516666666666667,4.57675,114,7.139666666666667,Giá trị – theo mô hình,free_large
13,127.20866666666667,9.906916298481447,27.689666666666668,1.26765,2.0756666666666668,4.5334666666666665,113,7.0456666666666665,Giá trị – theo mô hình,free_large
14,128.96733333333333,10.066195530284073,28.145,1.2421166666666665,2.0493333333333332,4.622516666666667,122,7.298666666666667,Giá trị – theo mô hình,free_large
15,128.51333333333332,10.051317786027484,28.136333333333333,1.2887333333333333,2.116,4.656133333333333,127,7.253,Giá trị – theo mô hình,free_large
16,128.37466666666666,9.98081238029424,28.026666666666667,1.275,2.09,4.58645,95,7.153333333333333,Giá trị – theo mô hình,free_large
17,129.66733333333335,10.10974149014444,28.361666666666668,1.2521833333333334,2.0513333333333335,4.643766666666667,97,7.322333333333333,Giá trị – theo mô hình,free_large
18,128.694,10.065012626218031,28.147666666666666,1.27625,2.071,4.6171,116,7.193,Giá trị – theo mô hình,free_large
19,127.754,9.927974086091085,27.801333333333332,1.2653833333333333,2.069,4.57385,102,7.137666666666667,Giá trị – theo mô hình,free_large
20,128.55466666666666,10.005005025810675,27.934666666666665,1.2683833333333332,2.0793333333333335,4.614783333333333,106,7.194,Giá trị – theo mô hình,free_large
21,129.076,10.054789754450608,28.160666666666668,1.2729833333333334,2.09,4.6432,97,7.242333333333334,Giá trị – theo mô hình,free_large
22,128.50533333333334,10.00490552010176,27.928333333333335,1.2611833333333333,2.070333333333333,4.606466666666667,114,7.207333333333334,Giá trị – theo mô hình,free_large
23,128.47266666666667,10.050335870574346,27.938,1.30145,2.125,4.6610499999999995,110,7.213,Giá trị – theo mô hình,free_large
24,128.16466666666668,9.95731042500632,27.839666666666666,1.2701666666666667,2.0756666666666668,4.61085,93,7.200333333333333,Giá trị – theo mô hình,free_large
25,128.508,9.987755111717755,27.9,1.3181833333333335,2.1496666666666666,4.6567,109,7.192,Giá trị – theo mô hình,free_large
26,128.65066666666667,10.10043749968384,28.272,1.2920999999999998,2.1246666666666667,4.627416666666667,93,7.181666666666667,Giá trị – theo mô hình,free_large
27,128.50066666666666,10.026470922977962,27.992,1.2723666666666664,2.083666666666667,4.601533333333333,102,7.16,Giá trị – theo mô hình,free_large
28,129.50866666666667,10.15552539695789,28.452,1.26875,2.071,4.651266666666666,116,7.293666666666667,Giá trị – theo mô hình,free_large
29,128.71133333333333,10.034278711173982,28.07133333333333,1.3100333333333334,2.1386666666666665,4.66975,104,7.230333333333333,Giá trị – theo mô hình,free_large
0,127.934,9.95019432979295,27.811,1.2479666666666664,2.0493333333333332,4.577516666666667,123,7.155333333333333,Giá trị – chọn bằng mô phỏng,free_large
1,127.57866666666666,9.928675377991663,27.768,1.2473833333333333,2.0436666666666667,4.570383333333333,120,7.153666666666667,Giá trị – chọn bằng mô phỏng,free_large
2,127.23866666666666,9.815151418970732,27.386,1.24445,2.054333333333333,4.5091,85,7.0456666666666665,Giá trị – chọn bằng mô phỏng,free_large
3,127.88266666666667,9.965866516620503,27.73966666666667,1.2588833333333331,2.0596666666666668,4.58705,118,7.174,Giá trị – chọn bằng mô phỏng,free_large
4,128.736,10.007168848239461,27.882,1.2617,2.066666666666667,4.619116666666666,96,7.249,Giá trị – chọn bằng mô phỏng,free_large
5,127.39933333333333,9.91618700735393,27.799666666666667,1.2815833333333333,2.1006666666666667,4.587266666666666,95,7.0906666666666665,Giá trị – chọn bằng mô phỏng,free_large
6,128.53,9.95766341705558,27.828666666666667,1.2597333333333334,2.0763333333333334,4.610716666666667,81,7.223333333333334,Giá trị – chọn bằng mô phỏng,free_large
7,129.0,10.073451491081798,28.181,1.2733,2.091,4.656733333333333,125,7.288333333333333,Giá trị – chọn bằng mô phỏng,free_large
8,127.698,9.95695020754572,27.84,1.2412833333333333,2.0303333333333335,4.619016666666666,111,7.264666666666667,Giá trị – chọn bằng mô phỏng,free_large
9,128.80133333333333,10.065823671891684,28.005333333333333,1.29735,2.135,4.6512,104,7.231,Giá trị – chọn bằng mô phỏng,free_large
10,128.79066666666668,10.09224719663406,28.21,1.2896166666666664,2.1123333333333334,4.626883333333333,120,7.186333333333334,Giá trị – chọn bằng mô phỏng,free_large
11,128.346,9.986527895590482,27.974,1.2828,2.096,4.6067833333333335,121,7.162,Giá trị – chọn bằng mô phỏng,free_large
12,127.59733333333334,9.952843951131,27.719,1.25865,2.0516666666666667,4.57675,114,7.139666666666667,Giá trị – chọn bằng mô phỏng,free_large
13,127.20866666666667,9.906916298481447,27.689666666666668,1.26765,2.0756666666666668,4.5334666666666665,113,7.0456666666666665,Giá trị – chọn bằng mô phỏng,free_large
14,128.96733333333333,10.066195530284073,28.145,1.2421166666666665,2.0493333333333332,4.622516666666667,122,7.298666666666667,Giá trị – chọn bằng mô phỏng,free_large
15,128.51333333333332,10.051317786027484,28.136333333333333,1.2887333333333333,2.116,4.656133333333333,127,7.253,Giá trị – chọn bằng mô phỏng,free_large
16,128.37466666666666,9.98081238029424,28.026666666666667,1.275,2.09,4.58645,95,7.153333333333333,Giá trị – chọn bằng mô phỏng,free_large
17,129.66733333333335,10.10974149014444,28.361666666666668,1.2521833333333334,2.0513333333333335,4.643766666666667,97,7.322333333333333,Giá trị – chọn bằng mô phỏng,free_large
18,128.694,10.065012626218031,28.147666666666666,1.27625,2.071,4.6171,116,7.193,Giá trị – chọn bằng mô phỏng,free_large
19,127.754,9.927974086091085,27.801333333333332,1.2653833333333333,2.069,4.57385,102,7.137666666666667,Giá trị – chọn bằng mô phỏng,free_large
20,128.55466666666666,10.005005025810675,27.934666666666665,1.2683833333333332,2.0793333333333335,4.614783333333333,106,7.194,Giá trị – chọn bằng mô phỏng,free_large
21,129.076,10.054789754450608,28.160666666666668,1.2729833333333334,2.09,4.6432,97,7.242333333333334,Giá trị – chọn bằng mô phỏng,free_large
22,128.50533333333334,10.00490552010176,27.928333333333335,1.2611833333333333,2.070333333333333,4.606466666666667,114,7.207333333333334,Giá trị – chọn bằng mô phỏng,free_large
23,128.47266666666667,10.050335870574346,27.938,1.30145,2.125,4.6610499999999995,110,7.213,Giá trị – chọn bằng mô phỏng,free_large
24,128.16466666666668,9.95731042500632,27.839666666666666,1.2701666666666667,2.0756666666666668,4.61085,93,7.200333333333333,Giá trị – chọn bằng mô phỏng,free_large
25,128.508,9.987755111717755,27.9,1.3181833333333335,2.1496666666666666,4.6567,109,7.192,Giá trị – chọn bằng mô phỏng,free_large
26,128.65066666666667,10.10043749968384,28.272,1.2920999999999998,2.1246666666666667,4.627416666666667,93,7.181666666666667,Giá trị – chọn bằng mô phỏng,free_large
27,128.50066666666666,10.026470922977962,27.992,1.2723666666666664,2.083666666666667,4.601533333333333,102,7.16,Giá trị – chọn bằng mô phỏng,free_large
28,129.50866666666667,10.15552539695789,28.452,1.26875,2.071,4.651266666666666,116,7.293666666666667,Giá trị – chọn bằng mô phỏng,free_large
29,128.71133333333333,10.034278711173982,28.07133333333333,1.3100333333333334,2.1386666666666665,4.66975,104,7.230333333333333,Giá trị – chọn bằng mô phỏng,free_large
0,127.90933333333334,10.164553540357515,28.525333333333332,1.3053833333333331,2.1363333333333334,4.634933333333333,109,7.155333333333333,Giá trị – tinh chỉnh,free_large
1,127.29,10.135150468002406,28.334666666666667,1.2660833333333332,2.0733333333333333,4.589083333333333,110,7.153666666666667,Giá trị – tinh chỉnh,free_large
2,127.38333333333334,10.058610255598182,28.167333333333332,1.3117833333333335,2.1646666666666667,4.576433333333333,126,7.0456666666666665,Giá trị – tinh chỉnh,free_large
3,127.816,10.214860091979531,28.538666666666668,1.3272666666666668,2.1653333333333333,4.655433333333333,128,7.174,Giá trị – tinh chỉnh,free_large
4,128.46,10.239546987710595,28.642,1.34125,2.2066666666666666,4.698666666666667,105,7.249,Giá trị – tinh chỉnh,free_large
5,127.27733333333333,10.164445420907684,28.483333333333334,1.3329666666666666,2.186,4.63865,102,7.0906666666666665,Giá trị – tinh chỉnh,free_large
6,128.33133333333333,10.204085667833512,28.565666666666665,1.3139666666666667,2.168,4.66495,112,7.223333333333334,Giá trị – tinh chỉnh,free_large
7,128.86866666666666,10.323006886575651,29.002,1.3288666666666666,2.1806666666666668,4.7123,126,7.288333333333333,Giá trị – tinh chỉnh,free_large
8,127.654,10.191952319945342,28.588333333333335,1.3087833333333334,2.139666666666667,4.686516666666666,101,7.264666666666667,Giá trị – tinh chỉnh,free_large
9,128.46666666666667,10.287088428546838,28.749333333333333,1.3461166666666664,2.1986666666666665,4.699966666666667,87,7.231,Giá trị – tinh chỉnh,free_large
10,128.43,10.276739729448108,28.857333333333333,1.3337166666666664,2.171666666666667,4.670983333333334,90,7.186333333333334,Giá trị – tinh chỉnh,free_large
11,128.11733333333333,10.203013716588309,28.625333333333334,1.3127666666666666,2.152,4.63675,103,7.162,Giá trị – tinh chỉnh,free_large
12,127.522,10.170951518491963,28.441,1.3279833333333333,2.1683333333333334,4.646083333333333,93,7.139666666666667,Giá trị – tinh chỉnh,free_large
13,126.89333333333333,10.103006989889032,28.362,1.3072,2.143,4.573016666666667,114,7.0456666666666665,Giá trị – tinh chỉnh,free_large
14,128.814,10.250935787519559,28.71066666666667,1.3138333333333334,2.159666666666667,4.694233333333334,99,7.298666666666667,Giá trị – tinh chỉnh,free_large
15,128.30666666666667,10.238073432729196,28.751333333333335,1.30215,2.1386666666666665,4.66955,133,7.253,Giá trị – tinh chỉnh,free_large
16,128.12133333333333,10.231527276191601,28.846333333333334,1.3223833333333332,2.155,4.6338333333333335,103,7.153333333333333,Giá trị – tinh chỉnh,free_large
17,129.52933333333334,10.355357417696439,29.084666666666667,1.3521,2.207,4.743683333333333,106,7.322333333333333,Giá trị – tinh chỉnh,free_large
18,128.37666666666667,10.257371791118173,28.797333333333334,1.3342666666666665,2.1723333333333334,4.675116666666666,100,7.193,Giá trị – tinh chỉnh,free_large
19,127.74066666666667,10.176827615692886,28.542,1.3124333333333333,2.1526666666666667,4.620900000000001,98,7.137666666666667,Giá trị – tinh chỉnh,free_large
20,128.27333333333334,10.205542719503605,28.612333333333332,1.3137333333333332,2.1553333333333335,4.6601333333333335,95,7.194,Giá trị – tinh chỉnh,free_large
21,129.03866666666667,10.303346595036967,28.925,1.3094833333333333,2.149,4.6797,97,7.242333333333334,Giá trị – tinh chỉnh,free_large
22,128.42533333333333,10.251776483715613,28.660333333333334,1.3246166666666666,2.151666666666667,4.6699,101,7.207333333333334,Giá trị – tinh chỉnh,free_large
23,128.12466666666666,10.280806876668484,28.652333333333335,1.3315166666666667,2.1766666666666667,4.691116666666667,111,7.213,Giá trị – tinh chỉnh,free_large
24,128.174,10.191442473526646,28.585333333333335,1.3014666666666668,2.1426666666666665,4.64215,116,7.200333333333333,Giá trị – tinh chỉnh,free_large
25,128.46266666666668,10.246462062548906,28.627666666666666,1.3268666666666669,2.1706666666666665,4.665383333333333,123,7.192,Giá trị – tinh chỉnh,free_large
26,128.45333333333335,10.332273432124783,28.962666666666667,1.3372166666666665,2.187666666666667,4.672533333333333,126,7.181666666666667,Giá trị – tinh chỉnh,free_large
27,128.32666666666665,10.24815533223222,28.766333333333332,1.3108666666666668,2.147,4.640033333333333,116,7.16,Giá trị – tinh chỉnh,free_large
28,129.24066666666667,10.324724920647636,29.045666666666666,1.3134833333333333,2.1563333333333334,4.696,92,7.293666666666667,Giá trị – tinh chỉnh,free_large
29,128.682,10.294815820244262,28.821666666666665,1.3573333333333333,2.232666666666667,4.7170499999999995,111,7.230333333333333,Giá trị – tinh chỉnh,free_large
0,41.36066666666667,3.944686898502501,12.249333333333333,0.7056666666666667,1.4836666666666667,3.3566833333333332,63,5.829,Hiện trạng,case_minimart_n30
1,41.528,3.989918137816609,12.358,0.7081166666666666,1.4946666666666666,3.4085333333333336,69,5.937,Hiện trạng,case_minimart_n30
2,41.418,3.9510394245898874,12.315666666666667,0.7146499999999999,1.5066666666666666,3.36295,62,5.820666666666667,Hiện trạng,case_minimart_n30
3,41.50266666666667,3.9787503697057596,12.294666666666666,0.7312666666666667,1.5353333333333334,3.4133333333333336,67,5.889,Hiện trạng,case_minimart_n30
4,41.60333333333333,3.9901597327912017,12.337333333333333,0.7182666666666666,1.505,3.3853833333333334,74,5.858666666666666,Hiện trạng,case_minimart_n30
5,41.394666666666666,3.9545948046993593,12.253333333333334,0.7263333333333334,1.5433333333333332,3.3582666666666663,69,5.797666666666666,Hiện trạng,case_minimart_n30
6,41.706,3.989011510056081,12.374,0.7170166666666667,1.513,3.385083333333333,72,5.857,Hiện trạng,case_minimart_n30
7,41.596666666666664,3.979899165282476,12.323,0.7152,1.5143333333333333,3.39755,65,5.904333333333334,Hiện trạng,case_minimart_n30
8,41.55866666666667,3.9617394928065024,12.282,0.71515,1.512,3.3651500000000003,70,5.836333333333333,Hiện trạng,case_minimart_n30
9,41.12866666666667,3.9151639734605816,12.129666666666667,0.6902666666666667,1.4553333333333334,3.317566666666667,64,5.778666666666667,Hiện trạng,case_minimart_n30
10,41.422666666666665,3.9716855638213806,12.284,0.7180666666666666,1.5266666666666666,3.3680499999999998,64,5.821,Hiện trạng,case_minimart_n30
11,41.48533333333334,3.9602905768663414,12.315666666666667,0.6968833333333334,1.473,3.33775,74,5.812,Hiện trạng,case_minimart_n30
12,41.898666666666664,4.0344015868359895,12.434,0.7075166666666667,1.4886666666666666,3.4282,70,5.998333333333333,Hiện trạng,case_minimart_n30
13,41.586,3.9851138064311775,12.399333333333333,0.7214166666666667,1.51,3.3877166666666665,69,5.8646666666666665,Hiện trạng,case_minimart_n30
14,41.664,4.039077213898268,12.488,0.7010166666666667,1.4823333333333333,3.4377666666666666,61,6.021,Hiện trạng,case_minimart_n30
15,41.746,3.9898145061424395,12.403333333333334,0.7344333333333334,1.5493333333333332,3.433566666666667,70,5.937333333333333,Hiện trạng,case_minimart_n30
16,41.702666666666666,4.011351591967208,12.455666666666668,0.7153166666666666,1.502,3.4204000000000003,70,5.952333333333334,Hiện trạng,case_minimart_n30
17,41.47933333333334,3.9606919578064033,12.277333333333333,0.6939333333333334,1.4723333333333333,3.3487333333333336,61,5.847,Hiện trạng,case_minimart_n30
18,42.138,4.062519450235829,12.552333333333333,0.7010500000000002,1.4776666666666667,3.4712333333333336,65,6.086,Hiện trạng,case_minimart_n30
19,41.419333333333334,3.9492150011200273,12.250333333333334,0.70455,1.4876666666666667,3.35075,69,5.829666666666666,Hiện trạng,case_minimart_n30
20,41.32666666666667,3.9470369098886975,12.266,0.7053666666666668,1.4926666666666666,3.320133333333333,57,5.757,Hiện trạng,case_minimart_n30
21,41.70333333333333,4.037683835141879,12.489333333333333,0.7254666666666667,1.5246666666666666,3.4527333333333337,67,5.990333333333333,Hiện trạng,case_minimart_n30
22,41.336,3.9514330334011345,12.297333333333333,0.7016833333333334,1.4753333333333334,3.3315166666666665,65,5.791666666666667,Hiện trạng,case_minimart_n30
23,41.64933333333333,3.98290349956585,12.323,0.7180166666666667,1.5163333333333333,3.4005833333333335,66,5.892,Hiện trạng,case_minimart_n30
24,41.394666666666666,3.9389478972516434,12.26,0.7088166666666668,1.4913333333333334,3.3566833333333332,66,5.8293333333333335,Hiện trạng,case_minimart_n30
25,41.73733333333333,4.035777644715107,12.463666666666667,0.7216666666666667,1.5163333333333333,3.4414166666666666,66,5.976333333333334,Hiện trạng,case_minimart_n30
26,41.51733333333333,3.9683111023098765,12.303333333333333,0.71725,1.5036666666666667,3.380316666666667,70,5.862666666666667,Hiện trạng,case_minimart_n30
27,41.65,3.9818294073908,12.371333333333334,0.7266499999999999,1.529,3.399316666666667,70,5.873,Hiện trạng,case_minimart_n30
28,41.31,3.9566273705062014,12.233666666666666,0.7031,1.49,3.3409333333333335,63,5.814,Hiện trạng,case_minimart_n30
29,41.474666666666664,3.9626089482415057,12.377,0.7316333333333334,1.541,3.383466666666667,63,5.842333333333333,Hiện trạng,case_minimart_n30
0,40.28,3.525209533487579,10.512333333333334,0.49194999999999994,1.0546666666666666,3.1429666666666667,62,5.829,Tiện lợi – theo mô hình,case_minimart_n30
1,40.56466666666667,3.577531751316399,10.638666666666667,0.47633333333333333,1.019,3.17675,62,5.937,Tiện lợi – theo mô hình,case_minimart_n30
2,40.28666666666667,3.5249180331686283,10.502666666666666,0.4796666666666667,1.0293333333333334,3.127966666666667,63,5.820666666666667,Tiện lợi – theo mô hình,case_minimart_n30
3,40.446,3.569877876555883,10.599,0.49093333333333333,1.0456666666666667,3.173,56,5.889,Tiện lợi – theo mô hình,case_minimart_n30
4,40.36266666666667,3.55698556722552,10.59,0.48576666666666674,1.0393333333333334,3.152883333333333,59,5.858666666666666,Tiện lợi – theo mô hình,case_minimart_n30
5,40.04533333333333,3.5086463382368844,10.440333333333333,0.48685,1.04,3.1187833333333335,57,5.797666666666666,Tiện lợi – theo mô hình,case_minimart_n30
6,40.32666666666667,3.518806740565681,10.545333333333334,0.47335,1.0093333333333334,3.1414166666666667,62,5.857,Tiện lợi – theo mô hình,case_minimart_n30
7,40.483333333333334,3.5285785158663208,10.558333333333334,0.4832333333333334,1.0286666666666666,3.165583333333333,66,5.904333333333334,Tiện lợi – theo mô hình,case_minimart_n30
8,40.077333333333335,3.500674733574258,10.455666666666668,0.4726666666666667,1.0126666666666666,3.1226666666666665,55,5.836333333333333,Tiện lợi – theo mô hình,case_minimart_n30
9,40.120666666666665,3.5054080406839083,10.425333333333333,0.47348333333333326,1.0133333333333334,3.1007833333333337,50,5.778666666666667,Tiện lợi – theo mô hình,case_minimart_n30
10,40.23733333333333,3.5176161528350023,10.454333333333333,0.4795833333333333,1.0266666666666666,3.129566666666667,55,5.821,Tiện lợi – theo mô hình,case_minimart_n30
11,40.392,3.511799495537717,10.483666666666666,0.48763333333333336,1.0426666666666666,3.1285,53,5.812,Tiện lợi – theo mô hình,case_minimart_n30
12,40.60666666666667,3.5902691691615107,10.680333333333333,0.4823,1.034,3.2029833333333335,58,5.998333333333333,Tiện lợi – theo mô hình,case_minimart_n30
13,40.50533333333333,3.5641430229674165,10.667666666666667,0.49726666666666663,1.06,3.163566666666667,62,5.8646666666666665,Tiện lợi – theo mô hình,case_minimart_n30
14,40.78666666666667,3.6093873186878525,10.718333333333334,0.48426666666666673,1.0333333333333334,3.2210166666666664,57,6.021,Tiện lợi – theo mô hình,case_minimart_n30
15,40.644,3.573693964174511,10.705666666666668,0.49635000000000007,1.063,3.1954833333333337,57,5.937333333333333,Tiện lợi – theo mô hình,case_minimart_n30
16,40.64533333333333,3.580902697735679,10.673,0.4819333333333334,1.0263333333333333,3.1870166666666666,64,5.952333333333334,Tiện lợi – theo mô hình,case_minimart_n30
17,40.31733333333333,3.526585527210406,10.509666666666666,0.4839666666666667,1.0296666666666667,3.1387666666666663,66,5.847,Tiện lợi – theo mô hình,case_minimart_n30
18,41.019333333333336,3.6443552900434746,10.81,0.48281666666666667,1.0333333333333334,3.253,62,6.086,Tiện lợi – theo mô hình,case_minimart_n30
19,40.13733333333333,3.5058875731897237,10.493,0.49091666666666667,1.045,3.137116666666667,59,5.829666666666666,Tiện lợi – theo mô hình,case_minimart_n30
20,39.94533333333333,3.4908338158746233,10.368,0.4858833333333334,1.0406666666666666,3.1006500000000004,62,5.757,Tiện lợi – theo mô hình,case_minimart_n30
21,40.75933333333333,3.5979219124136246,10.707333333333333,0.4804666666666667,1.032,3.2077333333333335,64,5.990333333333333,Tiện lợi – theo mô hình,case_minimart_n30
22,40.211333333333336,3.515597369256139,10.496,0.4745333333333333,1.0183333333333333,3.104366666666666,75,5.791666666666667,Tiện lợi – theo mô hình,case_minimart_n30
23,40.42066666666667,3.5601723562025334,10.568,0.49826666666666664,1.0583333333333333,3.180833333333333,54,5.892,Tiện lợi – theo mô hình,case_minimart_n30
24,40.31733333333333,3.53524966971631,10.560666666666666,0.5016333333333334,1.076,3.1495,58,5.8293333333333335,Tiện lợi – theo mô hình,case_minimart_n30
25,40.852,3.596781523703147,10.727333333333334,0.49181666666666674,1.0433333333333332,3.2115666666666662,65,5.976333333333334,Tiện lợi – theo mô hình,case_minimart_n30
26,40.21333333333333,3.5341510687703557,10.508,0.47573333333333334,1.018,3.1388000000000007,63,5.862666666666667,Tiện lợi – theo mô hình,case_minimart_n30
27,40.43533333333333,3.5382502910328966,10.571333333333333,0.48833333333333334,1.0403333333333333,3.161,61,5.873,Tiện lợi – theo mô hình,case_minimart_n30
28,40.332,3.524431089320839,10.506333333333334,0.4730666666666667,1.007,3.1109000000000004,70,5.814,Tiện lợi – theo mô hình,case_minimart_n30
29,40.276666666666664,3.523065709604655,10.528666666666666,0.4940833333333333,1.053,3.1459166666666665,52,5.842333333333333,Tiện lợi – theo mô hình,case_minimart_n30
0,40.165333333333336,3.4964852249213787,10.505666666666666,0.4622666666666667,1.0066666666666666,3.1132833333333334,62,5.829,Tiện lợi – chọn bằng mô phỏng,case_minimart_n30
1,40.442,3.5713758793344788,10.647333333333334,0.4584333333333334,0.989,3.1588499999999997,50,5.937,Tiện lợi – chọn bằng mô phỏng,case_minimart_n30
2,40.29866666666667,3.521836074674799,10.543666666666667,0.45215,0.988,3.10045,52,5.820666666666667,Tiện lợi – chọn bằng mô phỏng,case_minimart_n30
3,40.252,3.5329964954475837,10.534333333333333,0.45175,0.975,3.1338166666666667,48,5.889,Tiện lợi – chọn bằng mô phỏng,case_minimart_n30
4,40.27,3.532693075880168,10.557,0.45408333333333334,0.981,3.121200000000001,59,5.858666666666666,Tiện lợi – chọn bằng mô phỏng,case_minimart_n30
5,40.092666666666666,3.506819318619857,10.436666666666667,0.44923333333333343,0.9733333333333334,3.081166666666667,62,5.797666666666666,Tiện lợi – chọn bằng mô phỏng,case_minimart_n30
6,40.23466666666667,3.5045828432928685,10.525,0.4457,0.963,3.1137666666666663,48,5.857,Tiện lợi – chọn bằng mô phỏng,case_minimart_n30
7,40.513333333333335,3.539231319428436,10.592666666666666,0.4582,0.988,3.1405500000000006,70,5.904333333333334,Tiện lợi – chọn bằng mô phỏng,case_minimart_n30
8,40.147333333333336,3.502563082098585,10.509666666666666,0.4504333333333334,0.9816666666666667,3.100433333333333,57,5.836333333333333,Tiện lợi – chọn bằng mô phỏng,case_minimart_n30
9,39.95333333333333,3.503300197783637,10.425,0.44658333333333333,0.9653333333333334,3.0738833333333337,50,5.778666666666667,Tiện lợi – chọn bằng mô phỏng,case_minimart_n30
10,40.318666666666665,3.511665928161083,10.483333333333333,0.46361666666666673,1.0016666666666667,3.1136,56,5.821,Tiện lợi – chọn bằng mô phỏng,case_minimart_n30
11,40.266666666666666,3.5146549501812747,10.497333333333334,0.45916666666666667,0.9866666666666667,3.1000333333333336,69,5.812,Tiện lợi – chọn bằng mô phỏng,case_minimart_n30
12,40.488,3.5723446473992286,10.648333333333333,0.46655,1.0106666666666666,3.1872333333333334,65,5.998333333333333,Tiện lợi – chọn bằng mô phỏng,case_minimart_n30
13,40.48133333333333,3.54380455418921,10.664666666666667,0.4629666666666667,1.0003333333333333,3.129266666666667,58,5.8646666666666665,Tiện lợi – chọn bằng mô phỏng,case_minimart_n30
14,40.757333333333335,3.6026521101127047,10.695666666666666,0.4563666666666667,0.9873333333333333,3.1931166666666666,59,6.021,Tiện lợi – chọn bằng mô phỏng,case_minimart_n30
15,40.61533333333333,3.55204873531372,10.72,0.45881666666666676,0.9903333333333333,3.15795,62,5.937333333333333,Tiện lợi – chọn bằng mô phỏng,case_minimart_n30
16,40.52466666666667,3.568493524886226,10.713,0.4620333333333333,1.0,3.167116666666667,67,5.952333333333334,Tiện lợi – chọn bằng mô phỏng,case_minimart_n30
17,40.21666666666667,3.514869271685896,10.498,0.4480333333333333,0.9633333333333334,3.1028333333333333,63,5.847,Tiện lợi – chọn bằng mô phỏng,case_minimart_n30
18,40.849333333333334,3.621787791630348,10.791666666666666,0.4527666666666667,0.983,3.22295,59,6.086,Tiện lợi – chọn bằng mô phỏng,case_minimart_n30
19,40.120666666666665,3.510496933011212,10.502666666666666,0.46001666666666674,0.9923333333333333,3.1062166666666666,52,5.829666666666666,Tiện lợi – chọn bằng mô phỏng,case_minimart_n30
20,39.99133333333333,3.4811677530886653,10.423666666666668,0.4582833333333334,0.995,3.07305,51,5.757,Tiện lợi – chọn bằng mô phỏng,case_minimart_n30
21,40.727333333333334,3.5903034588750775,10.723333333333333,0.47045,1.0223333333333333,3.1977166666666665,64,5.990333333333333,Tiện lợi – chọn bằng mô phỏng,case_minimart_n30
22,40.122,3.4976232736525694,10.457666666666666,0.45228333333333337,0.9816666666666667,3.082116666666667,69,5.791666666666667,Tiện lợi – chọn bằng mô phỏng,case_minimart_n30
23,40.338,3.5541107690665528,10.592666666666666,0.45875,0.9873333333333333,3.141316666666667,58,5.892,Tiện lợi – chọn bằng mô phỏng,case_minimart_n30
24,40.14,3.5065984615408192,10.483333333333333,0.46040000000000003,0.999,3.1082666666666663,67,5.8293333333333335,Tiện lợi – chọn bằng mô phỏng,case_minimart_n30
25,40.784666666666666,3.589608769410486,10.708,0.46891666666666665,1.006,3.1886666666666668,56,5.976333333333334,Tiện lợi – chọn bằng mô phỏng,case_minimart_n30
26,40.216,3.524089034129434,10.519666666666666,0.4579666666666667,0.992,3.1210333333333335,60,5.862666666666667,Tiện lợi – chọn bằng mô phỏng,case_minimart_n30
27,40.332,3.5282418342988002,10.584666666666667,0.4549666666666667,0.9866666666666667,3.1276333333333337,70,5.873,Tiện lợi – chọn bằng mô phỏng,case_minimart_n30
28,40.287333333333336,3.5188995657807607,10.542666666666667,0.4424,0.9663333333333334,3.0802333333333336,61,5.814,Tiện lợi – chọn bằng mô phỏng,case_minimart_n30
29,40.266666666666666,3.512520795773242,10.537666666666667,0.4580333333333333,0.988,3.109866666666666,57,5.842333333333333,Tiện lợi – chọn bằng mô phỏng,case_minimart_n30
0,38.726,3.534590990922491,10.919333333333332,0.47776666666666673,1.0616666666666668,3.128783333333333,46,5.829,Tiện lợi – tinh chỉnh,case_minimart_n30
1,38.839333333333336,3.5903975197819986,11.033333333333333,0.47135,1.0423333333333333,3.1717666666666666,48,5.937,Tiện lợi – tinh chỉnh,case_minimart_n30
2,38.745333333333335,3.537678714999021,10.903666666666666,0.4529333333333334,1.0046666666666666,3.1012333333333335,47,5.820666666666667,Tiện lợi – tinh chỉnh,case_minimart_n30
3,38.669333333333334,3.567583639323389,10.951333333333332,0.4687666666666667,1.0373333333333334,3.1508333333333334,48,5.889,Tiện lợi – tinh chỉnh,case_minimart_n30
4,38.580666666666666,3.545511951096657,10.884,0.4720666666666667,1.0486666666666666,3.139183333333333,47,5.858666666666666,Tiện lợi – tinh chỉnh,case_minimart_n30
5,38.534,3.529677282427138,10.793333333333333,0.45973333333333327,1.012,3.091666666666667,56,5.797666666666666,Tiện lợi – tinh chỉnh,case_minimart_n30
6,38.738,3.550830868086962,10.908,0.4724333333333333,1.0326666666666666,3.1405,52,5.857,Tiện lợi – tinh chỉnh,case_minimart_n30
7,38.977333333333334,3.558834040557339,10.993666666666666,0.4640666666666666,1.029,3.1464166666666666,51,5.904333333333334,Tiện lợi – tinh chỉnh,case_minimart_n30
8,38.52066666666666,3.5215984131348406,10.873666666666667,0.47975,1.0576666666666668,3.12975,47,5.836333333333333,Tiện lợi – tinh chỉnh,case_minimart_n30
9,38.43533333333333,3.513652598629577,10.779666666666667,0.44936666666666664,0.9966666666666667,3.0766666666666667,47,5.778666666666667,Tiện lợi – tinh chỉnh,case_minimart_n30
10,38.73,3.549708945479966,10.838666666666667,0.477,1.0543333333333333,3.1269833333333334,45,5.821,Tiện lợi – tinh chỉnh,case_minimart_n30
11,38.684,3.538542033292442,10.873,0.4718333333333333,1.0503333333333333,3.1126999999999994,53,5.812,Tiện lợi – tinh chỉnh,case_minimart_n30
12,38.760666666666665,3.5981068107414287,11.024333333333333,0.46895000000000003,1.0346666666666666,3.189633333333334,54,5.998333333333333,Tiện lợi – tinh chỉnh,case_minimart_n30
13,38.82933333333333,3.570973767315911,10.987666666666666,0.4672166666666667,1.0386666666666666,3.1335166666666665,54,5.8646666666666665,Tiện lợi – tinh chỉnh,case_minimart_n30
14,39.11333333333334,3.6217043297303224,11.044,0.47085,1.0363333333333333,3.2076,54,6.021,Tiện lợi – tinh chỉnh,case_minimart_n30
15,38.967333333333336,3.5728373518831527,11.036333333333333,0.4823,1.0633333333333332,3.181433333333333,53,5.937333333333333,Tiện lợi – tinh chỉnh,case_minimart_n30
16,38.95733333333333,3.593689586248799,11.032666666666668,0.47665,1.0506666666666666,3.1817333333333337,59,5.952333333333334,Tiện lợi – tinh chỉnh,case_minimart_n30
17,38.62466666666667,3.5309899682181034,10.820666666666666,0.4552166666666667,1.012,3.110016666666666,44,5.847,Tiện lợi – tinh chỉnh,case_minimart_n30
18,39.148,3.6376459794899336,11.142666666666667,0.46051666666666663,1.0246666666666666,3.2307,50,6.086,Tiện lợi – tinh chỉnh,case_minimart_n30
19,38.586666666666666,3.527094566540932,10.842,0.4656833333333334,1.0316666666666667,3.111883333333334,54,5.829666666666666,Tiện lợi – tinh chỉnh,case_minimart_n30
20,38.4,3.513269734867413,10.776333333333334,0.45768333333333333,1.0256666666666667,3.07245,50,5.757,Tiện lợi – tinh chỉnh,case_minimart_n30
21,39.037333333333336,3.619666437240023,11.102,0.4855666666666667,1.071,3.212833333333333,49,5.990333333333333,Tiện lợi – tinh chỉnh,case_minimart_n30
22,38.538666666666664,3.5209148827385373,10.865666666666666,0.46486666666666665,1.0306666666666666,3.0947,54,5.791666666666667,Tiện lợi – tinh chỉnh,case_minimart_n30
23,38.806666666666665,3.584961596386866,10.977333333333334,0.48161666666666664,1.0683333333333334,3.164183333333333,54,5.892,Tiện lợi – tinh chỉnh,case_minimart_n30
24,38.524,3.531486367467409,10.875333333333334,0.46268333333333334,1.0316666666666667,3.1105500000000004,58,5.8293333333333335,Tiện lợi – tinh chỉnh,case_minimart_n30
25,39.111333333333334,3.619967762911827,11.084666666666667,0.4551833333333334,1.0053333333333334,3.174933333333333,49,5.976333333333334,Tiện lợi – tinh chỉnh,case_minimart_n30
26,38.724,3.540105539562935,10.861333333333333,0.4623999999999999,1.0256666666666667,3.1254666666666666,55,5.862666666666667,Tiện lợi – tinh chỉnh,case_minimart_n30
27,38.854,3.5451358930929824,10.926333333333334,0.4732333333333333,1.044,3.1459,51,5.873,Tiện lợi – tinh chỉnh,case_minimart_n30
28,38.687333333333335,3.5310029214609493,10.862333333333334,0.46066666666666667,1.0203333333333333,3.0985,55,5.814,Tiện lợi – tinh chỉnh,case_minimart_n30
29,38.663333333333334,3.5439671658982084,10.91,0.45866666666666667,1.0233333333333334,3.1105,47,5.842333333333333,Tiện lợi – tinh chỉnh,case_minimart_n30
0,40.56133333333333,3.6428672283148966,10.601666666666667,0.5636666666666666,1.2226666666666666,3.214683333333333,51,5.829,Cân bằng – theo mô hình,case_minimart_n30
1,40.888666666666666,3.707231408596016,10.734666666666667,0.5487333333333333,1.191,3.24915,48,5.937,Cân bằng – theo mô hình,case_minimart_n30
2,40.67733333333333,3.674150068723788,10.643333333333333,0.5449166666666667,1.187,3.1932166666666673,65,5.820666666666667,Cân bằng – theo mô hình,case_minimart_n30
3,40.90533333333333,3.6930291292230844,10.700333333333333,0.5626833333333334,1.2186666666666666,3.24475,56,5.889,Cân bằng – theo mô hình,case_minimart_n30
4,40.86533333333333,3.680513286119081,10.697,0.5598833333333334,1.2063333333333333,3.227,53,5.858666666666666,Cân bằng – theo mô hình,case_minimart_n30
5,40.51133333333333,3.6509342325839347,10.566333333333333,0.5523166666666667,1.1953333333333334,3.18425,54,5.797666666666666,Cân bằng – theo mô hình,case_minimart_n30
6,40.602,3.6705087757343264,10.671333333333333,0.5440166666666667,1.179,3.212083333333333,47,5.857,Cân bằng – theo mô hình,case_minimart_n30
7,41.014,3.7019823711642816,10.734333333333334,0.5488666666666666,1.186,3.231216666666667,61,5.904333333333334,Cân bằng – theo mô hình,case_minimart_n30
8,40.583333333333336,3.662392314736552,10.632,0.5536666666666668,1.1973333333333334,3.203666666666667,48,5.836333333333333,Cân bằng – theo mô hình,case_minimart_n30
9,40.462666666666664,3.6368645176332013,10.501,0.542,1.1726666666666667,3.1693000000000007,65,5.778666666666667,Cân bằng – theo mô hình,case_minimart_n30
10,40.63133333333333,3.664286531022654,10.556333333333333,0.5442,1.178,3.194183333333333,65,5.821,Cân bằng – theo mô hình,case_minimart_n30
11,40.55866666666667,3.658094594412927,10.599,0.5490333333333333,1.1983333333333333,3.1899,63,5.812,Cân bằng – theo mô hình,case_minimart_n30
12,40.98866666666667,3.7219429547527323,10.768,0.5552666666666667,1.203,3.27595,62,5.998333333333333,Cân bằng – theo mô hình,case_minimart_n30
13,40.85333333333333,3.685353569933709,10.726666666666667,0.5447000000000001,1.1796666666666666,3.211,64,5.8646666666666665,Cân bằng – theo mô hình,case_minimart_n30
14,41.132,3.755817194922879,10.828333333333333,0.5539666666666666,1.2006666666666668,3.2907166666666665,52,6.021,Cân bằng – theo mô hình,case_minimart_n30
15,41.05,3.7134678344110412,10.833,0.5686666666666667,1.2386666666666666,3.2678,56,5.937333333333333,Cân bằng – theo mô hình,case_minimart_n30
16,41.11666666666667,3.723569430470563,10.828666666666667,0.5594,1.2106666666666666,3.2644833333333336,58,5.952333333333334,Cân bằng – theo mô hình,case_minimart_n30
17,40.59866666666667,3.659073516620025,10.604,0.55075,1.194,3.2055499999999997,67,5.847,Cân bằng – theo mô hình,case_minimart_n30
18,41.466,3.800141168322009,10.971666666666666,0.5776333333333333,1.253,3.347816666666667,58,6.086,Cân bằng – theo mô hình,case_minimart_n30
19,40.61866666666667,3.6618903893313606,10.644333333333334,0.5554666666666667,1.2073333333333334,3.2016666666666667,60,5.829666666666666,Cân bằng – theo mô hình,case_minimart_n30
20,40.34,3.6181828585907,10.482666666666667,0.5466000000000001,1.1886666666666668,3.161366666666667,67,5.757,Cân bằng – theo mô hình,case_minimart_n30
21,41.05,3.730116825076395,10.777333333333333,0.5623,1.2186666666666666,3.289566666666667,56,5.990333333333333,Cân bằng – theo mô hình,case_minimart_n30
22,40.51133333333333,3.64345805218627,10.559,0.5441833333333334,1.184,3.1740166666666663,55,5.791666666666667,Cân bằng – theo mô hình,case_minimart_n30
23,40.72666666666667,3.7124800034503873,10.736,0.5671333333333334,1.226,3.2497000000000003,64,5.892,Cân bằng – theo mô hình,case_minimart_n30
24,40.583333333333336,3.648104478421783,10.634666666666666,0.5524166666666667,1.198,3.2002833333333336,52,5.8293333333333335,Cân bằng – theo mô hình,case_minimart_n30
25,41.14266666666666,3.715961330652333,10.782333333333334,0.55345,1.203,3.2732,69,5.976333333333334,Cân bằng – theo mô hình,case_minimart_n30
26,40.59466666666667,3.674520546015697,10.633333333333333,0.5582166666666667,1.206,3.221283333333333,69,5.862666666666667,Cân bằng – theo mô hình,case_minimart_n30
27,40.733333333333334,3.686694790398799,10.728666666666667,0.5669166666666666,1.232,3.2395833333333335,56,5.873,Cân bằng – theo mô hình,case_minimart_n30
28,40.617333333333335,3.652620972698484,10.604666666666667,0.53575,1.1676666666666666,3.173583333333333,59,5.814,Cân bằng – theo mô hình,case_minimart_n30
29,40.675333333333334,3.6670299830268704,10.632333333333333,0.5609833333333334,1.215,3.212816666666667,71,5.842333333333333,Cân bằng – theo mô hình,case_minimart_n30
0,43.32066666666667,3.8777868643275593,11.993,0.6827,1.4606666666666666,3.3337166666666667,69,5.829,Cân bằng – chọn bằng mô phỏng,case_minimart_n30
1,43.772,3.9466813933125637,12.185333333333332,0.6827333333333333,1.4563333333333333,3.38315,82,5.937,Cân bằng – chọn bằng mô phỏng,case_minimart_n30
2,43.333333333333336,3.8894618241952945,11.936666666666667,0.6678166666666667,1.42,3.316116666666667,71,5.820666666666667,Cân bằng – chọn bằng mô phỏng,case_minimart_n30
3,43.60933333333333,3.9343806281565037,12.129666666666667,0.6899833333333333,1.4753333333333334,3.3720499999999998,64,5.889,Cân bằng – chọn bằng mô phỏng,case_minimart_n30
4,43.58533333333333,3.9146478443796258,12.061666666666667,0.6940500000000001,1.4763333333333333,3.3611666666666666,80,5.858666666666666,Cân bằng – chọn bằng mô phỏng,case_minimart_n30
5,43.41,3.8861551235629146,11.956666666666667,0.6828333333333333,1.461,3.3147666666666664,76,5.797666666666666,Cân bằng – chọn bằng mô phỏng,case_minimart_n30
6,43.572,3.9088577294348483,12.096,0.66815,1.429,3.3362166666666666,69,5.857,Cân bằng – chọn bằng mô phỏng,case_minimart_n30
7,43.568,3.9059741957888754,12.061333333333334,0.6811999999999999,1.4573333333333334,3.3635500000000005,85,5.904333333333334,Cân bằng – chọn bằng mô phỏng,case_minimart_n30
8,43.33866666666667,3.888433770733694,11.999,0.6765833333333333,1.4476666666666667,3.3265833333333332,65,5.836333333333333,Cân bằng – chọn bằng mô phỏng,case_minimart_n30
9,43.22533333333333,3.8784499797191128,11.903333333333334,0.6746000000000001,1.444,3.3019000000000003,66,5.778666666666667,Cân bằng – chọn bằng mô phỏng,case_minimart_n30
10,43.58266666666667,3.8946580037721,12.009,0.67525,1.438,3.3252333333333337,65,5.821,Cân bằng – chọn bằng mô phỏng,case_minimart_n30
11,43.382666666666665,3.882160036520857,12.021666666666667,0.6788166666666666,1.443,3.319683333333333,76,5.812,Cân bằng – chọn bằng mô phỏng,case_minimart_n30
12,43.68533333333333,3.9633278778965773,12.195333333333334,0.6997333333333333,1.4973333333333334,3.4204166666666667,72,5.998333333333333,Cân bằng – chọn bằng mô phỏng,case_minimart_n30
13,43.711333333333336,3.934464122633958,12.171666666666667,0.6812999999999999,1.4516666666666667,3.3476000000000004,77,5.8646666666666665,Cân bằng – chọn bằng mô phỏng,case_minimart_n30
14,43.984,3.987498645424453,12.273333333333333,0.6829500000000002,1.4623333333333333,3.4196999999999993,78,6.021,Cân bằng – chọn bằng mô phỏng,case_minimart_n30
15,43.678,3.945485622490413,12.216,0.6872666666666666,1.475,3.3864,81,5.937333333333333,Cân bằng – chọn bằng mô phỏng,case_minimart_n30
16,43.818666666666665,3.9593765857358654,12.230666666666666,0.6893166666666666,1.4703333333333333,3.3944,75,5.952333333333334,Cân bằng – chọn bằng mô phỏng,case_minimart_n30
17,43.50333333333333,3.9025684127583165,12.059333333333333,0.6795166666666668,1.457,3.334316666666667,67,5.847,Cân bằng – chọn bằng mô phỏng,case_minimart_n30
18,44.04933333333334,3.9862765245998903,12.287,0.671,1.4336666666666666,3.441183333333333,81,6.086,Cân bằng – chọn bằng mô phỏng,case_minimart_n30
19,43.42066666666667,3.8712042655840198,11.952333333333334,0.6653666666666667,1.423,3.3115666666666668,78,5.829666666666666,Cân bằng – chọn bằng mô phỏng,case_minimart_n30
20,43.42066666666667,3.862253539425128,11.919333333333332,0.6820666666666667,1.4626666666666666,3.2968333333333333,68,5.757,Cân bằng – chọn bằng mô phỏng,case_minimart_n30
21,43.964,3.9898752332127185,12.309333333333333,0.6948833333333332,1.489,3.4221500000000002,63,5.990333333333333,Cân bằng – chọn bằng mô phỏng,case_minimart_n30
22,43.47533333333333,3.899102803029713,12.059,0.6835166666666668,1.4586666666666666,3.31335,67,5.791666666666667,Cân bằng – chọn bằng mô phỏng,case_minimart_n30
23,43.58533333333333,3.9407058438011884,12.118666666666666,0.7038500000000001,1.5033333333333334,3.3864166666666673,75,5.892,Cân bằng – chọn bằng mô phỏng,case_minimart_n30
24,43.59133333333333,3.8899321433477416,12.015333333333333,0.6688833333333334,1.4293333333333333,3.31675,65,5.8293333333333335,Cân bằng – chọn bằng mô phỏng,case_minimart_n30
25,43.78,3.978130697246555,12.261666666666667,0.6910166666666667,1.4636666666666667,3.4107666666666665,74,5.976333333333334,Cân bằng – chọn bằng mô phỏng,case_minimart_n30
26,43.52,3.914744513536757,12.046333333333333,0.6803999999999999,1.453,3.343466666666667,80,5.862666666666667,Cân bằng – chọn bằng mô phỏng,case_minimart_n30
27,43.528666666666666,3.9140857321080738,12.095333333333333,0.6878666666666666,1.464,3.3605333333333327,73,5.873,Cân bằng – chọn bằng mô phỏng,case_minimart_n30
28,43.568666666666665,3.9119825147819283,12.085333333333333,0.68435,1.462,3.3221833333333337,73,5.814,Cân bằng – chọn bằng mô phỏng,case_minimart_n30
29,43.534666666666666,3.892621113355472,12.038333333333334,0.6878666666666666,1.465,3.3396999999999997,83,5.842333333333333,Cân bằng – chọn bằng mô phỏng,case_minimart_n30
0,42.586,4.1781949333221755,12.836666666666666,0.9039833333333332,1.9153333333333333,3.555,64,5.829,Cân bằng – tinh chỉnh,case_minimart_n30
1,43.154666666666664,4.265770664459646,13.079,0.8908666666666665,1.8886666666666667,3.5912833333333327,77,5.937,Cân bằng – tinh chỉnh,case_minimart_n30
2,42.69733333333333,4.193105065237226,12.827,0.8723333333333333,1.8526666666666667,3.520633333333333,76,5.820666666666667,Cân bằng – tinh chỉnh,case_minimart_n30
3,42.818,4.225540546159023,12.910666666666666,0.89175,1.8853333333333333,3.573816666666667,66,5.889,Cân bằng – tinh chỉnh,case_minimart_n30
4,42.955333333333336,4.214936562550816,12.91,0.9005166666666667,1.9036666666666666,3.5676333333333337,79,5.858666666666666,Cân bằng – tinh chỉnh,case_minimart_n30
5,42.628,4.176451471343321,12.752333333333333,0.8901666666666667,1.8873333333333333,3.5220999999999996,75,5.797666666666666,Cân bằng – tinh chỉnh,case_minimart_n30
6,42.894666666666666,4.203909568875088,12.932,0.89285,1.8896666666666666,3.5609166666666665,64,5.857,Cân bằng – tinh chỉnh,case_minimart_n30
7,42.892,4.209969366332448,12.899333333333333,0.8746833333333333,1.8546666666666667,3.5570333333333335,73,5.904333333333334,Cân bằng – tinh chỉnh,case_minimart_n30
8,42.672,4.195966724155445,12.854333333333333,0.8865666666666666,1.8776666666666666,3.536566666666667,79,5.836333333333333,Cân bằng – tinh chỉnh,case_minimart_n30
9,42.402,4.183592833190371,12.749,0.8912333333333333,1.8946666666666667,3.5185333333333335,75,5.778666666666667,Cân bằng – tinh chỉnh,case_minimart_n30
10,42.74,4.198694763208857,12.828666666666667,0.9086333333333334,1.9223333333333332,3.558616666666666,74,5.821,Cân bằng – tinh chỉnh,case_minimart_n30
11,42.77,4.192492348888285,12.88,0.8883500000000001,1.8853333333333333,3.5292166666666667,83,5.812,Cân bằng – tinh chỉnh,case_minimart_n30
12,43.096666666666664,4.258898626600319,13.013333333333334,0.9032333333333332,1.9123333333333334,3.6239166666666667,80,5.998333333333333,Cân bằng – tinh chỉnh,case_minimart_n30
13,42.89266666666666,4.1963475607567196,12.904666666666667,0.8791166666666667,1.8553333333333333,3.5454166666666667,65,5.8646666666666665,Cân bằng – tinh chỉnh,case_minimart_n30
14,43.236,4.304988382084225,13.153,0.9039833333333335,1.91,3.6407333333333334,77,6.021,Cân bằng – tinh chỉnh,case_minimart_n30
15,43.132,4.222999435665582,13.027333333333333,0.9172833333333335,1.9376666666666666,3.616416666666667,74,5.937333333333333,Cân bằng – tinh chỉnh,case_minimart_n30
16,43.108,4.254608548317202,13.065666666666667,0.9110333333333333,1.9323333333333332,3.6161166666666666,82,5.952333333333334,Cân bằng – tinh chỉnh,case_minimart_n30
17,42.83266666666667,4.200121392147696,12.900666666666666,0.8970333333333333,1.895,3.551833333333333,72,5.847,Cân bằng – tinh chỉnh,case_minimart_n30
18,43.272666666666666,4.286082821163135,13.093666666666667,0.8998833333333334,1.9,3.670066666666667,72,6.086,Cân bằng – tinh chỉnh,case_minimart_n30
19,42.693333333333335,4.168510670710216,12.780666666666667,0.8728833333333333,1.8503333333333334,3.519083333333333,71,5.829666666666666,Cân bằng – tinh chỉnh,case_minimart_n30
20,42.665333333333336,4.164158251989727,12.777333333333333,0.8951666666666667,1.8916666666666666,3.5099333333333336,71,5.757,Cân bằng – tinh chỉnh,case_minimart_n30
21,43.184,4.272592595845001,13.089666666666666,0.9129,1.927,3.6401666666666666,75,5.990333333333333,Cân bằng – tinh chỉnh,case_minimart_n30
22,42.60733333333334,4.160999276612345,12.757666666666667,0.8802000000000001,1.8633333333333333,3.5100333333333342,70,5.791666666666667,Cân bằng – tinh chỉnh,case_minimart_n30
23,42.944,4.247913977722858,12.951,0.9026666666666666,1.9086666666666667,3.5852333333333335,71,5.892,Cân bằng – tinh chỉnh,case_minimart_n30
24,42.82666666666667,4.180491829865228,12.796666666666667,0.8643666666666668,1.834,3.5122333333333335,74,5.8293333333333335,Cân bằng – tinh chỉnh,case_minimart_n30
25,43.281333333333336,4.251048390158464,13.019,0.8877666666666667,1.876,3.6075166666666663,80,5.976333333333334,Cân bằng – tinh chỉnh,case_minimart_n30
26,42.71933333333333,4.191482565073878,12.826666666666666,0.8681000000000001,1.8433333333333333,3.5311666666666666,77,5.862666666666667,Cân bằng – tinh chỉnh,case_minimart_n30
27,42.885333333333335,4.196259154857522,12.916,0.8926999999999999,1.881,3.5653666666666672,75,5.873,Cân bằng – tinh chỉnh,case_minimart_n30
28,42.69133333333333,4.1831545304278235,12.812333333333333,0.8875166666666667,1.8833333333333333,3.5253499999999995,77,5.814,Cân bằng – tinh chỉnh,case_minimart_n30
29,42.75666666666667,4.180338207963893,12.875333333333334,0.9152,1.9313333333333333,3.5670333333333333,76,5.842333333333333,Cân bằng – tinh chỉnh,case_minimart_n30
0,43.059333333333335,3.873988339974502,11.951,0.6748833333333333,1.4256666666666666,3.3259000000000003,70,5.829,Giá trị – theo mô hình,case_minimart_n30
1,43.52333333333333,3.9378379294415273,12.139,0.6679166666666667,1.4206666666666667,3.368333333333333,72,5.937,Giá trị – theo mô hình,case_minimart_n30
2,43.068,3.8693203444253177,11.867666666666667,0.6484833333333333,1.3696666666666666,3.2967833333333334,66,5.820666666666667,Giá trị – theo mô hình,case_minimart_n30
3,43.315333333333335,3.9423136975883257,12.097,0.6829333333333334,1.4453333333333334,3.365,60,5.889,Giá trị – theo mô hình,case_minimart_n30
4,43.346,3.9012596226496536,12.01,0.6674166666666667,1.412,3.3345333333333342,71,5.858666666666666,Giá trị – theo mô hình,case_minimart_n30
5,43.238,3.886546927538792,11.930666666666667,0.6608333333333334,1.4073333333333333,3.2927666666666666,63,5.797666666666666,Giá trị – theo mô hình,case_minimart_n30
6,43.318,3.9044128240628404,12.025333333333334,0.6586166666666666,1.402,3.326683333333333,61,5.857,Giá trị – theo mô hình,case_minimart_n30
7,43.403333333333336,3.9106049991652703,12.016333333333334,0.6719666666666667,1.4296666666666666,3.354316666666666,65,5.904333333333334,Giá trị – theo mô hình,case_minimart_n30
8,43.14666666666667,3.889598770174433,11.968,0.6831333333333334,1.4556666666666667,3.333133333333334,63,5.836333333333333,Giá trị – theo mô hình,case_minimart_n30
9,42.99066666666667,3.8869251450340006,11.868333333333334,0.6463333333333333,1.3766666666666667,3.2736333333333336,64,5.778666666666667,Giá trị – theo mô hình,case_minimart_n30
10,43.37866666666667,3.9008512667513253,11.946,0.6768666666666666,1.4386666666666668,3.3268500000000003,71,5.821,Giá trị – theo mô hình,case_minimart_n30
11,43.10333333333333,3.8903789673037914,12.004666666666667,0.6616666666666666,1.4063333333333334,3.3025333333333333,64,5.812,Giá trị – theo mô hình,case_minimart_n30
12,43.440666666666665,3.968499566087641,12.131333333333334,0.65465,1.3923333333333334,3.3753333333333333,77,5.998333333333333,Giá trị – theo mô hình,case_minimart_n30
13,43.43533333333333,3.939888534148516,12.111666666666666,0.6837333333333333,1.4506666666666668,3.350033333333334,76,5.8646666666666665,Giá trị – theo mô hình,case_minimart_n30
14,43.652,3.9999358787367285,12.244333333333334,0.6756833333333333,1.4306666666666668,3.412433333333333,64,6.021,Giá trị – theo mô hình,case_minimart_n30
15,43.278,3.9291571839532393,12.115666666666666,0.6674166666666667,1.4193333333333333,3.3665499999999997,73,5.937333333333333,Giá trị – theo mô hình,case_minimart_n30
16,43.519333333333336,3.9531897866838257,12.176333333333334,0.6685833333333333,1.4186666666666667,3.373666666666667,68,5.952333333333334,Giá trị – theo mô hình,case_minimart_n30
17,43.269333333333336,3.901362514635965,11.983666666666666,0.6384333333333333,1.3576666666666666,3.2932333333333337,67,5.847,Giá trị – theo mô hình,case_minimart_n30
18,43.87866666666667,3.998561710089699,12.267666666666667,0.6760166666666667,1.4376666666666666,3.4462000000000006,69,6.086,Giá trị – theo mô hình,case_minimart_n30
19,43.13733333333333,3.897910324414223,11.926666666666666,0.6628666666666666,1.4133333333333333,3.309066666666667,72,5.829666666666666,Giá trị – theo mô hình,case_minimart_n30
20,43.11,3.8685667604096117,11.869666666666667,0.6639833333333334,1.42,3.27875,65,5.757,Giá trị – theo mô hình,case_minimart_n30
21,43.69733333333333,3.9832916934821756,12.225,0.6836333333333332,1.457,3.4109000000000003,70,5.990333333333333,Giá trị – theo mô hình,case_minimart_n30
22,43.24066666666667,3.9024554396664763,11.978,0.6689333333333333,1.4246666666666667,3.2987666666666664,76,5.791666666666667,Giá trị – theo mô hình,case_minimart_n30
23,43.312,3.9556395295618123,12.076,0.6942333333333334,1.465,3.3768,80,5.892,Giá trị – theo mô hình,case_minimart_n30
24,43.284,3.8807718941829243,11.906666666666666,0.6596666666666666,1.407,3.3075333333333337,69,5.8293333333333335,Giá trị – theo mô hình,case_minimart_n30
25,43.662,3.976059168081734,12.234666666666667,0.6964166666666667,1.4716666666666667,3.416166666666667,73,5.976333333333334,Giá trị – theo mô hình,case_minimart_n30
26,43.236666666666665,3.912053143503519,12.002666666666666,0.6555500000000001,1.3923333333333334,3.3186166666666668,78,5.862666666666667,Giá trị – theo mô hình,case_minimart_n30
27,43.282,3.9042272672003824,12.020333333333333,0.6659666666666667,1.4203333333333332,3.338633333333334,80,5.873,Giá trị – theo mô hình,case_minimart_n30
28,43.38,3.928920830516176,12.091333333333333,0.6732666666666667,1.4343333333333332,3.3110999999999997,71,5.814,Giá trị – theo mô hình,case_minimart_n30
29,43.23866666666667,3.8873638745908643,11.969,0.6686833333333334,1.415,3.3205166666666663,69,5.842333333333333,Giá trị – theo mô hình,case_minimart_n30
0,43.32066666666667,3.8777868643275593,11.993,0.6827,1.4606666666666666,3.3337166666666667,69,5.829,Giá trị – chọn bằng mô phỏng,case_minimart_n30
1,43.772,3.9466813933125637,12.185333333333332,0.6827333333333333,1.4563333333333333,3.38315,82,5.937,Giá trị – chọn bằng mô phỏng,case_minimart_n30
2,43.333333333333336,3.8894618241952945,11.936666666666667,0.6678166666666667,1.42,3.316116666666667,71,5.820666666666667,Giá trị – chọn bằng mô phỏng,case_minimart_n30
3,43.60933333333333,3.9343806281565037,12.129666666666667,0.6899833333333333,1.4753333333333334,3.3720499999999998,64,5.889,Giá trị – chọn bằng mô phỏng,case_minimart_n30
4,43.58533333333333,3.9146478443796258,12.061666666666667,0.6940500000000001,1.4763333333333333,3.3611666666666666,80,5.858666666666666,Giá trị – chọn bằng mô phỏng,case_minimart_n30
5,43.41,3.8861551235629146,11.956666666666667,0.6828333333333333,1.461,3.3147666666666664,76,5.797666666666666,Giá trị – chọn bằng mô phỏng,case_minimart_n30
6,43.572,3.9088577294348483,12.096,0.66815,1.429,3.3362166666666666,69,5.857,Giá trị – chọn bằng mô phỏng,case_minimart_n30
7,43.568,3.9059741957888754,12.061333333333334,0.6811999999999999,1.4573333333333334,3.3635500000000005,85,5.904333333333334,Giá trị – chọn bằng mô phỏng,case_minimart_n30
8,43.33866666666667,3.888433770733694,11.999,0.6765833333333333,1.4476666666666667,3.3265833333333332,65,5.836333333333333,Giá trị – chọn bằng mô phỏng,case_minimart_n30
9,43.22533333333333,3.8784499797191128,11.903333333333334,0.6746000000000001,1.444,3.3019000000000003,66,5.778666666666667,Giá trị – chọn bằng mô phỏng,case_minimart_n30
10,43.58266666666667,3.8946580037721,12.009,0.67525,1.438,3.3252333333333337,65,5.821,Giá trị – chọn bằng mô phỏng,case_minimart_n30
11,43.382666666666665,3.882160036520857,12.021666666666667,0.6788166666666666,1.443,3.319683333333333,76,5.812,Giá trị – chọn bằng mô phỏng,case_minimart_n30
12,43.68533333333333,3.9633278778965773,12.195333333333334,0.6997333333333333,1.4973333333333334,3.4204166666666667,72,5.998333333333333,Giá trị – chọn bằng mô phỏng,case_minimart_n30
13,43.711333333333336,3.934464122633958,12.171666666666667,0.6812999999999999,1.4516666666666667,3.3476000000000004,77,5.8646666666666665,Giá trị – chọn bằng mô phỏng,case_minimart_n30
14,43.984,3.987498645424453,12.273333333333333,0.6829500000000002,1.4623333333333333,3.4196999999999993,78,6.021,Giá trị – chọn bằng mô phỏng,case_minimart_n30
15,43.678,3.945485622490413,12.216,0.6872666666666666,1.475,3.3864,81,5.937333333333333,Giá trị – chọn bằng mô phỏng,case_minimart_n30
16,43.818666666666665,3.9593765857358654,12.230666666666666,0.6893166666666666,1.4703333333333333,3.3944,75,5.952333333333334,Giá trị – chọn bằng mô phỏng,case_minimart_n30
17,43.50333333333333,3.9025684127583165,12.059333333333333,0.6795166666666668,1.457,3.334316666666667,67,5.847,Giá trị – chọn bằng mô phỏng,case_minimart_n30
18,44.04933333333334,3.9862765245998903,12.287,0.671,1.4336666666666666,3.441183333333333,81,6.086,Giá trị – chọn bằng mô phỏng,case_minimart_n30
19,43.42066666666667,3.8712042655840198,11.952333333333334,0.6653666666666667,1.423,3.3115666666666668,78,5.829666666666666,Giá trị – chọn bằng mô phỏng,case_minimart_n30
20,43.42066666666667,3.862253539425128,11.919333333333332,0.6820666666666667,1.4626666666666666,3.2968333333333333,68,5.757,Giá trị – chọn bằng mô phỏng,case_minimart_n30
21,43.964,3.9898752332127185,12.309333333333333,0.6948833333333332,1.489,3.4221500000000002,63,5.990333333333333,Giá trị – chọn bằng mô phỏng,case_minimart_n30
22,43.47533333333333,3.899102803029713,12.059,0.6835166666666668,1.4586666666666666,3.31335,67,5.791666666666667,Giá trị – chọn bằng mô phỏng,case_minimart_n30
23,43.58533333333333,3.9407058438011884,12.118666666666666,0.7038500000000001,1.5033333333333334,3.3864166666666673,75,5.892,Giá trị – chọn bằng mô phỏng,case_minimart_n30
24,43.59133333333333,3.8899321433477416,12.015333333333333,0.6688833333333334,1.4293333333333333,3.31675,65,5.8293333333333335,Giá trị – chọn bằng mô phỏng,case_minimart_n30
25,43.78,3.978130697246555,12.261666666666667,0.6910166666666667,1.4636666666666667,3.4107666666666665,74,5.976333333333334,Giá trị – chọn bằng mô phỏng,case_minimart_n30
26,43.52,3.914744513536757,12.046333333333333,0.6803999999999999,1.453,3.343466666666667,80,5.862666666666667,Giá trị – chọn bằng mô phỏng,case_minimart_n30
27,43.528666666666666,3.9140857321080738,12.095333333333333,0.6878666666666666,1.464,3.3605333333333327,73,5.873,Giá trị – chọn bằng mô phỏng,case_minimart_n30
28,43.568666666666665,3.9119825147819283,12.085333333333333,0.68435,1.462,3.3221833333333337,73,5.814,Giá trị – chọn bằng mô phỏng,case_minimart_n30
29,43.534666666666666,3.892621113355472,12.038333333333334,0.6878666666666666,1.465,3.3396999999999997,83,5.842333333333333,Giá trị – chọn bằng mô phỏng,case_minimart_n30
0,42.66266666666667,4.197624651803562,12.848666666666666,0.87745,1.8673333333333333,3.5284666666666666,72,5.829,Giá trị – tinh chỉnh,case_minimart_n30
1,43.078,4.266500195059286,13.066333333333333,0.8967333333333333,1.901,3.59715,70,5.937,Giá trị – tinh chỉnh,case_minimart_n30
2,42.61,4.1967755565650045,12.814666666666668,0.8816166666666668,1.8566666666666667,3.529916666666667,75,5.820666666666667,Giá trị – tinh chỉnh,case_minimart_n30
3,42.782,4.234542674747826,12.909666666666666,0.8937833333333335,1.884,3.57585,69,5.889,Giá trị – tinh chỉnh,case_minimart_n30
4,42.86933333333333,4.211649059705061,12.88,0.8983666666666668,1.9023333333333334,3.565483333333334,68,5.858666666666666,Giá trị – tinh chỉnh,case_minimart_n30
5,42.64066666666667,4.178190654867826,12.752,0.8805833333333334,1.873,3.5125166666666665,77,5.797666666666666,Giá trị – tinh chỉnh,case_minimart_n30
6,42.87,4.216155731745087,12.908333333333333,0.8952166666666667,1.8916666666666666,3.5632833333333336,72,5.857,Giá trị – tinh chỉnh,case_minimart_n30
7,42.876666666666665,4.214377540806486,12.903666666666666,0.8785666666666666,1.8623333333333334,3.5609166666666665,70,5.904333333333334,Giá trị – tinh chỉnh,case_minimart_n30
8,42.62466666666667,4.192711238134944,12.810333333333332,0.8839666666666667,1.8803333333333334,3.533966666666667,74,5.836333333333333,Giá trị – tinh chỉnh,case_minimart_n30
9,42.474,4.188991180716817,12.738666666666667,0.8927999999999999,1.8843333333333334,3.5201,74,5.778666666666667,Giá trị – tinh chỉnh,case_minimart_n30
10,42.766666666666666,4.217885689005872,12.843333333333334,0.8978166666666667,1.8916666666666666,3.5478000000000005,69,5.821,Giá trị – tinh chỉnh,case_minimart_n30
11,42.75,4.200118445840175,12.838,0.8995500000000001,1.8946666666666667,3.5404166666666668,76,5.812,Giá trị – tinh chỉnh,case_minimart_n30
12,43.074,4.268598995589267,12.974333333333334,0.8834666666666667,1.8676666666666666,3.60415,72,5.998333333333333,Giá trị – tinh chỉnh,case_minimart_n30
13,42.95,4.217626724919812,12.914333333333333,0.8890666666666666,1.8793333333333333,3.5553666666666675,71,5.8646666666666665,Giá trị – tinh chỉnh,case_minimart_n30
14,43.132,4.304480261872599,13.050666666666666,0.8999166666666667,1.8996666666666666,3.6366666666666667,76,6.021,Giá trị – tinh chỉnh,case_minimart_n30
15,43.12466666666667,4.244817564186847,12.997,0.9140833333333334,1.9433333333333334,3.6132166666666667,73,5.937333333333333,Giá trị – tinh chỉnh,case_minimart_n30
16,43.016,4.25363283384618,13.014333333333333,0.8969166666666667,1.8976666666666666,3.602,77,5.952333333333334,Giá trị – tinh chỉnh,case_minimart_n30
17,42.884,4.204962658436733,12.895666666666667,0.8858833333333334,1.8636666666666666,3.540683333333333,69,5.847,Giá trị – tinh chỉnh,case_minimart_n30
18,43.336,4.300599306767061,13.086,0.8900333333333335,1.884,3.6602166666666673,79,6.086,Giá trị – tinh chỉnh,case_minimart_n30
19,42.678,4.19320686410756,12.819,0.8894,1.8926666666666667,3.5356000000000005,77,5.829666666666666,Giá trị – tinh chỉnh,case_minimart_n30
20,42.71,4.183050580828591,12.773666666666667,0.9053333333333333,1.9113333333333333,3.5201,71,5.757,Giá trị – tinh chỉnh,case_minimart_n30
21,43.287333333333336,4.291539612576688,13.122666666666667,0.9084166666666667,1.917,3.6356833333333336,76,5.990333333333333,Giá trị – tinh chỉnh,case_minimart_n30
22,42.61,4.170135036321699,12.754,0.8686333333333334,1.8473333333333333,3.4984666666666673,74,5.791666666666667,Giá trị – tinh chỉnh,case_minimart_n30
23,43.019333333333336,4.262920541245464,12.955333333333334,0.8926333333333335,1.8823333333333334,3.5751999999999997,72,5.892,Giá trị – tinh chỉnh,case_minimart_n30
24,42.693333333333335,4.185826296757549,12.787333333333333,0.8867166666666667,1.874,3.5345833333333334,73,5.8293333333333335,Giá trị – tinh chỉnh,case_minimart_n30
25,43.334,4.2720031735942054,13.013,0.8993500000000001,1.905,3.6190999999999995,80,5.976333333333334,Giá trị – tinh chỉnh,case_minimart_n30
26,42.751333333333335,4.21811844911518,12.838666666666667,0.8798833333333334,1.8686666666666667,3.5429500000000003,81,5.862666666666667,Giá trị – tinh chỉnh,case_minimart_n30
27,42.78933333333333,4.199749096356948,12.860333333333333,0.8966666666666666,1.8973333333333333,3.5693333333333332,74,5.873,Giá trị – tinh chỉnh,case_minimart_n30
28,42.7,4.193448541337233,12.797333333333333,0.8729166666666667,1.845,3.51075,81,5.814,Giá trị – tinh chỉnh,case_minimart_n30
29,42.69466666666667,4.196888548385922,12.839333333333334,0.9052833333333333,1.9166666666666667,3.557116666666666,74,5.842333333333333,Giá trị – tinh chỉnh,case_minimart_n30
