cand,distance_m,trip_time_min,exposed_slots,impulse_revenue,impulse_items,basket_value,congestion_cells,z1,z2,instance
0,29.0945,2.7114055006188913,8.053,0.4697125,1.0147499999999998,2.6948,41.0,193.4706222567353,1.0846030791705998,grid_small
1,29.0945,2.711630400955329,8.053,0.4739,1.0187499999999998,2.6989875000000003,40.0,193.47062225673534,1.0955167474413714,grid_small
2,29.156,2.7045233868896457,8.06325,0.47763750000000005,1.0275,2.702725,38.5,193.47932603579824,1.119638888941474,grid_small
3,29.118000000000002,2.7518156272688916,8.019,0.49871250000000006,1.08025,2.7237999999999998,40.0,193.52702757358196,1.1761206311474648,grid_small
4,29.134,2.7597652453123027,8.074,0.5044500000000001,1.08975,2.7295375,46.0,193.53825948063547,1.1773228812346337,grid_small
5,29.177,2.7418991035661073,8.03275,0.49655000000000005,1.07525,2.7216375,38.5,193.5793155823032,1.200242772647567,grid_small
6,29.204,2.7637865522038485,8.1035,0.5149,1.1025,2.7399875000000002,42.5,193.7031347418173,1.2040142317086517,grid_small
7,29.1065,2.740702199272087,8.013,0.5034375,1.08325,2.7285250000000003,42.5,193.72899158618094,1.2398304894428807,grid_small
8,29.1355,2.751198603760389,8.02325,0.5118375000000001,1.104,2.7369250000000003,41.0,193.7833006039382,1.2414082645750013,grid_small
9,29.2155,2.758651213184833,8.10375,0.5176875000000001,1.11725,2.742775,39.0,193.93919581511744,1.244389197797958,grid_small
10,29.191499999999998,2.7994792039211225,8.089,0.5314125,1.1749999999999998,2.7565,41.5,194.13090264684973,1.257543283007199,grid_small
11,29.1615,2.8014430149645295,8.09975,0.5303625,1.169,2.75545,41.0,194.38040455025697,1.2606599153195777,grid_small
12,29.1775,2.797692749607675,8.0915,0.53975,1.1862499999999998,2.7648375,41.0,194.40124496147754,1.2632291242934934,grid_small
13,29.615000000000002,2.763097798250682,8.04975,0.50785,1.1644999999999999,2.7329375000000002,37.5,194.47927376832314,1.2703911937459305,grid_small
14,29.651,2.787347682243319,8.131,0.5090125000000001,1.1832500000000001,2.7340999999999998,41.5,194.53931354138282,1.2737910942440298,grid_small
15,29.256999999999998,2.806286620541165,8.10325,0.5311375,1.1755,2.7562249999999997,41.5,194.73522354923523,1.2815054593642945,grid_small
16,29.2785,2.806727220758896,8.126750000000001,0.5327250000000001,1.1720000000000002,2.7578125,42.5,194.8815843018371,1.2828183152578303,grid_small
17,29.342,2.816620410996534,8.1285,0.54305,1.1895,2.7681375,45.0,195.20855033668957,1.2871250334838742,grid_small
18,29.703000000000003,2.7752179852732404,8.04925,0.5207125,1.185,2.7457999999999996,36.5,195.26698444047048,1.2952972692531433,grid_small
19,29.750500000000002,2.788115511155791,8.130500000000001,0.5044,1.17075,2.7294875000000003,36.5,195.54195304887384,1.2994955219927944,grid_small
20,29.4025,2.8039972114003566,8.123999999999999,0.5326375,1.1755,2.7577249999999998,40.5,195.74367034654574,1.305553218229738,grid_small
21,29.448,2.820391346192213,8.119250000000001,0.5392125,1.18225,2.7643000000000004,44.0,196.05729386392284,1.309859936455782,grid_small
22,29.520000000000003,2.826445901955127,8.150749999999999,0.5505625000000001,1.2077499999999999,2.7756499999999997,41.0,196.41470632523558,1.3121465514983162,grid_small
23,29.881999999999998,2.806104569594513,8.141,0.5191625,1.18925,2.74425,38.0,196.57891859838548,1.3171992090204676,grid_small
24,29.878,2.7965075144201847,8.13675,0.5363999999999999,1.23075,2.7614875000000003,41.0,197.04822701257783,1.3205537630511424,grid_small
25,29.8965,2.806982402469708,8.1705,0.5280625,1.2115,2.7531499999999998,42.5,197.07986501302338,1.3210682667031262,grid_small
26,29.9095,2.812104732253945,8.091750000000001,0.5350999999999999,1.214,2.7601875,39.5,197.09022392879677,1.327295220010989,grid_small
27,29.597,2.811912454871316,8.099,0.54245,1.22475,2.7675375000000004,40.0,197.34557854494815,1.3291983781792005,grid_small
28,30.083,2.8180439338871213,8.188500000000001,0.53185,1.20975,2.7569375000000003,41.5,197.48794705802567,1.333101591042717,grid_small
29,30.057499999999997,2.801495955131619,8.158999999999999,0.5270375,1.1949999999999998,2.752125,40.5,197.8418476427991,1.3352388526000123,grid_small
30,30.072,2.818912030669755,8.192,0.536475,1.2115,2.7615625,39.5,197.87348564324466,1.3357533562519963,grid_small
31,30.119999999999997,2.8298356110094014,8.16025,0.5387875,1.21275,2.763875,41.0,198.02658330004397,1.3438076691053786,grid_small
32,30.2125,2.8298514506883876,8.262,0.5566375,1.2525,2.781725,38.5,198.42929797314204,1.352959810596471,grid_small
33,30.2145,2.8435054431214892,8.2375,0.5482,1.2342499999999998,2.7732875000000003,38.0,198.52441668875596,1.3530451708174016,grid_small
34,30.198999999999998,2.8386144216526885,8.26675,0.558675,1.24825,2.7837625,43.0,198.81483655836104,1.3556115758057503,grid_small
35,30.191499999999998,2.8323879845562483,8.191500000000001,0.5551625,1.23975,2.78025,44.0,198.8434156670512,1.3631513850071488,grid_small
36,29.8625,2.832259137045764,8.189499999999999,0.5642499999999999,1.24875,2.7893375,39.0,198.93753134492928,1.364958979755204,grid_small
37,30.1885,2.828907009355979,8.199,0.5588875000000001,1.2405,2.783975,42.0,199.27221429913672,1.3658031502164278,grid_small
38,29.923000000000002,2.8570516996993285,8.21575,0.5681624999999999,1.23675,2.7932499999999996,38.0,199.51662572381122,1.3678342404360084,grid_small
39,30.2975,2.890263769918273,8.32625,0.5918249999999999,1.307,2.8169125,40.0,199.56794647312773,1.370344087107428,grid_small
40,30.304499999999997,2.8939890983535785,8.3305,0.6088375,1.34275,2.833925,39.0,200.00401401763907,1.3729958523167072,grid_small
41,31.345,2.8684821358560555,8.18125,0.5692499999999999,1.23275,2.7943375,44.0,200.39971489336816,1.3739816964515847,grid_small
42,31.2905,2.8712969798310866,8.14925,0.5638375,1.22375,2.788925,40.5,200.7809613233129,1.37611895800888,grid_small
43,29.7925,2.8991259663247333,8.478000000000002,0.6107125,1.3485,2.8358,44.5,201.00948219110236,1.3799599070331625,grid_small
44,29.8065,2.89192047971309,8.440000000000001,0.6209499999999999,1.38275,2.8460375,41.5,201.40429389752342,1.380938550944938,grid_small
45,29.485999999999997,2.846414070336925,8.32225,0.5757625000000001,1.29525,2.8008499999999996,37.0,201.643203237099,1.3827029526786954,grid_small
46,29.7375,2.9090325144004243,8.46725,0.614725,1.33,2.8398125,40.5,202.09020495072545,1.3878261740412996,grid_small
47,29.5265,2.896050052407893,8.4235,0.5949375,1.3275000000000001,2.8200250000000002,40.5,202.28187475966297,1.3904286114061049,grid_small
48,29.5395,2.9177953014613536,8.462250000000001,0.627125,1.39475,2.8522125000000003,43.5,202.94772070252463,1.3909590446600633,grid_small
49,30.945,2.8912148726741824,8.31625,0.5906625000000001,1.30725,2.81575,44.5,203.36883446019522,1.3960697967157905,grid_small
50,31.1,2.913421072712434,8.4245,0.6184624999999999,1.3359999999999999,2.8435499999999996,44.5,203.6922876851606,1.400675492601126,grid_small
51,30.448999999999998,2.9101202470366543,8.52075,0.6210624999999999,1.4,2.84615,45.0,203.7350763914037,1.405754935524781,grid_small
52,30.274,2.906857435900597,8.513,0.6355875,1.3507500000000001,2.860675,47.0,203.9194237759766,1.4067880294472044,grid_small
53,30.377000000000002,2.929474957416507,8.566500000000001,0.64235,1.446,2.8674375000000003,42.0,204.11847418795628,1.4100908299194022,grid_small
54,30.369,2.9413268795865597,8.6555,0.64965,1.3995000000000002,2.8747375,43.0,204.37108102827546,1.4122213843440319,grid_small
55,30.411,2.9174978856796905,8.548,0.6314500000000001,1.38,2.8565375,43.5,204.9170823175399,1.4159091763437504,grid_small
56,30.5145,2.947551018922247,8.6125,0.65835,1.467,2.8834375,48.0,205.29256408054664,1.4208112055139737,grid_small
57,30.5135,2.9618386886432018,8.69825,0.6736625,1.43825,2.8987499999999997,45.5,205.5451709208658,1.4229417599386034,grid_small
58,30.458,2.954370354969276,8.658750000000001,0.671475,1.4415,2.8965625,46.5,205.83312861905597,1.4235803200528712,grid_small
59,30.553,2.9503779018707004,8.7125,0.6661124999999999,1.4555,2.8912000000000004,45.5,206.42678135644053,1.4246390618151832,grid_small
60,30.5355,2.956766882143442,8.619499999999999,0.6736249999999999,1.4794999999999998,2.8987125000000002,40.0,206.4613805582415,1.4292490466989527,grid_small
61,30.5545,2.9852809470668613,8.71675,0.6781,1.4529999999999998,2.9031875000000005,46.0,206.7366447267718,1.4313796011235824,grid_small
62,30.54,2.936460328288242,8.655750000000001,0.6555125,1.448,2.8806000000000003,43.5,207.13409905184307,1.4331470501136028,grid_small
63,30.5955,2.948194560455593,8.744,0.6740625,1.4729999999999999,2.8991499999999997,45.5,207.93962546620716,1.4353017851173082,grid_small
64,31.876,2.9518004504990714,8.52175,0.64585,1.3895,2.8709375,49.5,208.50515581307656,1.4367395444290116,grid_small
65,29.8705,3.003586749945206,9.093,0.7135875,1.5907499999999999,2.938675,43.5,208.87574838935285,1.4408956354587317,grid_small
66,29.7085,2.9875814824009654,9.06625,0.6938624999999999,1.52225,2.9189499999999997,43.0,209.23656321439995,1.4419342840830702,grid_small
67,30.0325,3.0100567594386987,9.1595,0.7102625,1.5975000000000001,2.93535,45.0,209.73833284177016,1.4427095087374706,grid_small
68,29.756999999999998,2.9996056592325444,9.09475,0.7152125,1.5492499999999998,2.9402999999999997,44.5,210.05276774947453,1.4440890190867757,grid_small
69,29.6995,2.980297013610663,9.044,0.6997125000000001,1.5205000000000002,2.9248000000000003,44.0,210.2945577113815,1.4447275792010439,grid_small
70,32.288,2.961856886244431,8.620000000000001,0.6672875,1.4255,2.892375,54.5,211.23369099219843,1.44690301584711,grid_small
71,30.1505,3.0014879271991814,9.202,0.7368125,1.6367500000000001,2.9619,46.5,211.35146765825533,1.45105910687683,grid_small
72,29.924500000000002,2.993688306085449,9.16475,0.7173999999999999,1.5622500000000001,2.9424875000000004,47.0,211.60168637274919,1.451698394749856,grid_small
73,29.927999999999997,2.9834917619267856,9.1405,0.7102125,1.55925,2.9353000000000002,45.0,211.99547948563827,1.4527363156154367,grid_small
74,30.28,2.996639393390516,9.13875,0.703275,1.5514999999999999,2.9283625,45.0,212.77825025915956,1.4534741794735218,grid_small
75,30.5975,2.9884467381480153,9.034749999999999,0.7147375,1.559,2.939825,46.0,213.37624306367053,1.4541059535052179,grid_small
76,30.23,3.0041703314287798,9.13475,0.709975,1.5625,2.9350625,49.0,213.792247364537,1.4542972225913726,grid_small
77,31.012999999999998,3.0209549625248897,9.1655,0.7148875,1.595,2.9399750000000004,51.5,214.1264076439938,1.4549836752683805,grid_small
78,30.314500000000002,3.007991335566124,9.17175,0.7231749999999999,1.5852499999999998,2.9482625,47.5,214.6810756895262,1.4553274957874638,grid_small
79,30.696,3.004692344821313,9.10625,0.7125125,1.59025,2.9376,54.0,215.07626695737338,1.4559307188545936,grid_small
80,31.0325,3.0181660047111754,9.1775,0.7242624999999999,1.60775,2.94935,48.5,215.41216761930363,1.4562060791375437,grid_small
81,30.642,2.9987106164009254,9.097000000000001,0.718675,1.57925,2.9437625,47.5,215.63267974100222,1.4564828366837785,grid_small
82,30.711,3.0043411166459126,9.11425,0.7188625,1.599,2.94395,51.0,216.6402865253205,1.4573423815043938,grid_small
83,30.570500000000003,2.985148061310505,9.053,0.6976875,1.56175,2.922775,46.0,217.07400701130848,1.4574671218956539,grid_small
84,30.725,3.0072713571181895,9.158999999999999,0.7409874999999999,1.6405,2.966075,50.0,217.4103899029194,1.457676158426479,grid_small
85,30.816,3.024652230013527,9.202,0.7524375000000001,1.6625,2.977525,51.0,218.9621365699345,1.4577466847328664,grid_small
86,31.2435,3.079371406742819,9.56925,0.7595375,1.7109999999999999,2.9846250000000003,48.5,220.0576199134103,1.4581381651305525,grid_small
87,31.243,3.080189511751427,9.555,0.7609,1.71925,2.9859875000000002,48.0,220.33609853165734,1.4583274239111894,grid_small
88,31.264000000000003,3.0886779750144155,9.59825,0.7844875,1.7727499999999998,3.009575,47.0,221.10620190925624,1.4586612008332747,grid_small
89,31.335500000000003,3.071464263120804,9.61675,0.7728625,1.7505,2.9979500000000003,47.5,222.2697623945473,1.458731727139662,grid_small
90,31.518,3.0644261030883753,9.57775,0.78115,1.7334999999999998,3.0062375,51.0,224.23333196442334,1.458784399706226,grid_small
0,34.4695,2.8717113703001726,8.313749999999999,0.46672499999999995,1.065,2.6918125,47.0,214.50868480099157,0.8265040696873078,racetrack_small
1,34.441500000000005,2.8745589592304093,8.2955,0.45757499999999995,1.05125,2.6826625,45.5,214.51014237909098,0.831377088151434,racetrack_small
2,34.4655,2.909029937043882,8.312000000000001,0.4884625,1.1247500000000001,2.71355,47.5,214.5521803626118,0.8593855346962858,racetrack_small
3,34.471999999999994,2.897870260994893,8.25375,0.4821875,1.13125,2.707275,46.0,214.65212230838057,0.868329483637732,racetrack_small
4,34.448499999999996,2.9103965478376512,8.27725,0.498875,1.14325,2.7239625,44.0,214.6658014532847,0.8819088385416796,racetrack_small
5,34.463499999999996,2.929680766714541,8.31175,0.5025999999999999,1.1455,2.7276875,39.5,214.73895849589138,0.8886444248661405,racetrack_small
6,34.162,2.944731553277478,8.25275,0.5148125,1.17625,2.7398999999999996,50.0,214.80880930958392,0.9010223584873622,racetrack_small
7,34.203500000000005,2.94744498926561,8.295,0.522625,1.18175,2.7477125,50.5,214.84024975141838,0.9024694228797449,racetrack_small
8,34.304,2.979037815152837,8.326,0.5364500000000001,1.24275,2.7615374999999998,50.0,215.418484517005,0.9053645917471362,racetrack_small
9,34.7375,2.9653408967575476,8.445250000000001,0.5269375000000001,1.205,2.752025,45.5,216.27096952432856,0.9109325454104056,racetrack_small
10,34.7095,2.9566854318703046,8.411000000000001,0.528075,1.2005,2.7531624999999997,48.5,216.27433113187698,0.9158055638745315,racetrack_small
11,33.8455,2.849512033633724,8.0785,0.4569375,1.0390000000000001,2.6820250000000003,48.0,216.34252307546797,0.9996323078186519,racetrack_small
12,33.873000000000005,2.8680023374811423,8.092,0.46928749999999997,1.07175,2.694375,45.0,216.41387626795293,1.0040669016784007,racetrack_small
13,33.849000000000004,2.8583450930958882,8.08175,0.47121250000000003,1.0554999999999999,2.6963,49.0,216.42147558548905,1.0172825931999196,racetrack_small
14,33.786500000000004,2.84636520501285,8.102,0.4586875,1.04575,2.683775,45.5,216.55615269071717,1.0210628940487838,racetrack_small
15,34.45,2.8974603015306926,8.31775,0.4816375,1.09025,2.706725,42.5,216.72697057714495,1.0254073370723762,racetrack_small
16,34.5955,2.911799144897307,8.4125,0.4959625,1.1207500000000001,2.72105,43.0,216.99992159878738,1.0374392985677579,racetrack_small
17,34.3815,2.8944476986923533,8.162500000000001,0.48410000000000003,1.0939999999999999,2.7091875,47.0,217.3023287649071,1.0395586982068095,racetrack_small
18,34.3815,2.890052750552738,8.145,0.4873625,1.1,2.71245,50.5,217.37137938844563,1.041634788798988,racetrack_small
19,34.57,2.8645482505144066,8.30475,0.47498749999999995,1.0910000000000002,2.700075,50.5,217.5374135564408,1.0462060265122555,racetrack_small
20,34.593500000000006,2.876457006716822,8.3225,0.48246249999999996,1.10025,2.7075500000000003,51.0,217.6014810362401,1.0534375482439517,racetrack_small
21,34.614,2.8957524259821206,8.35375,0.4923625,1.1385,2.71745,51.0,217.83454139646253,1.0549398158170515,racetrack_small
22,35.013,2.956869459662193,8.565999999999999,0.5263,1.199,2.7513875,46.0,218.30781684978948,1.0597154035746477,racetrack_small
23,35.259,2.940775753920396,8.67825,0.5186499999999999,1.18425,2.7437375,51.0,218.75991308665579,1.0625824310312297,racetrack_small
24,35.2935,2.944801992214165,8.67725,0.5244625,1.1965,2.74955,50.0,218.82895095444144,1.069813952762926,racetrack_small
25,34.1125,2.8113646955714247,7.913,0.43742499999999995,0.9575,2.6625125,50.5,219.75021186994354,1.1022897856210356,racetrack_small
26,34.012,2.85336901068435,8.22025,0.4664875,1.0467499999999998,2.6915750000000003,49.0,219.90931779744852,1.1069337862522128,racetrack_small
27,34.010000000000005,2.864116349875148,8.22975,0.4629875,1.02475,2.6880750000000004,47.5,220.0387028208258,1.1245840716334805,racetrack_small
28,34.032,2.866378652629759,8.2095,0.473,1.049,2.6980875,47.0,220.17052045960529,1.1249531168307507,racetrack_small
29,34.4725,2.902925537105151,8.32725,0.4923375,1.11475,2.7174250000000004,42.5,220.2235346128908,1.1480478699636971,racetrack_small
30,34.713,2.894575818394555,8.47875,0.512125,1.1640000000000001,2.7372125,47.5,220.42769292609495,1.1557879158844049,racetrack_small
31,34.7225,2.908237427366113,8.5115,0.5108874999999999,1.16225,2.735975,47.5,220.56038386727042,1.1569587258286487,racetrack_small
32,35.188,2.9133123241674532,8.6095,0.5130250000000001,1.172,2.7381125,51.5,222.06136139350065,1.1610734563588923,racetrack_small
33,35.257999999999996,2.922261601560386,8.64475,0.5158,1.1712500000000001,2.7408875,49.0,222.3134978265441,1.1618168821508743,racetrack_small
34,34.959,3.0220995703239257,8.84825,0.5848625000000001,1.34375,2.8099499999999997,49.5,223.5378145848656,1.1903543644983656,racetrack_small
35,34.934,3.010813346127648,8.7995,0.5607374999999999,1.29825,2.785825,50.5,223.56471117864402,1.2029016666148842,racetrack_small
36,34.9765,3.027240746073402,8.878250000000001,0.5801499999999999,1.3439999999999999,2.8052374999999996,53.5,223.6147252410837,1.203807466047197,racetrack_small
37,34.920500000000004,2.961385126932151,8.7585,0.5451499999999999,1.25625,2.7702375,48.5,223.8492279347254,1.2139367006019517,racetrack_small
38,35.072,2.9636591505753587,8.711500000000001,0.535225,1.2392500000000002,2.7603125000000004,45.5,224.3265180279232,1.218871594444469,racetrack_small
39,35.197500000000005,2.9951369073861356,8.78375,0.5621375,1.3075,2.7872250000000003,50.0,225.18149134039936,1.2212737597916878,racetrack_small
40,35.539,3.2680822762358988,9.734,0.7371624999999999,1.73875,2.96225,53.0,225.8202792203186,1.2221646895496379,racetrack_small
41,36.0105,3.3155596621755934,9.94425,0.7791000000000001,1.8094999999999999,3.0041875,54.0,225.95237935235622,1.2249656869009427,racetrack_small
42,35.5375,3.2764589028621325,9.74025,0.7635500000000001,1.7894999999999999,2.9886375000000003,56.5,226.07895219890509,1.2345655313781125,racetrack_small
43,35.493,3.2784029270111272,9.756250000000001,0.7606375,1.7730000000000001,2.9857250000000004,54.0,226.09062744614886,1.2349081099109105,racetrack_small
44,35.506,3.2758497919680125,9.75775,0.7574624999999999,1.779,2.98255,52.5,226.27625662832475,1.242515077754384,racetrack_small
45,35.578,3.2718635802356264,9.7725,0.7494125,1.77075,2.9745,52.5,226.50002582262164,1.2450218885686304,racetrack_small
46,35.641,3.2647479460333018,9.75975,0.7424999999999999,1.71075,2.9675875000000005,58.5,226.90806400027873,1.2465164212574864,racetrack_small
47,35.4405,3.2513144678731676,9.6955,0.7454375,1.7337500000000001,2.9705250000000003,52.5,227.13493470921236,1.2516984928574006,racetrack_small
48,35.528,3.2301660697987105,9.5915,0.7384375000000001,1.7225000000000001,2.9635249999999997,61.5,227.25332956260826,1.253588679417699,racetrack_small
49,35.254000000000005,3.0057365442620254,8.88275,0.5653250000000001,1.31425,2.7904125,47.0,227.33049222272416,1.2669248169411522,racetrack_small
50,35.293000000000006,2.9969839839679793,8.85625,0.5675875,1.3175,2.792675,50.0,227.58829096556693,1.268186968832232,racetrack_small
51,35.035,3.1191736719368817,9.25675,0.6432,1.5055,2.8682875,53.5,227.80101118897304,1.2722225329944044,racetrack_small
52,35.150999999999996,3.103251758335582,9.19125,0.630075,1.4725000000000001,2.8551624999999996,52.0,228.00029276008357,1.2728021864004193,racetrack_small
53,35.132999999999996,3.0442957936388164,9.0835,0.58365,1.3625,2.8087375000000003,52.0,228.13082766791234,1.2829054341634507,racetrack_small
54,35.13849999999999,3.059168494427738,9.12975,0.600825,1.4032499999999999,2.8259125000000003,50.0,228.15778088478874,1.283439100688993,racetrack_small
55,35.316,3.095637698843115,9.22575,0.6274875,1.4932500000000002,2.852575,57.0,228.72049065469992,1.2877324982129845,racetrack_small
56,35.4045,3.198045067564322,9.3985,0.6975125,1.64225,2.9226,52.0,229.19753247739118,1.289490901832784,racetrack_small
57,35.2555,3.0546958251888214,8.98375,0.5852875,1.3905,2.8103750000000005,55.0,229.4581191300203,1.2919108938481634,racetrack_small
58,35.721500000000006,3.1085768355892185,9.172,0.61815,1.4609999999999999,2.8432375,55.5,229.93807237551937,1.2922819718929521,racetrack_small
59,35.5835,3.129399998962249,9.24,0.646925,1.53275,2.8720125000000003,55.5,230.0663852934259,1.2991000863835804,racetrack_small
60,35.712500000000006,3.1841765796750523,9.51725,0.6667125,1.57975,2.8918,54.5,230.49022691550965,1.2992003227823221,racetrack_small
61,35.763,3.172285803564602,9.3405,0.6777375,1.594,2.902825,54.0,230.86536271760994,1.3039208693046274,racetrack_small
62,35.915,3.1224826634299183,9.10625,0.6331,1.4965000000000002,2.8581875000000005,56.5,231.40726381012465,1.306874014259675,racetrack_small
63,35.933,3.13707509883997,9.13175,0.6428624999999999,1.5012500000000002,2.86795,54.0,231.68973622347576,1.308186557580022,racetrack_small
64,35.563,3.2426683601995996,9.556999999999999,0.7302500000000001,1.6965,2.9553375,56.5,233.09315744083497,1.3113332834602447,racetrack_small
65,36.753,3.3638500005560736,10.175999999999998,0.8315875,1.88025,3.0566750000000003,56.0,233.73062961151572,1.3121524694872897,racetrack_small
66,35.792,3.1818835761823347,9.36325,0.674375,1.57525,2.8994625000000003,55.5,234.00142273311604,1.3195807040891656,racetrack_small
67,35.911,3.2035718650044247,9.4435,0.7138875,1.6397499999999998,2.938975,49.5,234.41299612100653,1.3222550113313878,racetrack_small
68,35.9645,3.223994491619635,9.5095,0.7180375000000001,1.65775,2.943125,53.5,235.1048084210368,1.3246571766786068,racetrack_small
69,35.9535,3.2272616965948733,9.50775,0.7249125000000001,1.6745,2.95,56.5,235.24285864510244,1.324985317778993,racetrack_small
70,35.986999999999995,3.2534147044669357,9.605,0.74265,1.7229999999999999,2.9677375,53.5,236.3468102528874,1.3258708695472696,racetrack_small
71,36.027,3.2510194908204,9.592500000000001,0.736625,1.726,2.9617125,56.0,236.39361297676953,1.3260993690295309,racetrack_small
72,36.415000000000006,3.239212495639239,9.53925,0.7319875,1.69375,2.9570749999999997,54.5,237.41291958648958,1.3290843349042762,racetrack_small
73,36.67100000000001,3.382580441647171,10.28925,0.8396125,1.927,3.0647,54.0,238.44207612633292,1.3302020929823897,racetrack_small
74,36.6995,3.401407957867522,10.306999999999999,0.857675,1.96725,3.0827625000000003,55.0,238.81202967050334,1.3318956059013036,racetrack_small
75,37.1875,3.4600115913918756,10.4115,0.8806500000000002,2.056,3.1057375,51.5,239.3884562303452,1.3344927120297723,racetrack_small
76,37.307,3.5188217319298842,10.63875,0.93285,2.16825,3.1579375,54.5,240.22371008227145,1.3356566771872727,racetrack_small
77,37.0295,3.3884739808821194,10.1715,0.8383625,1.9032499999999999,3.0634500000000005,52.5,241.17473576924655,1.3367635860637717,racetrack_small
78,37.17100000000001,3.4084790780899628,10.32225,0.8448125,1.91175,3.0699,58.5,241.75312173717174,1.337793463211515,racetrack_small
79,37.054,3.305160024265791,9.7835,0.7736875000000001,1.78575,2.9987749999999997,54.0,242.74962354973306,1.3389256971822656,racetrack_small
80,37.137,3.314605559421584,9.85975,0.7821500000000001,1.815,3.0072374999999996,52.0,243.15710856327908,1.3392912632954421,racetrack_small
81,37.168,3.336398138509133,9.88375,0.77765,1.8025,3.0027375000000003,55.5,243.40192319418986,1.3394727970029634,racetrack_small
82,37.579499999999996,3.501177479454321,10.7065,0.9271375000000001,2.1235,3.152225,52.5,244.68198663694892,1.3399836259421207,racetrack_small
83,37.387,3.3938336701462495,10.07575,0.81965,1.908,3.0447375,52.5,245.29857110678864,1.3409343262053504,racetrack_small
84,37.4135,3.3908177432822937,10.100750000000001,0.8241875,1.92625,3.0492749999999997,51.5,245.54338573769942,1.3411158599128716,racetrack_small
85,37.6085,3.44551384669037,10.196750000000002,0.8665750000000001,1.9997500000000001,3.0916625000000004,57.0,247.35140699065036,1.3413443593951329,racetrack_small
86,37.8085,3.4349986237984442,10.17175,0.8766499999999999,2.026,3.1017374999999996,48.5,248.5000784012126,1.3416479543986635,racetrack_small
87,37.9795,3.4408055888817533,10.198,0.8730625,2.01775,3.0981500000000004,50.5,249.0139513713368,1.3417309301060891,racetrack_small
88,38.295,3.549336592348258,10.6235,0.951175,2.1879999999999997,3.1762625,50.0,250.64121333965522,1.3417543163268277,racetrack_small
89,39.059,3.528392349595769,10.5585,0.9105375,2.096,3.135625,53.0,253.48625894302722,1.3417596714569386,racetrack_small
0,42.568,3.01640398797516,8.11525,0.4094875,0.90325,2.634575,54.0,256.185664960507,0.5727173409970798,free_small
1,42.613,3.0167020655856858,8.14875,0.4105375,0.9117500000000001,2.635625,50.0,256.23351458947013,0.6160514210395821,free_small
2,42.479,2.9633422265864025,8.130500000000001,0.36354999999999993,0.80225,2.5886375,48.0,256.2374004273488,0.6602857202837398,free_small
3,42.540000000000006,2.947343022561093,8.11825,0.3676875,0.802,2.592775,49.5,256.38448452447176,0.6726725438411302,free_small
4,42.6405,2.9565097402851306,8.086,0.3580875,0.8200000000000001,2.583175,47.0,256.52552955041256,0.681864159219008,free_small
5,42.413,2.935568212295178,8.024750000000001,0.354475,0.78375,2.5795625,50.5,256.5532471791119,0.6993565420991974,free_small
6,42.336,2.9395174913035955,7.9857499999999995,0.360575,0.78825,2.5856625,46.0,256.6196293613786,0.7002281546831749,free_small
7,42.6165,2.964425784622949,7.97075,0.37665,0.8242499999999999,2.6017375,45.5,256.65405496049453,0.7249857516767712,free_small
8,42.626000000000005,2.9548532028257224,7.96575,0.38332499999999997,0.8375,2.6084125,50.0,256.7621002315947,0.7373725752341617,free_small
9,42.874,2.9549810016195774,8.029,0.3510375,0.80775,2.576125,52.0,257.14017203466085,0.7482557219149834,free_small
10,42.798,2.9668190834483905,7.99625,0.38925,0.82775,2.6143375000000004,51.5,257.2863943406769,0.7589312398860428,free_small
11,42.837,2.9704110213529873,8.01375,0.391625,0.8374999999999999,2.6167125,46.5,257.59158350538047,0.7703018279030526,free_small
12,43.002,2.9725827409881695,8.08375,0.38108749999999997,0.86625,2.606175,54.5,257.7736768550909,0.7786543882488698,free_small
13,43.042500000000004,3.000421216131545,8.1065,0.38516249999999996,0.8652500000000001,2.6102499999999997,48.5,257.8785649218041,0.7821887228385377,free_small
14,43.019,2.9799929186097662,8.0435,0.3975875,0.8855,2.622675,47.0,258.31061907090833,0.7958694719520417,free_small
15,43.0175,2.9654954124596236,7.974,0.3867875,0.85875,2.611875,44.0,258.45952817403577,0.7960588768530158,free_small
16,43.071,2.9190520785987513,7.86925,0.35258749999999994,0.798,2.577675,52.5,259.40169514621823,0.7991806873382589,free_small
17,43.1325,2.946449694401493,7.91325,0.37185,0.827,2.5969375,57.5,259.81253741168973,0.8190555066945118,free_small
18,43.120999999999995,2.9283235694847436,7.8462499999999995,0.3748875,0.82175,2.5999749999999997,51.0,260.2522344345592,0.8238831673289284,free_small
19,42.738,2.917209800186212,7.931749999999999,0.34685,0.76125,2.5719374999999998,49.5,262.41969818022073,0.8756866688306005,free_small
20,42.814,2.920805365139772,7.961,0.35078750000000003,0.7745,2.575875,52.0,262.55516271985005,0.8856634248070937,free_small
21,42.805,2.947517962599118,8.00975,0.3741875,0.8162499999999999,2.599275,52.5,263.0918348870462,0.9015241504390187,free_small
22,42.8515,2.9515258836025353,8.016,0.375025,0.8215,2.6001125,52.0,263.77808878999554,0.9031117840172139,free_small
23,42.7125,2.963220540257817,8.121500000000001,0.37807500000000005,0.829,2.6031625,52.5,263.81448281955653,0.9163411177045365,free_small
24,42.799,2.9063109452764717,7.846,0.3464875,0.75,2.571575,52.5,264.21733158361735,0.9180238693644164,free_small
25,42.8845,2.9181651301270426,7.895,0.35885,0.78175,2.5839375,49.5,264.4924672612714,0.9286384801015276,free_small
26,42.766999999999996,2.944804511335626,8.04,0.37579999999999997,0.8200000000000001,2.6008875,54.5,264.95446102899723,0.9386212442354035,free_small
27,42.8955,2.93911757235041,8.025500000000001,0.369325,0.8205,2.5944125,48.5,265.42969744598713,0.9437842105791391,free_small
28,42.839,2.9147631836931023,7.95575,0.35306250000000006,0.778,2.57815,50.0,266.59544694291264,0.9550276325751944,free_small
29,42.8625,2.9195770776819545,7.9677500000000006,0.36399999999999993,0.808,2.5890874999999998,48.5,266.6826931812101,0.9557441358858235,free_small
30,43.087,2.949752973889761,8.17725,0.381675,0.841,2.6067625000000003,51.5,268.1018385084356,0.9559252318722345,free_small
31,42.7625,2.971377471533292,8.13875,0.385425,0.86,2.6105125000000005,46.5,269.66061639531137,0.9882779964393714,free_small
32,42.9925,2.9396822409910843,7.890000000000001,0.37045,0.8122499999999999,2.5955375000000003,48.0,269.87974902900714,0.9926981529451554,free_small
33,42.96,2.979503491724279,8.07475,0.3802125,0.8385,2.6053000000000006,53.0,271.1394673570951,1.0126576730555243,free_small
34,42.974999999999994,2.969997825570566,8.088000000000001,0.38727500000000004,0.8505,2.6123625,47.0,271.2492172323376,1.0154210148052905,free_small
35,43.1905,3.0222902973453536,8.234749999999998,0.4124375,0.91825,2.637525,55.0,271.92300658694626,1.0197729688847559,free_small
36,43.1055,2.9529261848800408,8.027249999999999,0.3800125,0.84875,2.6051,49.0,273.15080628802616,1.029031485002017,free_small
37,43.403999999999996,2.999109461293448,8.20825,0.3999125,0.8975,2.625,55.0,274.76374385701604,1.040503900649375,free_small
38,43.685,3.0289689530238544,8.28975,0.4184625,0.92775,2.6435500000000003,60.5,276.27172771383306,1.0406849966357858,free_small
39,43.996,3.0962077361568987,8.4535,0.4726375,1.01375,2.697725,51.5,277.07192066792857,1.0408834586179085,free_small
40,44.039,3.0821611846792916,8.379000000000001,0.467825,1.0045,2.6929125000000003,57.5,277.49270495383655,1.0450394729910015,free_small
41,43.26,3.058093196497121,8.18725,0.42243749999999997,0.942,2.647525,45.0,277.6068353412754,1.0546448110709634,free_small
42,43.286500000000004,3.043139480849077,8.20675,0.42600000000000005,0.968,2.6510875,46.0,277.8224112977391,1.0618706844486043,free_small
43,43.296,3.012861365741027,8.09225,0.4076375,0.9292499999999999,2.6327249999999998,52.0,278.47144826951103,1.0670133189659108,free_small
44,43.4605,3.0605217283375397,8.270499999999998,0.4329375,0.9795,2.6580250000000003,49.5,279.07625700166375,1.06991902022829,free_small
45,43.498000000000005,3.0581180437409383,8.256,0.4236625,0.95775,2.64875,51.0,279.3168594340925,1.079179272894154,free_small
46,43.5215,3.0510485281087707,8.27025,0.417025,0.9570000000000001,2.6421125,51.0,280.3605553543672,1.0796798367224574,free_small
47,43.546499999999995,3.0375418118357604,8.23275,0.43147499999999994,0.981,2.6565624999999997,54.5,280.6457786547098,1.0889400893883214,free_small
48,43.7635,3.065611163888942,8.312999999999999,0.4412499999999999,0.98375,2.6663375,58.0,281.7401559810791,1.0946871356094603,free_small
49,43.927,3.0572336374958597,8.15325,0.44028749999999994,0.96775,2.665375,57.5,282.6773099423937,1.0992080008063312,free_small
50,44.199,3.188917831772101,8.78575,0.5280375,1.1484999999999999,2.753125,61.5,284.20568215899516,1.099881859547626,free_small
51,43.315,3.103545978587622,8.39725,0.46582499999999993,1.044,2.6909125000000005,54.5,285.0924487187623,1.1034578744284587,free_small
52,43.591499999999996,3.1375837603656516,8.51325,0.48435,1.092,2.7094375,64.5,285.48959006121515,1.1125960452985952,free_small
53,43.766000000000005,3.1292487760023375,8.4875,0.48901249999999996,1.0985,2.7140999999999997,55.0,286.54478109261413,1.1165818258204043,free_small
54,43.706,3.303064500988679,9.09675,0.61235,1.34625,2.8374375,56.0,287.37485517553785,1.1214825121045155,free_small
55,43.691,3.290180659677642,9.0175,0.5934375000000001,1.2885,2.818525,55.0,287.9342453385501,1.1276219854235536,free_small
56,43.6935,3.2762770196336675,8.964749999999999,0.5843875000000001,1.26825,2.809475,50.5,288.36645255668844,1.1290146580468805,free_small
57,43.253,3.415377711902585,9.647749999999998,0.69325,1.54475,2.9183375,56.0,289.26960216984685,1.1304485683342982,free_small
58,43.8755,3.3102406396298294,9.08425,0.6083125,1.35325,2.8333999999999997,57.0,289.4624168853811,1.1340348144665793,free_small
59,42.6105,3.4042817873921787,9.721,0.6970124999999999,1.5365,2.9221,62.5,290.1615506764282,1.138318228984013,free_small
60,43.5275,3.429593629453408,9.614249999999998,0.69855,1.5565,2.9236375,56.0,291.16358350786936,1.1441098757693444,free_small
61,42.443,3.5324936620557086,10.2665,0.7693625,1.72475,2.99445,62.0,291.70842589032037,1.1486032073163268,free_small
62,42.4495,3.5245453790211974,10.28125,0.7701374999999999,1.7255,2.995225,64.0,292.16326928078706,1.151366549066093,free_small
63,42.772999999999996,3.5311969741582185,10.221,0.7797000000000001,1.75,3.0047875,62.5,293.3290607783622,1.1536940385867673,free_small
64,42.664500000000004,3.532012239701797,10.241,0.7804375,1.746,3.005525,59.0,294.26919274129216,1.154224089404851,free_small
65,42.516,3.6373732982627436,10.54225,0.8363625,1.883,3.06145,54.0,294.60345320007616,1.1611553798977794,free_small
66,43.042500000000004,3.512748415395076,10.0165,0.757875,1.70475,2.9829625,58.0,295.60554016568784,1.1635162878762602,free_small
67,43.1885,3.5320147744349715,10.152750000000001,0.76395,1.7165,2.9890375000000002,52.0,296.0196065254697,1.1660518450387445,free_small
68,43.221000000000004,3.529062920005729,10.1175,0.7722499999999999,1.7395,2.9973375000000004,55.0,298.08680352033883,1.1727533692266356,free_small
69,43.3785,3.5225718640567907,10.18925,0.7686249999999999,1.73175,2.9937125,48.5,299.57582766169,1.1761370036304735,free_small
70,43.3145,3.6298053043010796,10.59775,0.8382000000000001,1.8827500000000001,3.0632875,58.5,300.7942708625003,1.1774024214664247,free_small
71,43.471000000000004,3.552879523001823,10.15975,0.78085,1.74875,3.0059375,59.5,304.404012337613,1.1784006064068209,free_small
72,43.7455,3.556344905603301,10.21375,0.776475,1.756,3.0015625,56.0,306.2698208843407,1.1833038631735624,free_small
73,43.8995,3.627154370959735,10.55025,0.8201,1.83425,3.0451875,56.0,307.80400350192076,1.1873223544131448,free_small
74,43.899,3.6416450399580773,10.654,0.8435625,1.87025,3.0686500000000003,58.0,309.8150754953898,1.1875371115183089,free_small
75,44.084,3.6660654124236354,10.672,0.8580000000000001,1.9005,3.0830875,54.5,311.96172776361163,1.1888924771443274,free_small
76,44.196,3.6751599721610866,10.78425,0.862125,1.919,3.0872124999999997,54.0,312.7864080297775,1.1902460739892156,free_small
77,44.28,3.6525848122182607,10.67675,0.853675,1.89875,3.0787625,57.5,313.49314891625875,1.1904387828534768,free_small
78,44.091499999999996,3.798210670578307,11.300999999999998,0.9505250000000001,2.1102499999999997,3.1756124999999997,58.0,315.6124901842926,1.1915476079260965,free_small
79,44.265,3.734262039094733,11.02125,0.8990250000000001,1.99375,3.1241125,51.5,315.95514392844825,1.1916844652459642,free_small
80,44.8475,3.763604167824595,11.255749999999999,0.9141875,2.04375,3.139275,59.5,317.52572586455994,1.1918602200373565,free_small
81,44.8855,3.776690398819416,11.272,0.9307749999999999,2.0752499999999996,3.1558625000000005,56.5,318.5617754887942,1.1918938811561095,free_small
82,44.4525,3.742161691597105,11.060500000000001,0.9182375,2.0375,3.143325,54.5,319.1035574239104,1.1918992223511282,free_small
83,43.7005,4.111019213533056,12.8265,1.160225,2.6087499999999997,3.3853125,53.0,321.8365213381967,1.1919221378909293,free_small
84,44.543499999999995,4.124227761384621,12.900500000000001,1.1663249999999998,2.6395,3.3914125,50.5,325.19866058372816,1.191927479085948,free_small
0,44.335499999999996,4.175185488336127,12.317250000000001,0.62165,1.15225,3.4988625000000004,63.5,361.20593447400876,1.1097905217168764,grid_medium
1,44.365,4.2597739299809385,12.60925,0.6544375,1.2254999999999998,3.53165,55.0,361.25192051859307,1.1590332032885151,grid_medium
2,44.3625,4.2118150253319175,12.39825,0.612575,1.1345,3.4897875000000003,62.5,361.38940451167866,1.1793154725900308,grid_medium
3,44.3705,4.224868306413793,12.37575,0.6405750000000001,1.1635,3.5177875,57.5,361.4388159425754,1.2563325366315976,grid_medium
4,44.3705,4.332402725006679,12.65475,0.7179374999999999,1.29775,3.59515,65.5,361.43881594257545,1.3576163912744212,grid_medium
5,44.3575,4.35505475156492,12.623750000000001,0.7395624999999999,1.33575,3.616775,58.0,361.46598165162743,1.3683548604813052,grid_medium
6,44.3675,4.354815581318968,12.62125,0.7546999999999999,1.3565,3.6319125000000003,58.5,361.5550217843371,1.3893124497549854,grid_medium
7,44.418000000000006,4.345380562175419,12.59525,0.7430749999999999,1.35175,3.6202875,65.5,361.6350905782899,1.4127680426725242,grid_medium
8,44.447500000000005,4.356871434785907,12.58925,0.7527875,1.362,3.63,66.0,361.7557064882605,1.4170981067911725,grid_medium
9,44.361999999999995,4.383488005589868,12.6145,0.7715999999999998,1.3755000000000002,3.6488125,59.5,361.84533525229637,1.4443806080607808,grid_medium
10,44.3745,4.339229555826439,12.4955,0.7594749999999999,1.33025,3.6366875,62.5,361.9803371625484,1.4539842976157633,grid_medium
11,44.543,4.409529779572225,12.65625,0.7700875,1.3915,3.6473000000000004,61.0,362.084268858914,1.4628558840327532,grid_medium
12,44.314,4.368725511485792,12.5595,0.7501375,1.3555,3.62735,60.0,362.11471186309905,1.4688488126773798,grid_medium
13,44.2465,4.36748506686396,12.55775,0.7469250000000001,1.3505,3.6241375000000002,62.0,362.15858854172495,1.483321003170946,grid_medium
14,44.2405,4.357902097589545,12.55,0.7299500000000001,1.337,3.6071625000000003,59.0,362.2440377744508,1.4871040863505833,grid_medium
15,44.3125,4.368357394773812,12.5795,0.7354875000000001,1.3395000000000001,3.6127000000000002,62.0,362.4628997372937,1.5006405190289662,grid_medium
16,44.461,4.347621367347275,12.567250000000001,0.733825,1.3312499999999998,3.6110375,63.5,362.81128734791105,1.5040333749738957,grid_medium
17,44.699,4.456240348261019,12.73575,0.7915625,1.44425,3.668775,54.5,362.8164101826994,1.510655343464836,grid_medium
18,44.371,4.383541806061896,12.57375,0.7359374999999999,1.35175,3.61315,60.5,362.9298222034723,1.5193578454699528,grid_medium
19,44.343500000000006,4.382050632366148,12.5745,0.7511249999999999,1.36175,3.6283375,58.0,363.2810627471039,1.5318713606989418,grid_medium
20,44.5585,4.429085772390787,12.5945,0.796375,1.3817499999999998,3.6735875,56.5,363.4861892530605,1.5421158286111705,grid_medium
21,44.418499999999995,4.35495501758723,12.45075,0.747025,1.3735,3.6242375000000004,61.0,363.67946846466793,1.5468126461602874,grid_medium
22,44.323,4.395656656384584,12.5205,0.7457125,1.354,3.6229250000000004,58.5,363.76510374471593,1.555321702189679,grid_medium
23,44.4055,4.306550031283259,12.351500000000001,0.7017374999999999,1.28125,3.57895,66.0,364.1612109378403,1.5590055993873553,grid_medium
24,44.554500000000004,4.3174117407752375,12.343250000000001,0.6977875,1.2725,3.575,59.5,364.1614193855088,1.5613010242161456,grid_medium
25,44.3895,4.414149587034801,12.6075,0.7760250000000001,1.41025,3.6532375000000004,64.0,364.26737769099725,1.5671592945708126,grid_medium
26,44.334,4.3695567454838695,12.429,0.7348875,1.3435,3.6121,62.5,364.53856686316755,1.577441078297395,grid_medium
27,44.6365,4.316507267656823,12.30225,0.7205375,1.278,3.59775,63.5,364.6262527082642,1.5818488525213623,grid_medium
28,44.6495,4.388123982567026,12.3905,0.7639374999999999,1.3555,3.64115,63.0,365.18279367165326,1.5940656259483277,grid_medium
29,44.884,4.395524235387459,12.4255,0.766475,1.32975,3.6436875000000004,61.0,365.4819179425531,1.5999157018760835,grid_medium
30,44.547,4.385779187286269,12.4295,0.740275,1.35275,3.6174874999999997,62.0,365.7354917311611,1.6079210303763876,grid_medium
31,44.69,4.385172858219654,12.40475,0.7695749999999999,1.38625,3.6467875000000003,64.0,366.0187624679708,1.6122298568135505,grid_medium
32,44.832499999999996,4.357849506016704,12.40075,0.740175,1.323,3.6173875000000004,61.0,366.3331124410281,1.6152466284137863,grid_medium
33,44.8915,4.353530627007501,12.40275,0.7567125,1.34725,3.633925,66.5,366.66010523184997,1.6218222875700534,grid_medium
34,45.1525,4.390793194397299,12.50625,0.7758375000000001,1.3895,3.6530500000000004,60.0,367.3317839760366,1.6263720332419063,grid_medium
35,44.9795,4.409145601445844,12.397,0.7650375,1.377,3.64225,62.0,367.4458154286118,1.630776900565908,grid_medium
36,45.1785,4.408203266684528,12.40925,0.7913875000000001,1.4344999999999999,3.6685999999999996,62.5,368.319306671943,1.6355832205557115,grid_medium
37,45.29,4.419411621712314,12.48075,0.803825,1.4372500000000001,3.6810375000000004,58.5,369.0389843807361,1.639932978506662,grid_medium
38,45.4015,4.437730263377,12.52025,0.8073875,1.45525,3.6846000000000005,66.5,369.92200697148564,1.641334139406206,grid_medium
39,45.328,4.469677733959198,12.6845,0.8406375,1.47325,3.7178500000000003,66.0,370.3069335916838,1.6420243337240281,grid_medium
40,45.44499999999999,4.42754956452098,12.49225,0.7884500000000001,1.4195,3.6656625,58.0,370.66775526128106,1.6475488130270042,grid_medium
41,45.483999999999995,4.433199680202301,12.43875,0.7964,1.42675,3.6736125,59.5,371.25328756195836,1.6516405804110639,grid_medium
42,45.611000000000004,4.431515138570007,12.440249999999999,0.7982499999999999,1.41075,3.6754625,63.0,371.94697900216386,1.6547645833563824,grid_medium
43,45.687,4.42536401533261,12.45975,0.7851375,1.39675,3.66235,64.5,372.5853667870064,1.6567085366118526,grid_medium
44,45.5015,4.437544319360238,12.49925,0.8044499999999999,1.41225,3.6816625,65.0,373.4395629319066,1.659317125289378,grid_medium
45,45.701499999999996,4.5746560934261336,12.79175,0.893675,1.51375,3.7708874999999997,62.0,374.23558817709727,1.6596385946743062,grid_medium
46,45.6165,4.583023422138693,12.846499999999999,0.9124000000000001,1.5877500000000002,3.7896125,59.0,374.63375246870487,1.6603417619148204,grid_medium
47,45.701,4.476358050964711,12.58625,0.8216874999999999,1.458,3.6989,65.5,375.34861192519793,1.6648524873516313,grid_medium
48,45.9085,4.608124301342342,12.89675,0.9115125,1.58625,3.7887250000000003,57.0,376.44621427922516,1.6660268201941677,grid_medium
49,45.937,4.515916988841241,12.6165,0.87785,1.532,3.7550625,61.5,376.9633234771809,1.6711116027468778,grid_medium
50,46.1725,4.54759954667794,12.64575,0.8660125,1.5255,3.743225,63.0,377.9135707521163,1.67349651166715,grid_medium
51,46.196,4.568679150912121,12.809000000000001,0.906425,1.5755,3.7836375,63.5,378.58616573269654,1.6753740623856683,grid_medium
52,46.649,4.62973164339587,13.0745,0.9346625,1.6,3.8118750000000006,63.0,379.5908859834808,1.6756055863051271,grid_medium
53,46.5305,4.598547074649407,12.945,0.895925,1.54725,3.7731375,58.0,380.11877005919916,1.6773236453266906,grid_medium
54,46.671,4.639546416342814,13.04375,0.9231750000000001,1.6062500000000002,3.8003875000000003,65.0,380.75457433741616,1.6795610060993054,grid_medium
55,46.653999999999996,4.555859834385432,12.794,0.8864375,1.509,3.76365,61.5,381.6759786773591,1.68286530115851,grid_medium
56,46.757000000000005,4.573105076133142,12.817,0.897275,1.538,3.7744875,59.5,382.39698982899813,1.6840069825282444,grid_medium
57,46.897999999999996,4.602479640296535,12.86275,0.9114625000000001,1.57375,3.7886749999999996,65.5,382.73758180793175,1.6852502100787818,grid_medium
58,46.9505,4.642067563853739,12.9845,0.929775,1.5967500000000001,3.8069875,62.5,383.6850688623983,1.6876762613497387,grid_medium
59,47.054,4.702385019566409,13.1105,0.9592624999999999,1.65775,3.836475,62.5,384.18571442793836,1.6895078865527462,grid_medium
60,47.0075,4.745970542829035,13.2945,0.9975499999999999,1.70125,3.8747625,65.5,384.9186055410989,1.691744286244821,grid_medium
61,46.941500000000005,4.679629915531337,13.042,0.9766625,1.6705,3.853875,60.0,385.82945153996167,1.694460463232781,grid_medium
62,47.116,4.663482583376015,13.117750000000001,0.9444125000000001,1.6005,3.821625,63.0,387.0374975577398,1.6973584498920327,grid_medium
63,47.2765,4.748610390067771,13.337,1.000075,1.679,3.8772875000000004,64.5,387.63266822971286,1.6987576901580566,grid_medium
64,47.1515,4.635068457351177,12.99775,0.9411,1.6025,3.8183125,62.5,388.6519387499859,1.699034646389455,grid_medium
65,47.146,4.781609076710689,13.402249999999999,1.0134625,1.702,3.8906750000000003,58.5,389.0359463337477,1.7028098321374332,grid_medium
66,47.403,4.80384752124257,13.4475,1.0303375,1.7349999999999999,3.90755,59.5,389.55284459510733,1.703990794072395,grid_medium
67,47.4285,4.819179773274796,13.576,1.06265,1.81075,3.9398625000000003,61.0,390.43196734776154,1.7051815746867685,grid_medium
68,47.9865,4.804251968182554,13.466750000000001,1.0242375,1.7405,3.9014499999999996,63.5,391.74539112871605,1.7071927232882949,grid_medium
69,47.867,4.8415805940583905,13.58325,1.0588875,1.78925,3.9360999999999997,61.5,392.8606994010396,1.7074621542996566,grid_medium
70,48.182500000000005,4.84638280478339,13.63675,1.0412875000000001,1.77325,3.9185,64.0,393.4587855403273,1.7093113155467292,grid_medium
71,48.2975,4.870170255458649,13.645499999999998,1.0599500000000002,1.81075,3.9371625000000003,67.5,393.7263415007484,1.7096097067461997,grid_medium
72,48.622,4.839883782451498,13.529250000000001,1.0508624999999998,1.7935,3.9280749999999998,60.0,395.1645697453453,1.709750158532419,grid_medium
73,48.4165,4.912332725926277,13.776499999999999,1.0850999999999997,1.8544999999999998,3.9623124999999995,66.5,395.7485004212507,1.7113270043202808,grid_medium
74,48.278999999999996,4.848525840875315,13.55575,1.0454625,1.7915,3.922675,66.5,397.1906176148857,1.7127626071952704,grid_medium
75,48.572500000000005,4.864827287716933,13.60275,1.0596875,1.8210000000000002,3.9369,67.0,397.76490587498853,1.7135693588051897,grid_medium
76,48.295,4.878588001486006,13.6615,1.0623,1.826,3.9395125,70.0,399.45346265800015,1.7143464953127336,grid_medium
77,48.791,4.869173964825236,13.6155,1.0534875,1.8127499999999999,3.9307000000000003,64.5,400.001831228323,1.7157124044329057,grid_medium
78,48.8615,4.897190753920567,13.71925,1.0787624999999998,1.8515,3.955975,64.5,401.62451045909506,1.7170514078345693,grid_medium
79,48.9175,4.907243059448552,13.7135,1.0534625,1.80875,3.930675,71.5,403.4913257769497,1.7171873527652115,grid_medium
80,48.958,4.983113977429368,14.007249999999999,1.127275,1.9215,4.0044875,70.0,405.0538258547284,1.717704528715012,grid_medium
81,49.673500000000004,4.988422294687287,14.059750000000001,1.1123249999999998,1.90825,3.9895375,67.5,406.27722544330896,1.720002796924864,grid_medium
82,49.676,4.982196092036087,14.07875,1.1167625,1.93275,3.993975,71.0,407.2144123829114,1.7203871858421147,grid_medium
83,50.045,5.000160652626491,13.977,1.0962625,1.89575,3.9734750000000005,70.5,410.34574312527127,1.7218982344582856,grid_medium
84,50.0775,5.01212430931109,14.064499999999999,1.1095,1.909,3.9867125000000003,66.5,411.27759380456155,1.7222725967014076,grid_medium
85,50.6725,4.839500336793305,13.558,0.9877374999999999,1.732,3.8649500000000003,72.0,417.77118917217,1.7228467459139085,grid_medium
86,50.7065,4.847690448106276,13.589,0.9860374999999999,1.728,3.86325,70.5,418.14721445469434,1.7230377083225954,grid_medium
87,51.076,4.896065258435511,13.8215,1.0202875,1.81125,3.8975000000000004,79.0,419.11281125592507,1.7239396535690936,grid_medium
88,51.144,4.933341642293666,13.910499999999999,1.0247875,1.8085,3.902,66.5,420.05973861284576,1.7241210403850444,grid_medium
89,51.072,4.8647043346178105,13.72825,1.009625,1.78075,3.8868375000000004,68.0,421.79517060974956,1.7244341710973137,grid_medium
90,50.915,4.848035895148574,13.673,0.9999125,1.7469999999999999,3.877125,66.0,422.23670321656505,1.7244996548076332,grid_medium
91,51.067499999999995,4.872348935283061,13.716999999999999,1.002175,1.75775,3.8793875,67.5,423.2193165032061,1.7245701160279558,grid_medium
92,50.927,4.851950419499561,13.73425,1.0020625,1.7462499999999999,3.879275,62.5,423.90513422163133,1.7247547402397492,grid_medium
93,50.844,4.846178198818453,13.744,0.9928,1.7285,3.8700125000000005,66.5,424.86695127551286,1.7248177945680034,grid_medium
94,51.1465,4.870890752939891,13.850750000000001,0.9949125000000001,1.74675,3.872125,69.5,428.6421357983669,1.7248300019777318,grid_medium
95,51.3345,4.764563522712053,13.6585,0.9312125,1.669,3.808425,76.0,434.0541472374771,1.724836277441236,grid_medium
96,51.739000000000004,4.793079930427199,13.83425,0.9431624999999999,1.6872500000000001,3.8203750000000003,74.0,440.10416098880097,1.7248382913951534,grid_medium
0,46.909,4.3959205086660145,13.029,0.6001124999999999,1.21075,3.477325,64.0,394.9244803430739,0.9717286435818773,racetrack_medium
1,47.077,4.421194254463158,13.037500000000001,0.6184499999999999,1.22525,3.4956625,60.5,394.94806168557625,1.0166822804000835,racetrack_medium
2,46.9015,4.357458488126447,12.90625,0.5732375000000001,1.1520000000000001,3.45045,61.5,395.0028488885074,1.1445673070658473,racetrack_medium
3,46.913,4.371627182900901,12.88375,0.5880624999999999,1.1862499999999998,3.465275,65.0,395.0065181897038,1.1445744779214646,racetrack_medium
4,46.959500000000006,4.362047290968636,12.90475,0.582625,1.1789999999999998,3.4598375,66.0,395.0769526568679,1.1684191943755482,racetrack_medium
5,46.9315,4.3544052278642145,12.8845,0.583675,1.1695000000000002,3.4608875,61.0,395.096174020825,1.1732086655379426,racetrack_medium
6,47.001,4.3813367221255,12.93075,0.581975,1.16775,3.4591875,55.5,395.2849292957955,1.2026821616471748,racetrack_medium
7,47.073499999999996,4.41286576114044,12.975249999999999,0.6093625,1.2160000000000002,3.486575,60.5,395.35551620976196,1.2111019204027647,racetrack_medium
8,47.035,4.385070951968064,12.92175,0.5993999999999999,1.19025,3.4766125,59.0,395.4598598236097,1.214457794827294,racetrack_medium
9,47.055499999999995,4.3897838770446125,12.8485,0.5959125,1.178,3.4731250000000005,63.5,395.72778165635646,1.2360799451355282,racetrack_medium
10,47.08,4.4109501709431616,12.94775,0.6273374999999999,1.21875,3.50455,57.0,395.7455522867644,1.2631121283599724,racetrack_medium
11,46.708,4.335469760377581,12.81725,0.5574625,1.1365,3.4346750000000004,64.0,395.77477011644476,1.3117621661321428,racetrack_medium
12,46.78,4.358358335528468,12.8555,0.5781375,1.16275,3.45535,65.5,395.8502589728945,1.3201819248877327,racetrack_medium
13,46.7655,4.29971087922533,12.752749999999999,0.5591999999999999,1.12475,3.4364125000000003,64.0,396.1932624113476,1.32454648000245,racetrack_medium
14,46.798,4.345955072470131,12.82675,0.5628875,1.127,3.4401,68.0,396.24012424725504,1.3574906266507465,racetrack_medium
15,46.7995,4.350132128508932,12.835,0.5802875000000001,1.16825,3.4574999999999996,63.5,396.2708544114373,1.367127557072483,racetrack_medium
16,46.799499999999995,4.374140653140711,12.82925,0.5988125,1.17775,3.476025,64.0,396.32626913518504,1.3764075743700133,racetrack_medium
17,46.7565,4.381834338179685,12.78575,0.5896250000000001,1.16275,3.4668375,62.0,396.410941822567,1.3791884744691811,racetrack_medium
18,46.8775,4.360296690485017,12.72675,0.5925625,1.1592500000000001,3.4697750000000003,62.5,396.6932583668406,1.4005267714097096,racetrack_medium
19,46.83,4.373679662158684,12.6835,0.6027,1.1865,3.4799125,64.0,396.7779310542227,1.4033076715088775,racetrack_medium
20,46.854,4.370477673649731,12.74725,0.59215,1.1615000000000002,3.4693625,66.0,397.0348225830337,1.4204405528709916,racetrack_medium
21,46.9785,4.384108491169284,12.8135,0.6113,1.1989999999999998,3.4885124999999997,60.0,397.44177061049663,1.4278528965982622,racetrack_medium
22,46.72,4.306718380226731,12.75625,0.5368875,1.1127500000000001,3.4141000000000004,59.5,397.5193168765454,1.4436030366700987,racetrack_medium
23,46.7315,4.300259256564786,12.76825,0.5481625,1.129,3.425375,65.5,397.58671454118496,1.4488953351101295,racetrack_medium
24,46.734,4.283095481703037,12.753,0.5406125,1.0939999999999999,3.4178249999999997,56.0,397.8181819878813,1.4605774268848812,racetrack_medium
25,46.739000000000004,4.339710880170829,12.73875,0.5640499999999999,1.1320000000000001,3.4412625,67.0,397.96249559770973,1.4657296615347537,racetrack_medium
26,46.730999999999995,4.315854985241458,12.74,0.5529625,1.131,3.430175,59.5,398.04550785941046,1.4760016614057663,racetrack_medium
27,46.7445,4.2832951582129395,12.70225,0.5443875,1.0982500000000002,3.4216,63.0,398.2257594028563,1.4824512251553938,racetrack_medium
28,46.748999999999995,4.336385536634486,12.7705,0.55665,1.1404999999999998,3.4338625,61.0,398.43970168960846,1.4962225203163304,racetrack_medium
29,46.914500000000004,4.308650501237592,12.72225,0.5632125,1.13175,3.4404250000000003,61.0,398.6934229471637,1.5046738578077836,racetrack_medium
30,46.86450000000001,4.324422047362625,12.708749999999998,0.5497124999999999,1.10025,3.4269249999999998,62.5,399.09060629026624,1.5117704426981997,racetrack_medium
31,46.900999999999996,4.3755205032524085,12.86375,0.5766499999999999,1.1480000000000001,3.4538624999999996,57.0,399.2261274529936,1.5202649104166648,racetrack_medium
32,46.9765,4.320794354218059,12.699000000000002,0.5781999999999999,1.15025,3.4554124999999996,61.5,399.5206437859572,1.5282403712959638,racetrack_medium
33,47.091499999999996,4.370323313503402,12.8245,0.582125,1.1695000000000002,3.4593375,68.5,400.58028439728776,1.536115951754167,racetrack_medium
34,47.1985,4.40499345489348,12.92875,0.613175,1.19875,3.4903875,61.5,401.1593977542409,1.5433451232084758,racetrack_medium
35,47.038,4.354976000891999,12.80725,0.5725,1.173,3.4497125000000004,60.0,401.3656486331433,1.5538506473911071,racetrack_medium
36,47.125,4.346910281542401,12.850249999999999,0.5845374999999999,1.199,3.46175,62.0,401.6217990838259,1.5607980073682892,racetrack_medium
37,47.122,4.375563661266208,12.83575,0.5850125,1.199,3.462225,61.0,402.00072396675307,1.5676716142059428,racetrack_medium
38,47.168499999999995,4.379470106258678,12.9105,0.5898125000000001,1.2135,3.467025,65.5,402.52627591751207,1.5724091652636192,racetrack_medium
39,47.1755,4.381747759525107,12.913,0.5851375000000001,1.20125,3.4623500000000003,68.0,402.9741938675317,1.576858926486383,racetrack_medium
40,47.2575,4.3516823560448135,12.7955,0.5801625,1.1865,3.457375,61.5,403.2262848776505,1.5836292971809443,racetrack_medium
41,47.56,4.3618396810253355,12.86575,0.5846624999999999,1.17075,3.461875,63.5,403.6607893757646,1.5870438788773362,racetrack_medium
42,47.293499999999995,4.435259684900162,13.091000000000001,0.6175375000000001,1.24475,3.49475,65.5,404.0534126927832,1.5922581310191943,racetrack_medium
43,47.3835,4.4141325137544865,12.95625,0.6093625,1.22825,3.486575,63.0,404.4364847509642,1.59808772279035,racetrack_medium
44,47.657,4.491760768221003,13.15325,0.63785,1.2675,3.5150625,65.0,405.89351839752914,1.6020094557145534,racetrack_medium
45,47.871,4.494504804490319,13.27325,0.6691374999999999,1.3082500000000001,3.5463500000000003,64.5,406.697642923544,1.6075897335700902,racetrack_medium
46,47.923,4.489794048529952,13.22775,0.6498375000000001,1.2595,3.52705,62.0,407.3530568383901,1.6109272182464744,racetrack_medium
47,48.07,4.508764458314641,13.30875,0.66345,1.2857500000000002,3.5406625,61.5,407.77236643482286,1.6119536189637156,racetrack_medium
48,48.0235,4.494444649986658,13.18675,0.653,1.2665000000000002,3.5302125,64.5,408.6670368946151,1.615300223240999,racetrack_medium
49,48.087,4.519815554505321,13.29575,0.6697875,1.29125,3.547,63.0,409.75627645263125,1.6185081086880693,racetrack_medium
50,48.4725,4.5504363945094815,13.51125,0.6836500000000001,1.3275000000000001,3.5608625,66.5,410.12148423451146,1.6194523315658464,racetrack_medium
51,48.7525,4.5600065790949875,13.3535,0.6783875,1.31725,3.5556,67.0,411.57096087530596,1.620789087390026,racetrack_medium
52,48.739999999999995,4.569224868646321,13.642,0.7087874999999999,1.35575,3.5860000000000003,65.5,412.81718361688417,1.6215623473601852,racetrack_medium
53,48.949,4.567165601760864,13.48,0.6999875,1.33925,3.5772000000000004,66.0,413.57738044126177,1.6249780464036612,racetrack_medium
54,48.698499999999996,4.575411119908823,13.55375,0.6993625,1.33725,3.576575,60.0,414.50087205793216,1.628804151479497,racetrack_medium
55,48.76349999999999,4.588955622033955,13.52425,0.7055125,1.3655,3.582725,59.0,415.0647002895867,1.6301127893027596,racetrack_medium
56,48.867000000000004,4.611273005916745,13.593499999999999,0.7197125,1.38375,3.596925,63.5,416.38920166409684,1.6315233075886695,racetrack_medium
57,49.2095,4.643872580572594,13.737,0.7243,1.4125,3.6015124999999997,61.0,418.0255180391233,1.6326979834976294,racetrack_medium
58,49.301,4.61302526577631,13.69775,0.7109000000000001,1.3685,3.5881125000000003,58.5,419.70141084848774,1.6337600391839335,racetrack_medium
59,49.371,4.647439553280297,13.80875,0.7038125000000001,1.37125,3.5810250000000003,61.5,420.1598709615597,1.6339743188156797,racetrack_medium
60,50.064,4.746369076436089,14.05025,0.7748625,1.46375,3.652075,60.0,421.80964652253283,1.6341625145766052,racetrack_medium
61,50.278999999999996,4.7848279947259735,14.16725,0.8071250000000001,1.52475,3.6843375,64.5,422.8775307724759,1.6347855733992365,racetrack_medium
62,50.2705,4.792321109546092,14.15625,0.782475,1.4877500000000001,3.6596875,64.0,423.6352218692093,1.6356176467073966,racetrack_medium
63,49.696,4.763500914386488,13.96975,0.787125,1.48875,3.6643375000000002,63.0,425.1732309015269,1.6362454398811717,racetrack_medium
64,50.09,4.750528387099342,14.01425,0.8006,1.49075,3.6778125,65.0,427.41458467890976,1.6363957106783622,racetrack_medium
65,50.0715,4.77958976820104,14.065,0.7980625,1.5002499999999999,3.675275,63.0,427.81749691061896,1.6364785828501458,racetrack_medium
66,50.980500000000006,4.821588076788915,14.23725,0.8144125,1.5382500000000001,3.691625,65.0,429.0307534978763,1.6366717979339673,racetrack_medium
67,50.513000000000005,4.808911460149034,14.120750000000001,0.806975,1.5245,3.6841875,63.0,430.55646816226323,1.637282195338654,racetrack_medium
68,50.6835,4.731192848151634,13.927,0.7436625,1.44375,3.620875,67.0,434.1954816012265,1.6373453630884283,racetrack_medium
69,50.992999999999995,4.881574386959771,14.2095,0.8668875,1.591,3.7441,62.5,435.1741857162948,1.637678489074101,racetrack_medium
70,51.7385,4.870922234216684,14.280750000000001,0.82255,1.5627499999999999,3.6997625000000003,66.0,437.3266110515842,1.63768931552736,racetrack_medium
71,51.2435,4.911665426697338,14.28425,0.8723875000000001,1.6105,3.7496,62.5,437.68818935510666,1.637911632043075,racetrack_medium
72,51.474000000000004,4.841835160936478,14.17275,0.82735,1.5525,3.7045624999999998,62.0,439.32015446283367,1.6379478896605648,racetrack_medium
73,51.79600000000001,4.9883475633774825,14.5535,0.8969625,1.662,3.774175,61.5,441.19886467577385,1.6387065906545184,racetrack_medium
74,51.842,4.997056000299882,14.59525,0.9049625,1.6957499999999999,3.7821750000000005,69.0,441.32041237793374,1.6387608892609768,racetrack_medium
75,51.918000000000006,4.943349395165878,14.4165,0.86675,1.61775,3.7439625,62.5,443.84065482435017,1.6388875097913962,racetrack_medium
76,52.4195,5.068046379011276,14.803999999999998,0.948225,1.737,3.8254375,74.0,447.525617285103,1.6394277582638301,racetrack_medium
77,52.6815,5.176654407784298,15.12375,0.993475,1.814,3.8706875,74.5,449.2868943039654,1.6396259475470816,racetrack_medium
78,53.3665,5.1596239891945,15.1015,0.9809625000000001,1.79675,3.858175,76.0,452.3805299299741,1.639659848274403,racetrack_medium
79,53.2145,5.2561303555266505,15.4075,1.041725,1.87375,3.9189375,72.5,453.54289666346864,1.6398566470535867,racetrack_medium
80,53.9005,5.066260205291447,14.698,0.9539375,1.7305,3.83115,79.5,456.21775750131616,1.6400583199609573,racetrack_medium
81,52.924,4.9249097847438374,14.43525,0.8943875,1.629,3.7716000000000003,66.5,457.0821134477996,1.640414024631844,racetrack_medium
82,53.2905,5.013044021632831,14.74175,0.9312874999999999,1.6935,3.8085000000000004,71.0,458.21139798073375,1.6405995598498537,racetrack_medium
83,53.638,4.897688849831117,14.2835,0.89185,1.6372499999999999,3.7690625,72.5,463.435840429888,1.6409169393828473,racetrack_medium
84,54.573,5.224949479316148,15.162749999999999,1.0379500000000002,1.85975,3.9151625,80.5,464.7206956800934,1.6415709247570025,racetrack_medium
85,54.7735,5.2783176143628046,15.50775,1.0560749999999999,1.8980000000000001,3.9332875000000005,77.5,466.6212328528461,1.6417037540397352,racetrack_medium
86,54.918000000000006,5.389782867805401,15.925,1.0987875,1.9667499999999998,3.976,75.0,467.9757488249153,1.642059774809886,racetrack_medium
87,55.2025,5.372357408369539,15.9665,1.063075,1.9375,3.9402875,86.0,468.91174979061896,1.6421020112011122,racetrack_medium
88,56.453,5.487648756363839,16.428,1.112425,2.0127499999999996,3.9896374999999997,80.5,477.7930254654607,1.6425107703949686,racetrack_medium
89,56.254,5.446302614340618,16.24175,1.0961875,1.98575,3.9734,76.0,478.0748949361529,1.6425875962698697,racetrack_medium
90,56.2295,5.441175896175031,16.211750000000002,1.0772125,1.96475,3.9544250000000005,80.5,479.9237467317273,1.642737657096297,racetrack_medium
91,55.945499999999996,5.370460942951675,15.9175,1.0519125,1.89075,3.929125,77.0,480.47718369155245,1.642759376874131,racetrack_medium
92,56.3625,5.521422228313133,16.506,1.14045,2.048,4.0176625,89.5,482.19752718842074,1.642773427865407,racetrack_medium
93,55.9555,5.425966044116803,16.177500000000002,1.099775,1.9855,3.9769875,83.5,482.57569045956814,1.6427824587360935,racetrack_medium
94,55.716499999999996,6.159922542504333,18.3645,1.5338875,2.61175,4.411099999999999,67.5,494.4820115884461,1.6428131227876361,racetrack_medium
0,64.1375,4.210985093314745,10.921,0.41790000000000005,0.7985,3.2951125,66.0,507.5173680464038,0.5690116107279272,free_medium
1,64.14,4.211987246725838,10.915,0.42110000000000003,0.80175,3.2983124999999998,67.0,507.51987626297534,0.5909501299610523,free_medium
2,64.19149999999999,4.2375412417023135,10.97625,0.42833750000000004,0.81225,3.30555,64.0,507.55861143985726,0.6873469907750869,free_medium
3,64.189,4.3084864606831985,11.20325,0.49078749999999993,0.91825,3.368,63.0,507.5979956045545,0.7805044995510261,free_medium
4,64.15549999999999,4.319567453901905,11.198,0.49226249999999994,0.9135,3.369475,65.0,507.60368218139587,0.7813523661987464,free_medium
5,64.211,4.327537756271212,11.27825,0.495625,0.925,3.3728375,66.0,507.7423194812082,0.8085943749030895,free_medium
6,64.309,4.3264844530901545,11.264,0.48977499999999996,0.9117500000000001,3.3669874999999996,61.5,508.08971338756726,0.8160726128641684,free_medium
7,64.0235,4.409419711285826,11.531749999999999,0.5240374999999999,0.94875,3.40125,63.5,508.1570071394885,0.9421680939812286,free_medium
8,64.02799999999999,4.403188871110377,11.538,0.5339749999999999,0.9744999999999999,3.4111875,64.5,508.4528541152549,0.9621933431846593,free_medium
9,64.00150000000001,4.391164011086436,11.526,0.5166875,0.9437500000000001,3.3939000000000004,61.5,508.73844391015496,0.9818161845908882,free_medium
10,64.02,4.4061659976119625,11.527750000000001,0.53275,0.95875,3.4099625,69.5,508.98286342384324,0.9990097788393755,free_medium
11,64.1835,4.373499860001324,11.53675,0.5191125000000001,0.9277500000000001,3.396325,73.5,509.8669935872789,1.0189730644711268,free_medium
12,64.2005,4.3680935035822275,11.532,0.5192749999999999,0.9372499999999999,3.3964875,66.5,509.9723685504116,1.0191150530850375,free_medium
13,63.897999999999996,4.431708558410458,11.61825,0.5563125,1.01025,3.4335250000000004,65.5,510.0777914253964,1.1155650542384516,free_medium
14,63.849000000000004,4.438016970566035,11.6035,0.5499625,0.99425,3.427175,59.5,510.0990549542724,1.1164129208861722,free_medium
15,63.954,4.440874042772478,11.674,0.5523375,0.99125,3.42955,67.0,510.40416945115425,1.1385573995891305,free_medium
16,64.013,4.419058333870338,11.591249999999999,0.5401875,0.97975,3.4174,66.5,510.547793628097,1.1460637756770045,free_medium
17,63.7515,4.376690337020852,11.417750000000002,0.5242374999999999,0.9535,3.4014500000000005,64.0,510.9178560628404,1.1626653476128548,free_medium
18,63.965,4.408913882095302,11.54625,0.5543,0.9945,3.4315125,63.5,511.0262675173822,1.167409022621772,free_medium
19,63.977500000000006,4.414943054819032,11.56675,0.547075,0.9884999999999999,3.4242875,66.0,511.1905348580503,1.1864752320926568,free_medium
20,63.8545,4.359505759080607,11.32425,0.49584999999999996,0.9215,3.3730624999999996,68.0,511.57378860793034,1.1956729004860702,free_medium
21,63.784000000000006,4.372295165420667,11.4025,0.5160625000000001,0.94625,3.393275,67.5,511.67930730661976,1.2059444291799402,free_medium
22,64.0175,4.435486495036747,11.492750000000001,0.553275,1.00475,3.4304875,65.5,511.9997675964056,1.2241507542365087,free_medium
23,64.0075,4.39805797611314,11.35625,0.5457875000000001,0.9895,3.423,72.0,512.3102622209448,1.2263306789820905,free_medium
24,64.164,4.436570872973022,11.5375,0.554225,1.00075,3.4314375000000004,65.5,512.5477329604921,1.2502642105009922,free_medium
25,64.1195,4.407574382495303,11.444500000000001,0.5357375,0.97075,3.4129500000000004,69.5,513.2624073030108,1.2641975587095673,free_medium
26,63.664500000000004,4.374136113848328,11.41075,0.5403125,0.9762500000000001,3.4175250000000004,58.5,513.76060034173,1.2715407567963308,free_medium
27,64.144,4.414461630320764,11.57425,0.5445249999999999,0.9925,3.4217375,60.0,514.1500941436784,1.3079778590411624,free_medium
28,63.834,4.349111574533308,11.26375,0.50735,0.9430000000000001,3.3845625,64.5,514.645830922185,1.3203126230503408,free_medium
29,64.3415,4.45528390657104,11.524750000000001,0.5725499999999999,1.0282499999999999,3.4497625000000003,74.5,514.9828544014817,1.3366756500583843,free_medium
30,64.1815,4.413363484231254,11.439499999999999,0.5565374999999999,1.002,3.4337500000000003,63.5,515.4789909639496,1.3498175536942587,free_medium
31,64.0925,4.408430205430452,11.223749999999999,0.5553625,1.0385,3.432575,68.0,516.0572478187667,1.3541815392589425,free_medium
32,65.0205,4.495779239257896,11.43,0.5938749999999999,1.0925,3.4710875,64.5,517.562885861524,1.3697374082005553,free_medium
33,64.694,4.468040693648117,11.5935,0.5800375,1.0502500000000001,3.45725,73.0,518.0621366943815,1.395203591605704,free_medium
34,64.186,4.383233792683904,11.2965,0.522075,0.9737499999999999,3.3992875,73.5,518.9595076403854,1.4057110420544618,free_medium
35,65.6805,4.575773008860931,11.642,0.6279125000000001,1.1407500000000002,3.505125,58.0,520.0257650651669,1.4150665690016926,free_medium
36,65.014,4.495455301742879,11.5175,0.588175,1.10175,3.4653875000000003,78.0,520.8448492892248,1.4232513906042472,free_medium
37,64.7595,4.42453482431036,11.509250000000002,0.5494125,1.006,3.426625,69.0,522.0647217565858,1.4392542525284027,free_medium
38,64.919,4.433490096624906,11.44625,0.573925,1.0382500000000001,3.4511375,70.0,522.7753659034372,1.4503358527894181,free_medium
39,65.098,4.491604362778011,11.5275,0.5939375,1.0955,3.4711499999999997,73.5,523.5075958952615,1.463403151092468,free_medium
40,65.6995,4.555576348818144,11.681249999999999,0.6335625,1.1465,3.5107749999999998,76.5,524.5359040219826,1.4735407391419606,free_medium
41,65.9945,4.619593257156818,11.86075,0.6757875,1.17625,3.553,69.5,526.3799534321686,1.4771141832202959,free_medium
42,65.437,4.5631598068431005,11.86025,0.6248375,1.1132499999999999,3.50205,71.5,526.9309051980006,1.4874178309722186,free_medium
43,65.394,4.477746375108374,11.530249999999999,0.571925,1.0587499999999999,3.4491375,71.5,527.5471947299452,1.4966795814713119,free_medium
44,66.186,4.5797360647916605,11.74475,0.638975,1.15225,3.5161875,74.5,528.3952777580741,1.5048700274830742,free_medium
45,66.411,4.6536565281777955,11.9205,0.68835,1.20525,3.5655625,67.5,529.6022591371634,1.5127891547552281,free_medium
46,66.856,4.763037216089533,12.30175,0.7222124999999999,1.274,3.599425,68.5,531.1068446747536,1.5184139000695858,free_medium
47,66.53,4.626638076742701,11.995249999999999,0.6637875,1.16825,3.5410000000000004,74.0,532.5334331393215,1.532926044225848,free_medium
48,67.01400000000001,4.649305560734016,11.9205,0.6805499999999999,1.201,3.5577625,71.0,533.1668259580192,1.540780488224986,free_medium
49,66.826,4.684273269702468,12.05575,0.7033125,1.24275,3.580525,72.0,534.4958005572711,1.5472178556550797,free_medium
50,67.44200000000001,4.769339793322029,12.257000000000001,0.7434125,1.295,3.620625,77.5,536.6211304957073,1.5472900232711395,free_medium
51,66.7245,4.714156967110884,12.13525,0.706275,1.2205,3.5834875000000004,75.5,537.7920715840404,1.5593480943840694,free_medium
52,66.8915,4.722416132657219,12.142,0.7053499999999999,1.2295,3.5825625,68.5,538.3029696637087,1.5660839356580412,free_medium
53,66.8675,4.722677915055423,12.11425,0.706925,1.24,3.5841374999999998,65.5,539.3770525873026,1.5730492001467191,free_medium
54,67.30799999999999,4.779709365316048,12.31425,0.73315,1.275,3.6103625,67.5,541.4131177673328,1.5792428671932517,free_medium
55,67.7005,4.830376096938737,12.588249999999999,0.7801750000000001,1.34225,3.6573875,76.0,542.837972071746,1.5832993461741962,free_medium
56,67.7295,4.818633521215337,12.528500000000001,0.7835875,1.31475,3.6608,71.0,544.0512243033802,1.5852791099873018,free_medium
57,67.343,4.81772626648659,12.37425,0.7673875000000001,1.31425,3.6445999999999996,67.5,545.5427743949107,1.5935344959566091,free_medium
58,67.7595,4.858219449732182,12.472,0.78825,1.33075,3.6654625000000003,68.0,547.552991752939,1.5958137507359107,free_medium
59,67.744,4.871768281639522,12.49525,0.8063,1.35225,3.6835125,66.0,547.7210951529382,1.599522463215358,free_medium
60,67.3105,4.85675461770156,12.750499999999999,0.79695,1.3315000000000001,3.6741625,76.0,549.4165630650647,1.6000933833519637,free_medium
61,67.7345,4.929648538452488,12.939,0.8271,1.40225,3.7043125000000003,73.0,550.0400567973229,1.605666213070861,free_medium
62,67.9195,4.889871054467914,12.941,0.8095874999999999,1.3599999999999999,3.6868,74.5,551.7006663480842,1.6071177828503536,free_medium
63,68.0265,4.950777840724081,13.0875,0.8344625,1.4135,3.7116750000000005,71.0,552.1084509662642,1.6087761989258862,free_medium
64,68.6185,5.830014356929645,15.741499999999998,1.3311875,2.18975,4.208400000000001,78.0,555.2101466724911,1.6090814976417172,free_medium
65,68.1825,4.988545049245247,13.06025,0.8560625,1.428,3.733275,73.0,556.1087776379828,1.6171963033207608,free_medium
66,69.0775,5.882059987497439,15.839500000000001,1.3347250000000002,2.19025,4.2119375,71.0,557.7480748146686,1.6172900832066321,free_medium
67,68.1685,5.007315619779176,13.301,0.8677875,1.4532500000000002,3.745,72.0,558.3608795371592,1.621550907292946,free_medium
68,67.7065,5.085000084048996,13.556999999999999,0.91785,1.5265,3.7950625000000002,73.0,560.6242052543748,1.623667448676021,free_medium
69,69.4745,5.8813536330577065,15.9165,1.3610874999999998,2.2344999999999997,4.238300000000001,72.5,562.4203764129333,1.6281944360350773,free_medium
70,69.05699999999999,5.837870634404652,15.8325,1.31895,2.1715,4.1961625,75.0,563.9513140914357,1.6295201777044581,free_medium
71,68.2965,5.137017700949514,13.715,0.9280375000000001,1.5635,3.80525,71.0,564.3649763116339,1.6315904473931304,free_medium
72,69.2995,5.889204914419498,15.992,1.357275,2.2125000000000004,4.2344875,83.0,566.5026815081408,1.6338815812691259,free_medium
73,69.277,5.9484734000964705,16.291249999999998,1.3874,2.2495000000000003,4.2646125,80.5,568.1182187617835,1.6366626406487708,free_medium
74,69.3875,5.976557775025065,16.274,1.4064125,2.3085,4.283625,70.5,568.9471796719345,1.6392940744771907,free_medium
75,69.981,5.954663048174156,16.1575,1.3774125000000002,2.271,4.254625,76.0,571.3735086658227,1.640444717729467,free_medium
76,69.9195,5.913451495391986,15.995750000000001,1.36005,2.23825,4.2372625,78.5,572.1684733168318,1.6420000964940806,free_medium
77,69.6405,5.316024611081044,14.197,1.0306375,1.70725,3.90785,69.5,575.1910379324975,1.6439755289239881,free_medium
78,68.902,5.531728990007774,14.89175,1.123925,1.87975,4.0011375000000005,75.5,576.6876589024575,1.647675171731202,free_medium
79,68.9485,5.53018604669149,14.9485,1.1268125,1.8845,4.004025,75.0,578.487378649234,1.6492311791809628,free_medium
80,69.3845,5.551952310247835,14.95,1.1622,1.932,4.0394125,64.0,580.5208105440919,1.6501486142330037,free_medium
81,69.125,5.443370925064145,14.624500000000001,1.0985624999999999,1.82375,3.9757749999999996,72.5,582.249300300289,1.6505852206398495,free_medium
82,69.7405,5.7801509062396494,15.6995,1.2705125000000002,2.10825,4.147725,83.0,584.4636927717814,1.6509745801924343,free_medium
83,69.4925,5.523243981662899,15.09,1.0930749999999998,1.8455,3.9702875,68.5,586.7809423452416,1.6513523180493688,free_medium
84,69.69,5.4603009728735135,14.925999999999998,1.0786,1.823,3.9558125,77.0,589.8448150664732,1.6516931628856462,free_medium
85,70.02000000000001,5.464820293747845,14.99,1.066325,1.819,3.9435375,76.5,591.8707892015395,1.6519325353502028,free_medium
86,69.68299999999999,5.457577993926824,14.7575,1.0662875,1.79575,3.9435000000000002,80.0,592.909712292439,1.6520311896021682,free_medium
87,69.9125,5.457548962990844,14.8485,1.06825,1.8255,3.9454625000000005,83.0,595.3501740382474,1.6522727016508751,free_medium
88,70.5635,5.6428122032979715,15.133,1.1811875,1.9809999999999999,4.058400000000001,72.0,597.4770461783141,1.6524084717668575,free_medium
89,70.943,5.612127021190107,15.1035,1.1614,1.95475,4.038612499999999,69.5,599.5339474139421,1.6525499209225192,free_medium
90,70.613,5.639416300917061,15.4925,1.1791625,1.99275,4.056375,73.5,602.028430084163,1.6526186671563399,free_medium
91,70.965,5.71046537881889,15.474,1.2052874999999998,2.0060000000000002,4.0825,77.5,602.4461144110139,1.652645570604554,free_medium
92,70.71950000000001,5.725371769114972,15.793,1.2052,2.037,4.0824125,84.0,604.8820848873575,1.6527001550916287,free_medium
93,70.9965,5.744188958331385,15.8295,1.233275,2.0614999999999997,4.1104875,80.5,607.1020258002211,1.6527393394526393,free_medium
94,71.215,5.653536460551594,15.51225,1.1949124999999998,2.01325,4.072125,86.5,607.494122709098,1.6527422288312748,free_medium
95,71.574,5.87980451258986,16.31075,1.2776625,2.1719999999999997,4.1548750000000005,72.0,615.602002777643,1.6527505347504676,free_medium
96,71.61099999999999,5.904670468599408,16.368000000000002,1.2952249999999998,2.1955,4.172437499999999,77.5,616.3481688961233,1.652766001509935,free_medium
97,72.07300000000001,5.971700465812988,16.397750000000002,1.3283875,2.2475,4.2056000000000004,73.5,619.7631850928183,1.6527666429535963,free_medium
0,70.061,6.787587494541948,20.92275,0.6091624999999999,1.1795,3.940925,72.5,717.9653283081875,1.086232164676412,grid_large
1,70.4195,6.783484044877678,21.12025,0.6266,1.2085,3.9583625,67.0,718.6370372306206,1.1053980873958253,grid_large
2,70.41550000000001,7.009703187953823,21.17225,0.6820999999999999,1.26925,4.0138625,61.5,720.4234461937467,1.211415856176702,grid_large
3,70.72749999999999,7.0149655550145,21.26025,0.6772125,1.2515,4.0089749999999995,69.0,720.6807390620972,1.2357539017167538,grid_large
4,70.7345,7.012785271267163,21.1035,0.6895375,1.2445,4.0213,66.5,720.7209305726177,1.3312062860263085,grid_large
5,70.64,6.806211719680125,20.923000000000002,0.6694125000000001,1.2374999999999998,4.001175,67.5,720.7741525513361,1.3845267013687779,grid_large
6,70.48,6.889874673702879,20.694000000000003,0.6637374999999999,1.25175,3.9955,72.5,721.1241044528132,1.4892852249243147,grid_large
7,70.9425,7.019678234279775,21.141,0.7089624999999999,1.27175,4.040725,72.5,722.4462139681098,1.5158896832630981,grid_large
8,70.98150000000001,7.017271252064389,21.044,0.7077875,1.2685,4.03955,75.0,722.5558960200799,1.5388410398366124,grid_large
9,70.4555,6.961957462778363,20.62525,0.7218875,1.30225,4.053649999999999,70.0,722.9622831055349,1.575373948762828,grid_large
10,70.987,6.945757494411172,20.954500000000003,0.6725749999999999,1.22675,4.0043375,66.5,724.091775775022,1.5759544003524362,grid_large
11,70.6395,6.955803414952201,20.724249999999998,0.7081624999999999,1.26775,4.039925,78.0,724.637333412981,1.6078193981750852,grid_large
12,70.469,6.92370232523648,20.603749999999998,0.7096875,1.28725,4.041449999999999,78.5,724.9665444603315,1.6155997692780588,grid_large
13,71.1755,6.959189429132938,21.052,0.720875,1.29775,4.0526375,67.5,726.0851474502807,1.6207817338410258,grid_large
14,71.3535,7.034758492944169,21.14675,0.739525,1.31025,4.0712875,70.5,726.4934410541142,1.6379343433606481,grid_large
15,71.64750000000001,7.171061470587403,21.23775,0.7573874999999999,1.36575,4.08915,73.5,727.4867654397514,1.6409780051500877,grid_large
16,71.5115,7.0612785957926025,21.08925,0.71475,1.2795,4.0465125,66.5,727.5840333441618,1.6461059633549995,grid_large
17,71.57249999999999,7.137785227726461,21.155250000000002,0.759625,1.35625,4.0913875,81.0,728.1644658326279,1.6569076426524254,grid_large
18,71.40950000000001,7.099218562972372,20.994,0.7586374999999999,1.35325,4.0904,64.5,728.3105132914948,1.6606523455291107,grid_large
19,71.245,7.131525005246992,21.019,0.7630999999999999,1.35775,4.0948625,66.5,728.8537347599868,1.6678668516786217,grid_large
20,71.6335,7.1393297063636165,21.155,0.7631249999999998,1.35775,4.0948875000000005,68.0,729.633498286996,1.6736993231998067,grid_large
21,71.7405,7.176946584331208,21.2245,0.8020375,1.4257499999999999,4.1338,72.0,730.7245404506696,1.6787700988651804,grid_large
22,72.03450000000001,7.1206025520410865,21.22,0.7799875,1.37125,4.11175,80.5,731.8581983401347,1.6863605542810605,grid_large
23,71.997,7.165355233987336,21.32025,0.8007124999999999,1.399,4.1324749999999995,75.5,732.2513972216086,1.6921557052476919,grid_large
24,71.6435,7.1052297280258685,21.1015,0.8083,1.40825,4.140062499999999,74.0,733.037579381227,1.6962013319323686,grid_large
25,72.48349999999999,7.200038902237983,21.48725,0.8105625,1.425,4.142325,74.0,733.5542629725996,1.6980650661796268,grid_large
26,71.98,7.111878058357011,21.1605,0.7808625,1.3712499999999999,4.1126249999999995,79.5,734.092534897874,1.7018075635052141,grid_large
27,72.274,7.1368465838645925,21.298000000000002,0.795925,1.399,4.1276875,67.5,734.664609568182,1.7042540380537365,grid_large
28,72.1355,7.164550906453684,21.330750000000002,0.7951625,1.39725,4.126925,73.5,735.7068080875208,1.7092163717017035,grid_large
29,72.5065,7.184885996738599,21.44425,0.8145249999999999,1.422,4.1462875,73.0,736.863504111084,1.7114584301743816,grid_large
30,72.4265,7.19908280978999,21.4965,0.8173874999999999,1.42275,4.149150000000001,73.5,738.4274776338773,1.715293958109081,grid_large
31,72.6635,7.217440058957904,21.57175,0.8279875,1.447,4.15975,73.0,739.9686578707965,1.7189560307542564,grid_large
32,72.3205,7.179365113866849,21.42,0.8195625,1.41625,4.151325,63.0,740.5610393885213,1.72152710611349,grid_large
33,72.5285,7.177426429622761,21.4485,0.8242125,1.4180000000000001,4.155975,74.0,741.8977928191958,1.7229481057084224,grid_large
34,72.527,7.226085252415853,21.581,0.82515,1.42775,4.156912499999999,67.0,743.0885877701564,1.7248497473479818,grid_large
35,72.9,7.26429689049554,21.7135,0.8500125000000001,1.459,4.181775,68.0,744.4823136820062,1.72559235060442,grid_large
36,72.892,7.275922192207222,21.579749999999997,0.8569249999999999,1.46975,4.1886875,70.5,746.342870591956,1.728120507021158,grid_large
37,73.611,7.27046770789843,21.955750000000002,0.85945,1.4525000000000001,4.191212499999999,78.0,748.6724170222736,1.7291293398381289,grid_large
38,73.3535,7.220042169486655,21.57675,0.8536,1.4575,4.1853625,73.5,749.989261522802,1.7341373502184863,grid_large
39,74.02199999999999,7.257601701530998,21.858,0.8645499999999999,1.46425,4.1963124999999994,69.5,753.0803655985444,1.7376155506773328,grid_large
40,73.939,7.353501366161341,22.05925,0.860725,1.4535,4.1924875,75.5,756.5216122898279,1.7381837692349456,grid_large
41,74.4115,7.312413746523497,22.061999999999998,0.856475,1.45825,4.1882375,74.5,757.9766442165418,1.740873701140487,grid_large
42,74.78450000000001,7.308272284791526,22.032,0.8769625,1.476,4.208725,67.0,759.1795761107776,1.7432789392068626,grid_large
43,74.91,7.315031373711124,22.1625,0.884125,1.4849999999999999,4.2158875,74.0,760.5307765204548,1.7449000268715875,grid_large
44,77.7375,7.139192046998976,21.927500000000002,0.7966125,1.4125,4.128375,83.0,762.8390699998367,1.7464687918955233,grid_large
45,74.7755,7.313225817117112,21.974,0.85435,1.4605,4.1861125,72.0,763.7935534291828,1.7468754325795606,grid_large
46,75.03399999999999,7.32003652295109,22.25475,0.8565625,1.4340000000000002,4.188325,85.5,765.6527208954162,1.7495610975224896,grid_large
47,75.22,7.266868128721971,22.268,0.8556,1.4337499999999999,4.187362500000001,71.5,767.4466121964916,1.7497410900791126,grid_large
48,78.13499999999999,7.241459929628686,22.43275,0.8358249999999999,1.43925,4.1675875,94.0,769.6526490276387,1.7500676059912976,grid_large
49,78.695,7.252031505718284,22.2715,0.7916375,1.411,4.1234,84.0,771.5825004760075,1.7523580053014034,grid_large
50,78.181,7.218900678778025,22.335250000000002,0.812125,1.4145,4.1438875,83.0,772.9922180574165,1.7532874938713023,grid_large
51,78.678,7.275914629214123,22.28575,0.8178125,1.44275,4.1495750000000005,73.0,774.302410588396,1.7544681240619309,grid_large
52,76.156,7.337664508568199,22.48475,0.8648875,1.443,4.19665,76.5,776.2820735627392,1.7551097281263066,grid_large
53,78.6155,7.256805161986872,22.659750000000003,0.8248875,1.447,4.15665,83.5,777.7984326602032,1.7563369240588431,grid_large
54,79.197,7.334956763855949,22.670749999999998,0.815275,1.4405000000000001,4.1470375,83.5,780.169038614465,1.757764418908746,grid_large
55,78.95599999999999,7.264332290946237,22.5805,0.8215375,1.43175,4.1533,89.5,781.1782703572476,1.758775026615965,grid_large
56,79.219,7.316593591933722,22.9525,0.8264875,1.43275,4.158250000000001,82.5,783.2981837674654,1.7594186905860778,grid_large
57,79.324,7.27763912413309,22.461,0.8413375,1.4655,4.1731,73.5,785.4656210682729,1.7605594027952451,grid_large
58,79.001,7.2565685101832,22.716250000000002,0.8019375,1.4125,4.133699999999999,74.5,786.2036577276834,1.7613140776040868,grid_large
59,79.363,7.260021242662592,22.625,0.83755,1.4495,4.1693125,77.0,787.927391454765,1.7626618948180566,grid_large
60,80.56299999999999,7.314390827215295,22.396250000000002,0.8112375000000001,1.456,4.142999999999999,93.5,789.7890210924152,1.7634056306345152,grid_large
61,80.025,7.24475802672027,22.483249999999998,0.8009250000000001,1.4132500000000001,4.132687499999999,88.0,791.5639047661733,1.7637936032121437,grid_large
62,79.96000000000001,7.340131009202213,22.780749999999998,0.832525,1.46475,4.1642875,78.5,798.3811216724616,1.7659203677523638,grid_large
63,80.61,7.338209155653911,22.54775,0.8176875,1.444,4.14945,82.5,800.4030786787298,1.7671009203477477,grid_large
64,80.262,7.295061675572753,22.5355,0.8155374999999999,1.43825,4.1472999999999995,85.5,803.1671348961324,1.768337683985604,grid_large
65,80.36,7.274725008875713,22.516750000000002,0.8125499999999999,1.424,4.1443125,75.0,805.41025176745,1.7689227046456675,grid_large
66,81.364,7.322033626107496,22.229,0.8142375,1.4169999999999998,4.146,81.0,809.4003371252157,1.770601949463412,grid_large
67,80.703,7.326984580478767,22.479,0.8384875,1.44825,4.170249999999999,83.0,813.6616717005224,1.7710469183771447,grid_large
68,80.9105,7.284215257838762,22.18725,0.8174125000000001,1.4235,4.149175,78.5,815.9346102775285,1.7712259619312993,grid_large
69,80.85499999999999,7.350623913474067,22.642249999999997,0.8468499999999999,1.45125,4.1786125,83.5,817.3481337400234,1.7715146453362611,grid_large
70,81.541,7.3380999591233955,22.416249999999998,0.833375,1.452,4.1651375,79.5,818.887251589493,1.7723177682183908,grid_large
71,81.127,7.34573814766251,22.58125,0.8389,1.452,4.170662500000001,82.5,821.3665169576855,1.7724062743701787,grid_large
72,80.971,7.383085173703291,22.61475,0.8551,1.4855,4.186862499999999,90.0,822.5439084124512,1.772827481329914,grid_large
73,81.31200000000001,7.373605144293042,22.5285,0.8302125,1.439,4.161975,89.5,826.8349716697853,1.7735557595733042,grid_large
74,81.631,7.38733212757559,22.454250000000002,0.851825,1.45475,4.1835875,77.0,829.7818097364354,1.7740276534315944,grid_large
75,81.887,7.433739378157199,22.668,0.8408875,1.4540000000000002,4.17265,81.5,832.5836071153465,1.7745815810241923,grid_large
76,82.0655,7.4159738403255435,22.564,0.86185,1.4652500000000002,4.1936125,92.5,834.8172977964293,1.7747133537014967,grid_large
77,81.9885,7.412189691481176,22.44175,0.8510125,1.45125,4.1827749999999995,71.5,838.4313737385804,1.7751205118429858,grid_large
78,81.52199999999999,7.319339863283297,22.0625,0.84995,1.4375,4.181712500000001,88.0,844.8900842999699,1.7755594154157022,grid_large
79,82.2445,7.388366272863907,22.4005,0.8526874999999999,1.468,4.18445,90.5,847.5032216053819,1.7757856300184574,grid_large
80,82.73349999999999,7.405825087016046,22.461750000000002,0.8717125,1.476,4.203475,78.5,852.4231441001846,1.7758618222441622,grid_large
81,82.844,7.434351472641873,22.49525,0.8727625000000001,1.48175,4.204525,88.0,853.8596857853612,1.7760707575944863,grid_large
82,82.7815,7.4605966157656605,22.63075,0.8819125,1.4845000000000002,4.213675,83.5,856.994306889726,1.7763412426026193,grid_large
83,82.6905,7.5380359830104835,22.852,0.8811374999999999,1.49725,4.2129,82.0,861.2035354591278,1.7764468385019074,grid_large
84,82.3835,7.318326638385896,22.174750000000003,0.8369500000000001,1.43175,4.1687125,82.5,862.7954490585032,1.776451647137312,grid_large
85,83.5985,7.492167187188597,22.840249999999997,0.8679125,1.4685,4.199674999999999,95.5,864.8504394201295,1.776554401772965,grid_large
86,82.2835,7.881605785441515,24.085500000000003,0.9752375,1.629,4.307,71.0,868.5862189335188,1.7765581990253887,grid_large
87,82.272,7.882603457917275,23.9375,0.99515,1.653,4.326912499999999,85.5,872.6062255540676,1.7768196925261694,grid_large
88,82.332,7.889274908665289,24.09825,0.9928874999999999,1.6672500000000001,4.32465,82.5,875.7593649004007,1.7768880148579886,grid_large
89,82.736,7.677757188202493,23.374499999999998,0.9266874999999999,1.548,4.25845,82.0,878.9814948249038,1.7769732852046858,grid_large
90,85.116,7.747469318700306,23.78475,0.9345875,1.57825,4.26635,79.5,886.1289902172774,1.777158102687259,grid_large
91,84.6135,7.942413869661464,24.66,0.9684375000000001,1.6197499999999998,4.3002,89.5,894.5617484217114,1.7774507230646586,grid_large
92,84.4465,7.909510825550072,24.295,0.9751624999999999,1.63525,4.306925,87.5,895.1510570474593,1.777600986802777,grid_large
93,84.883,7.927637743002305,24.397750000000002,0.9878750000000001,1.6585,4.319637500000001,82.5,897.7317402953606,1.7776455278783583,grid_large
94,85.29650000000001,8.035625865010495,24.68125,1.0187,1.71275,4.350462500000001,82.0,903.3204540674692,1.777749626846166,grid_large
95,86.32,7.900529035916465,24.02325,0.9876875,1.645,4.31945,93.0,905.5347808935036,1.7777646577132427,grid_large
96,85.50999999999999,8.154322333921623,24.9075,1.0128125,1.70525,4.344574999999999,93.0,906.8515507262073,1.7778684757908363,grid_large
97,86.57050000000001,8.135320786406083,24.95025,1.0407,1.73725,4.3724625,87.5,913.4098146495762,1.7778779747440696,grid_large
98,86.90950000000001,8.165722946731346,25.109,1.00885,1.69675,4.340612500000001,84.0,917.4258200082393,1.777916947612242,grid_large
99,87.37700000000001,8.208723619686221,25.12725,1.040175,1.7405,4.3719375,100.5,924.9306357716112,1.777952101613121,grid_large
100,86.65950000000001,8.25712420420044,25.1925,1.0348625,1.741,4.366625,82.0,930.145483094584,1.7779969741221997,grid_large
101,92.40199999999999,8.71428323101459,27.456000000000003,1.0855750000000002,1.85625,4.4173375,95.0,1054.7971909965545,1.778144945075455,grid_large
0,73.29599999999999,7.778824029136375,25.55925,0.7505124999999999,1.39275,4.082274999999999,86.0,757.4746362743758,1.2103190260637728,racetrack_large
1,73.919,7.923883744666238,25.653750000000002,0.803875,1.4602499999999998,4.1356375,82.0,758.0994830497806,1.3001637558972297,racetrack_large
2,73.35900000000001,7.8166992754478315,25.55925,0.734175,1.3955,4.0659375,82.0,758.2765973002611,1.464061168459427,racetrack_large
3,73.856,7.77688308431784,25.47975,0.7368125000000001,1.39775,4.068575,83.5,758.58785260323,1.542803859492724,racetrack_large
4,73.856,7.7591833402027195,25.46075,0.737125,1.3820000000000001,4.068887500000001,74.5,758.6833676805312,1.567939294908844,racetrack_large
5,73.963,7.938664320051169,25.5345,0.8091125000000001,1.462,4.140874999999999,81.0,758.8500113246184,1.5717980313441227,racetrack_large
6,73.73599999999999,7.9176707276143965,25.441499999999998,0.804975,1.45725,4.1367375,89.0,759.0502113099344,1.587132305816834,racetrack_large
7,74.0325,7.864632396461914,25.41375,0.7517874999999999,1.395,4.08355,83.5,759.0565898085888,1.625227463650635,racetrack_large
8,74.164,7.835747132169368,25.451999999999998,0.7457499999999999,1.3895,4.0775125,95.5,759.336073953501,1.6286909715489668,racetrack_large
9,74.04050000000001,7.792376195112812,25.36725,0.7551875,1.4049999999999998,4.08695,86.5,759.4289678791463,1.6446601836746262,racetrack_large
10,73.73,7.81144649921756,25.4015,0.7481375,1.385,4.0799,85.5,759.4289915239583,1.6461649862541314,racetrack_large
11,73.58600000000001,7.739452269966554,25.30825,0.7255499999999999,1.36975,4.0573125,84.5,759.5746018649547,1.664937606204565,racetrack_large
12,73.75450000000001,7.895931041549725,25.6555,0.7682,1.418,4.0999625,86.0,759.5956678352167,1.6670212339728827,racetrack_large
13,73.83250000000001,7.796863559110113,25.3825,0.736075,1.38425,4.0678374999999996,90.0,760.3133855136966,1.6841940436727223,racetrack_large
14,74.2655,7.878693284289588,25.5015,0.7728625,1.4175,4.104625,85.5,760.970248295396,1.6893409153705794,racetrack_large
15,74.247,7.908957167501681,25.49025,0.77525,1.4372500000000001,4.1070125,81.5,761.3222632065604,1.690762046143316,racetrack_large
16,74.161,7.871185742499173,25.5335,0.7724125,1.42075,4.104175,86.5,761.939288216548,1.7004160679704592,racetrack_large
17,73.76050000000001,7.914976272270543,25.66675,0.77545,1.4337499999999999,4.107212499999999,86.0,762.2250509919008,1.7135629349925823,racetrack_large
18,73.771,7.9546236039055955,25.592750000000002,0.7828375,1.4275,4.1146,88.5,762.6049848237662,1.7174026752588225,racetrack_large
19,73.72649999999999,7.927087982895065,25.48475,0.8030375000000001,1.436,4.1348,85.5,763.1172583469308,1.7184943787016767,racetrack_large
20,73.7065,7.986446641840001,25.6315,0.7979375,1.4657499999999999,4.1297,83.5,763.4989954066863,1.7229611973898904,racetrack_large
21,73.684,7.911784685838219,25.561500000000002,0.7625125,1.4155,4.094275,79.5,763.879335244831,1.723928358415733,racetrack_large
22,73.863,7.979570671247496,25.56875,0.78295,1.44675,4.1147124999999996,88.5,764.1208579581598,1.730854715055337,racetrack_large
23,73.88149999999999,7.887818075327564,25.62925,0.775675,1.41275,4.1074375,82.0,764.1403596375632,1.735267800535894,racetrack_large
24,74.01400000000001,8.009938146574491,25.527,0.8070124999999999,1.4555,4.138775,82.5,765.3215787515304,1.7384572975269386,racetrack_large
25,73.963,8.017041283904145,25.73525,0.8029124999999999,1.44675,4.134675,83.0,765.620136169217,1.7424241360688066,racetrack_large
26,73.93,8.029993415171017,25.746000000000002,0.802975,1.46675,4.1347375,82.5,766.4125098468173,1.747606328069574,racetrack_large
27,74.2315,8.03193722134806,25.73975,0.8325750000000001,1.5095,4.1643375,79.5,767.1062224429078,1.7502402940021675,racetrack_large
28,73.8395,8.065875084254778,25.578000000000003,0.840675,1.509,4.1724375,82.5,767.4517953877698,1.7557462911026074,racetrack_large
29,74.25450000000001,8.053617479311459,25.849,0.801175,1.44375,4.132937500000001,89.5,767.8406504687262,1.7583372163055466,racetrack_large
30,73.693,8.15078509263262,25.686500000000002,0.8343499999999999,1.501,4.1661125000000006,82.5,768.5036413007633,1.7627503214560785,racetrack_large
31,74.529,8.135712136638237,26.027749999999997,0.85205,1.546,4.1838125,84.0,769.6831306102005,1.7640125701914096,racetrack_large
32,74.5575,8.182321568068973,26.00625,0.8705499999999999,1.5717500000000002,4.2023125,83.0,770.2417529391113,1.7683800332809045,racetrack_large
33,74.334,8.095650661516233,25.918,0.839075,1.508,4.170837499999999,84.0,771.218765828021,1.7714929467435423,racetrack_large
34,74.7165,8.160922217723702,25.97475,0.8570875,1.5505,4.18885,84.5,772.3394178274393,1.7748291179305757,racetrack_large
35,74.4925,8.099395034556826,25.87425,0.832625,1.4825,4.1643875,78.0,773.5093888563251,1.776612056831792,racetrack_large
36,74.5455,8.117558492195283,25.966250000000002,0.8196125000000001,1.4815,4.151375,87.0,775.0349930745596,1.7792703923182236,racetrack_large
37,74.856,8.191069955731646,26.28125,0.8501875,1.517,4.1819500000000005,96.5,776.0195041683317,1.7822849542069734,racetrack_large
38,75.626,8.274348857088466,26.4345,0.8860375,1.6015000000000001,4.2178,84.0,777.8503348851808,1.7826206228883585,racetrack_large
39,75.51050000000001,8.237910038942367,26.3265,0.86685,1.5425,4.198612499999999,88.5,779.3365866725429,1.7855313339347534,racetrack_large
40,75.148,8.1748873457854,26.23,0.8439749999999999,1.49325,4.1757375,94.0,780.9181908235735,1.7876039609614864,racetrack_large
41,75.1,8.231239970373185,26.25675,0.850425,1.53375,4.1821874999999995,90.5,783.0440225919942,1.7896436937890465,racetrack_large
42,75.967,8.191764988612462,26.372,0.8529,1.5277500000000002,4.1846625,79.0,784.4414230940097,1.791548643517927,racetrack_large
43,75.31,8.263304743825113,26.338,0.8827,1.5765,4.2144625,88.0,785.8466400724781,1.79404623585585,racetrack_large
44,76.333,8.363061956542854,26.893,0.874825,1.57975,4.2065875,84.5,788.3669522088624,1.7948045844056897,racetrack_large
45,76.71100000000001,8.177259801770141,26.528750000000002,0.8758999999999999,1.585,4.2076625,72.0,790.6933277456917,1.7975209787550377,racetrack_large
46,76.977,8.307190833273498,26.811,0.8688,1.58,4.200562499999999,81.0,793.6867323992403,1.799205494086294,racetrack_large
47,77.07300000000001,8.295521453837043,26.905749999999998,0.869875,1.56975,4.2016375,87.5,793.9990837636064,1.7996998012466643,racetrack_large
48,77.3785,8.423814129956245,27.031750000000002,0.8804,1.60525,4.2121625,91.0,795.3468768316957,1.8014580545403533,racetrack_large
49,77.3115,8.335280418896907,26.823,0.8748875,1.5895000000000001,4.20665,83.0,796.7255469106831,1.8027891895566577,racetrack_large
50,77.229,8.338464277285592,26.841,0.87385,1.587,4.205612500000001,84.0,798.5022649239197,1.8037809601960604,racetrack_large
51,77.3435,8.25822198227388,26.6875,0.8592375,1.5715,4.191000000000001,87.5,800.0679782069546,1.8042073249004176,racetrack_large
52,77.47399999999999,8.20801780153464,26.572499999999998,0.852,1.5394999999999999,4.1837625,88.0,802.1368710947191,1.8044139830753732,racetrack_large
53,77.5795,8.328387185372188,26.865250000000003,0.86905,1.60225,4.2008125,88.5,803.3950518879129,1.8067299750685495,racetrack_large
54,77.6935,8.42263515080385,27.0015,0.8965375,1.6655,4.228299999999999,83.0,805.077441731099,1.8069890765116952,racetrack_large
55,78.08000000000001,8.397876428226288,27.08625,0.88165,1.5862500000000002,4.2134125000000004,95.0,807.2804980717053,1.8085534434970674,racetrack_large
56,77.554,8.378057724236971,26.662,0.8780874999999999,1.6315,4.209849999999999,89.5,807.8577718002045,1.8095086112484422,racetrack_large
57,78.035,8.446782264237296,26.893,0.8869875,1.63075,4.21875,92.5,810.774452467088,1.8103908816758245,racetrack_large
58,78.556,8.514432832565811,27.1355,0.8919999999999999,1.63875,4.223762499999999,88.0,812.3884266743331,1.8109924859057998,racetrack_large
59,78.577,8.430154297464286,27.0685,0.8998375000000001,1.6139999999999999,4.2316,85.5,813.8564203126368,1.8119502908226794,racetrack_large
60,78.813,8.491298899522015,27.2085,0.9094624999999998,1.646,4.241225,89.5,815.5913610574962,1.812715148463761,racetrack_large
61,78.76750000000001,8.486243040756868,27.26525,0.9177500000000001,1.659,4.2495125,89.0,816.9183112254353,1.814341059073484,racetrack_large
62,79.027,8.576737341168482,27.256,0.92805,1.68975,4.259812500000001,77.5,819.9245372772873,1.8149156019806834,racetrack_large
63,79.0765,8.508532011366768,27.30525,0.9308125,1.695,4.262575,89.0,820.1805334144728,1.8151483317317285,racetrack_large
64,78.9095,8.48609873178236,27.10425,0.9287000000000001,1.669,4.2604625,97.0,822.2533360960457,1.8159062853688663,racetrack_large
65,79.3045,8.494619080139117,27.039,0.9306125000000001,1.68425,4.2623750000000005,85.0,825.3260168201726,1.816865362320726,racetrack_large
66,79.619,8.517116703391213,27.28,0.9342250000000001,1.67175,4.2659875,83.5,828.4243658524147,1.8178153236547194,racetrack_large
67,79.773,8.598433353065563,27.1975,0.9661875,1.7254999999999998,4.29795,82.5,830.4874343389855,1.8180622175823589,racetrack_large
68,79.952,8.560130852837917,27.3845,0.9196875,1.64425,4.25145,82.0,831.670619705585,1.8188322099454908,racetrack_large
69,80.3435,8.6010538544541,27.5715,0.9434374999999999,1.71275,4.275200000000001,88.5,833.1108714481462,1.8191281781760764,racetrack_large
70,80.0795,8.628772333085148,27.40175,0.94145,1.7035,4.2732125,92.0,834.6170439880584,1.819666375629926,racetrack_large
71,80.32050000000001,8.609253666931483,27.360750000000003,0.9384874999999999,1.70625,4.270250000000001,80.5,836.6615587654444,1.8203377598248291,racetrack_large
72,80.78,8.666785254673048,27.68,0.9556,1.72425,4.2873625,95.5,839.4137897777291,1.8205660065341063,racetrack_large
73,80.7615,8.627663802633215,27.45375,0.9768125000000001,1.76,4.308574999999999,90.0,841.5812189895224,1.8214051744399935,racetrack_large
74,81.35900000000001,8.689712775769344,27.78425,0.9699625,1.7349999999999999,4.301724999999999,82.0,844.612756810641,1.8216518978362746,racetrack_large
75,81.6845,8.738074613014806,27.652,0.9932875,1.78125,4.32505,83.0,849.082396874406,1.8226293185760365,racetrack_large
76,81.5955,8.737684020671676,27.707749999999997,0.976,1.762,4.307762500000001,92.5,851.4967864836335,1.8235183815947766,racetrack_large
77,81.8755,8.773200236688663,27.63875,0.9870749999999999,1.7770000000000001,4.3188375,81.5,853.0284359953678,1.8235469790153231,racetrack_large
78,82.131,8.75924099578853,27.69425,0.983725,1.77525,4.3154875,95.5,855.4833104974267,1.8239384385969848,racetrack_large
79,82.299,8.781841826747629,27.55975,0.976,1.7565,4.307762499999999,84.5,857.2102876080075,1.8240509969596987,racetrack_large
80,82.39150000000001,8.759038363645232,27.512999999999998,0.9784625,1.766,4.310225,105.0,860.0245884247493,1.8245366909167469,racetrack_large
81,82.153,8.729507203950906,27.42225,0.9624874999999999,1.7327499999999998,4.29425,90.5,862.0204832501427,1.8247615183520918,racetrack_large
82,82.5685,8.745981114963588,27.49175,0.9584874999999999,1.7472500000000002,4.29025,95.0,864.2889243353641,1.8249289624079903,racetrack_large
83,82.9325,8.886044879561727,27.713,1.013275,1.8085,4.3450375,96.5,866.7861242920571,1.825593162511028,racetrack_large
84,82.4565,8.816913037804106,27.63425,1.0074375,1.7857500000000002,4.3392,100.0,870.2756378187546,1.825964164608699,racetrack_large
85,82.806,8.775742303394821,27.57625,0.9909125,1.7925,4.322675,93.0,873.0228079083213,1.825992485968486,racetrack_large
86,83.1105,8.916620046509385,27.8615,1.014025,1.81725,4.3457875,92.0,875.1909374420558,1.8261464055135377,racetrack_large
87,83.994,8.804948123175667,27.49775,0.9692375,1.75525,4.301,96.5,879.1990348561867,1.8264290622417372,racetrack_large
88,83.6345,8.924200340505742,27.93975,1.00495,1.801,4.3367125,104.5,882.4525725553458,1.8265885753259796,racetrack_large
89,84.1405,9.042196465511253,28.17575,1.0537874999999999,1.87025,4.38555,105.5,885.3245393306545,1.8266863968577591,racetrack_large
90,84.281,8.918732392426275,27.844749999999998,1.0102,1.80725,4.341962499999999,89.5,887.8515659708864,1.8268575754212024,racetrack_large
91,84.7915,8.970257737876505,28.07675,1.0239375,1.82025,4.3557,87.5,890.6048155767032,1.8269492319906881,racetrack_large
92,84.749,8.965609105246998,28.007,1.0056625,1.80725,4.337425,99.5,892.9089833478342,1.8269608098864993,racetrack_large
93,84.79599999999999,8.924566728889792,28.027749999999997,1.0121375000000001,1.78925,4.3439,88.5,894.3995375572929,1.82701309997904,racetrack_large
94,85.4725,8.99982372246468,28.207250000000002,1.0040749999999998,1.79725,4.3358375,96.5,898.6251694026212,1.827092462915702,racetrack_large
95,85.1755,9.001152943080273,28.268250000000002,1.0234,1.796,4.3551625,89.5,899.4501212729883,1.8271061007407017,racetrack_large
96,85.951,9.087005985958895,28.43925,1.0232625,1.8344999999999998,4.355025,94.0,902.2287834496274,1.827130994895441,racetrack_large
97,85.04650000000001,9.025530654624514,28.103,1.02045,1.7795,4.352212499999999,86.5,907.0364195410668,1.8272032539572025,racetrack_large
98,87.297,8.913231070007683,27.8415,1.016725,1.7770000000000001,4.348487499999999,94.0,917.2619368957332,1.8272385173790984,racetrack_large
99,89.06700000000001,9.047214518334481,27.81125,1.0538875,1.8504999999999998,4.38565,96.0,957.4180380656593,1.8274132182996383,racetrack_large
100,91.476,9.167333730159424,28.270000000000003,1.05315,1.8555000000000001,4.3849124999999995,99.5,983.2682071260514,1.8274450978991976,racetrack_large
101,94.09899999999999,9.51299819936684,29.59625,1.128175,1.9797500000000001,4.4599375000000006,99.5,1009.0920753796551,1.8274512879059877,racetrack_large
0,98.86949999999999,7.807792834987019,23.44725,0.696375,1.303,4.0281375,80.5,1003.3999052963147,1.042645899864079,free_large
1,99.944,7.8460900244099525,23.75575,0.69225,1.2417500000000001,4.0240124999999995,64.5,1005.7197333985443,1.1692583377255394,free_large
2,99.3305,8.200598159216572,23.802750000000003,0.785175,1.3995,4.116937500000001,70.0,1006.0339698142891,1.232278991242042,free_large
3,99.52850000000001,8.23307452649653,23.75425,0.8616875,1.4412500000000001,4.19345,70.0,1006.6138544276173,1.263670594635133,free_large
4,99.6165,8.211265011676083,23.738500000000002,0.8592625,1.4329999999999998,4.191025,75.0,1008.1198278533388,1.309889649920127,free_large
5,99.686,8.395953994760625,23.715249999999997,0.862325,1.47775,4.1940875,62.0,1008.5585140605738,1.327210722799039,free_large
6,99.765,8.394920874033424,23.730249999999998,0.8857625,1.5165,4.217524999999999,69.0,1009.0683493682487,1.3276162810201082,free_large
7,99.765,8.450761258050317,23.8095,0.9134749999999999,1.5550000000000002,4.2452375,71.5,1009.5422514090453,1.3430539429389192,free_large
8,99.48,8.095548909478524,23.656750000000002,0.82675,1.4252500000000001,4.1585125000000005,70.0,1009.9747579207012,1.35486525516314,free_large
9,99.6015,8.40324734449053,23.69325,0.95035,1.588,4.2821125,76.5,1010.3267202532754,1.3593498255411929,free_large
10,100.09450000000001,8.453555444734105,24.009,0.9752875,1.58925,4.307049999999999,74.5,1011.6014225464482,1.374385874650896,free_large
11,100.5685,8.508253052373494,24.13075,1.0015625,1.6869999999999998,4.333325,66.0,1011.7656192638029,1.3749300662886745,free_large
12,99.5915,8.458697933713,23.87075,0.9093125,1.684,4.241075,66.0,1011.8849981768624,1.3825655190898867,free_large
13,100.35,8.440910051553967,23.8615,0.9799125,1.6327500000000001,4.311675,66.0,1013.0309267894459,1.3862653154108835,free_large
14,100.5075,8.308404466964328,23.69075,0.9293500000000001,1.553,4.261112499999999,82.0,1013.3790222622108,1.3929307591371891,free_large
15,100.2475,8.471740743384363,23.8575,0.9602124999999999,1.6615,4.291975000000001,68.0,1013.7600341107513,1.3950595476620447,free_large
16,100.3035,8.311939193337977,23.81725,0.905625,1.5764999999999998,4.2373875000000005,67.0,1014.3734150199302,1.3991631438287735,free_large
17,100.429,8.512107606311362,24.008000000000003,0.9491625,1.657,4.280925,72.0,1014.939809024603,1.4043622279097085,free_large
18,100.708,8.567619409803681,23.964750000000002,1.0263125,1.72775,4.3580749999999995,72.0,1016.1975390108257,1.4063634100365903,free_large
19,100.6815,8.480333158561683,23.95525,0.9818374999999999,1.63625,4.313599999999999,71.0,1016.2939861914308,1.4089862865472909,free_large
20,100.5535,8.563744099221033,24.122999999999998,0.9516249999999999,1.68475,4.2833875,70.0,1017.4191587052114,1.416334235720497,free_large
21,100.59200000000001,8.523496971138556,24.006,0.9645625,1.6560000000000001,4.2963249999999995,71.5,1017.7088620748455,1.4193750850056317,free_large
22,100.816,8.453919974602009,23.878999999999998,0.9812,1.6705,4.3129625,70.5,1019.2490044290471,1.4272282915475105,free_large
23,101.1055,8.548591560720748,24.0615,0.996,1.6564999999999999,4.3277625,70.0,1020.409322464189,1.4289549241641288,free_large
24,101.273,8.562698411703277,24.075499999999998,1.0511249999999999,1.71675,4.382887500000001,73.5,1021.4652856853083,1.4323143291116591,free_large
25,101.38900000000001,8.559151884682262,24.05425,1.023,1.69575,4.3547625,66.0,1022.0690431567591,1.435087003505531,free_large
26,101.6195,8.570167210781614,24.182000000000002,1.019225,1.7349999999999999,4.3509875000000005,65.5,1023.663465283819,1.4377042499154147,free_large
27,101.912,8.61920614328886,24.224,1.033575,1.6905000000000001,4.365337499999999,71.0,1024.5259601348519,1.4395093131993555,free_large
28,101.297,8.502632427060146,23.98625,0.9808874999999999,1.6917499999999999,4.31265,67.0,1025.153495574067,1.4430862244356477,free_large
29,101.46950000000001,8.500177470994009,23.82425,1.0028,1.64375,4.3345625000000005,68.0,1025.8073476869795,1.4451567730409818,free_large
30,102.2995,8.56461837323145,24.103250000000003,1.0444125,1.7222499999999998,4.376175,68.5,1026.919715913832,1.4484816554183837,free_large
31,101.621,8.565779387959708,24.0655,0.9916749999999999,1.707,4.3234375,68.5,1029.568909065793,1.4540045650364404,free_large
32,102.1915,8.518279831466376,23.91575,0.9568375,1.6444999999999999,4.288599999999999,78.0,1030.877937089872,1.4577909964848657,free_large
33,101.9485,8.52841221811103,23.899749999999997,0.9885124999999999,1.68375,4.3202750000000005,71.0,1032.5832900882215,1.4605492343203577,free_large
34,102.04050000000001,8.51474078398487,23.857750000000003,0.9740875,1.65625,4.3058499999999995,67.0,1034.0969726553997,1.4624343767505488,free_large
35,102.6165,8.637099578747373,24.174,1.0409375,1.7325,4.3727,69.5,1034.8198968588497,1.464318799083572,free_large
36,103.237,8.705746026063725,24.4315,1.0770499999999998,1.75975,4.4088125,64.0,1037.0134588748333,1.4659746809834333,free_large
37,102.438,8.649641827329914,24.06075,1.0063625,1.7045,4.338125,75.5,1038.7665837231593,1.4685466975056956,free_large
38,102.702,8.582067452600974,23.99925,1.0211625,1.6875,4.352925,70.0,1039.0827279017485,1.4718931679723568,free_large
39,102.5755,8.597524271885444,23.894750000000002,1.028625,1.719,4.3603875,68.5,1040.2203951421134,1.4730098415768949,free_large
40,103.049,8.588657344536074,24.03175,1.0217,1.69625,4.3534625,63.5,1042.3582913637943,1.4750297380832975,free_large
41,103.0015,8.606246143652179,23.9955,1.0541874999999998,1.7235,4.385950000000001,59.0,1042.8487780611022,1.476779192402268,free_large
42,102.93299999999999,8.617624109208936,24.036749999999998,1.02205,1.68275,4.3538125,66.5,1044.677280386383,1.479106097371462,free_large
43,103.4985,8.669481388814354,24.2845,1.0404499999999999,1.7225,4.3722125,69.0,1048.1346151931602,1.4833395889149001,free_large
44,103.8245,8.68021810786475,24.2125,1.05845,1.74125,4.3902125,81.0,1051.0564998960904,1.4851837130989782,free_large
45,103.94900000000001,8.662914486729019,24.139,1.0646125,1.75275,4.396375,79.0,1052.8953098030154,1.4876794151051231,free_large
46,103.6585,8.679412162760784,24.17175,1.0842625,1.7725,4.416025,72.0,1055.6354424503998,1.4883857605124837,free_large
47,103.827,8.674626733912834,24.2445,1.0698249999999998,1.75775,4.4015875,68.0,1056.5464912968432,1.4899703386256524,free_large
48,104.28999999999999,8.650125127752816,24.19075,1.0822375000000002,1.7570000000000001,4.414,74.5,1058.86483786505,1.4908625997187805,free_large
49,104.313,8.690036947310526,24.217,1.0919374999999998,1.748,4.4237,63.0,1062.3159929762433,1.493790488224216,free_large
50,104.25,8.701355984095747,24.24175,1.0531625,1.76775,4.384925,69.5,1065.1985268038804,1.4943979571873838,free_large
51,105.043,8.736130167075427,24.372,1.1125249999999998,1.80625,4.4442875,71.5,1066.3802626813952,1.4965988663126903,free_large
52,104.98849999999999,8.754676497450983,24.414,1.0861874999999999,1.776,4.41795,67.0,1069.4591878132157,1.4982107219150118,free_large
53,105.311,8.756549470481517,24.41275,1.093475,1.778,4.4252375,73.0,1070.8939993827476,1.4992775890229377,free_large
54,105.122,8.767923941491759,24.477249999999998,1.1304874999999999,1.80475,4.462249999999999,66.5,1073.6870270260197,1.5000246093807392,free_large
55,105.5525,8.770582821608823,24.4215,1.1009625,1.79175,4.432725,70.5,1074.419303685231,1.5014654611385898,free_large
56,105.686,8.816502548224808,24.48775,1.1338249999999999,1.846,4.4655875,77.5,1077.215442487734,1.5022751918828774,free_large
57,105.7675,8.800664178108828,24.515,1.1022124999999998,1.79025,4.433975,70.5,1079.536792257945,1.5034524203292132,free_large
58,106.2245,8.856067944763733,24.7105,1.13075,1.8005,4.462512500000001,65.5,1083.8163212035467,1.5041393782941719,free_large
59,106.3425,8.796858003257846,24.53,1.1101874999999999,1.8014999999999999,4.44195,81.0,1085.967288649621,1.5056140478114397,free_large
60,106.8195,8.883772128366367,24.724,1.1286749999999999,1.8039999999999998,4.4604375,73.0,1088.646254039843,1.5059050882478044,free_large
61,106.8365,8.814374560978862,24.5605,1.0999625,1.802,4.431725,72.0,1090.917295743064,1.507063923130335,free_large
62,106.57,8.832281989460533,24.5645,1.100175,1.79425,4.4319375,74.5,1093.8493125582597,1.5078525350110306,free_large
63,107.411,8.875256493209047,24.741500000000002,1.131875,1.78925,4.4636375,70.5,1096.6997180667518,1.5090723478968036,free_large
64,107.4665,8.89181351142241,24.7695,1.1304500000000002,1.788,4.4622125,73.0,1100.207835703416,1.5102903863775654,free_large
65,107.5875,8.910237562960496,24.86275,1.1187749999999999,1.7654999999999998,4.4505375,67.5,1104.2205342109314,1.510901728792968,free_large
66,108.606,8.99044275314322,25.109250000000003,1.1615624999999998,1.8415,4.493325,71.5,1108.17977895836,1.5112495391295502,free_large
67,108.6095,8.96880271794148,25.11075,1.140975,1.81475,4.472737499999999,65.5,1111.2867070121827,1.5121454794428855,free_large
68,108.8185,8.999426266009198,25.105249999999998,1.1385375,1.812,4.4703,65.5,1114.0749792485694,1.5132916337792737,free_large
69,109.29849999999999,9.069441984663538,25.180500000000002,1.1700624999999998,1.85675,4.501825,72.5,1118.845021958563,1.5140479308636516,free_large
70,109.285,9.02083994161939,25.16275,1.1528625,1.82125,4.484624999999999,74.0,1121.6124649839062,1.5149443586191327,free_large
71,109.147,8.998162386014652,25.115000000000002,1.1595499999999999,1.834,4.4913125,72.0,1124.467949459842,1.5156004996733767,free_large
72,109.22749999999999,8.999275963853982,25.090249999999997,1.1415875,1.8122500000000001,4.47335,71.0,1126.3693030007753,1.5157140208023185,free_large
73,109.8415,9.08313865379423,25.256749999999997,1.171075,1.845,4.5028375,68.0,1132.1902601426896,1.5158245179618723,free_large
74,109.863,9.050990682775971,25.064,1.1534875,1.83325,4.485250000000001,69.0,1132.2022474392038,1.5160955448464322,free_large
75,109.8275,9.00097516962176,25.12025,1.1739375,1.85375,4.5057,70.0,1139.2430250921227,1.5174002246216853,free_large
76,110.9925,9.206932920399183,25.5285,1.1949375,1.8897499999999998,4.5267,66.0,1144.2371910463335,1.5176103489063228,free_large
77,110.0975,9.077168990597967,25.2595,1.1604875,1.83775,4.49225,62.5,1144.8754391401244,1.518201757299845,free_large
78,110.99600000000001,9.09641642318009,25.35075,1.16955,1.869,4.5013125,79.0,1149.239822775924,1.5185123275158288,free_large
79,111.0745,9.20850669527207,25.74125,1.1745,1.87025,4.5062625,67.5,1151.5270767298973,1.5190343597579399,free_large
80,111.619,9.24879245295489,25.773,1.1837624999999998,1.88475,4.515525,74.5,1155.1924824437292,1.519211063651483,free_large
81,111.4385,9.231182293384038,25.597749999999998,1.2023875,1.9009999999999998,4.53415,76.5,1158.4170204054708,1.519839707380139,free_large
82,111.872,9.210493623765192,25.76525,1.1936375,1.8929999999999998,4.5254,69.0,1162.9711660873663,1.519974786423704,free_large
83,111.8035,9.255848586864808,25.73825,1.2073625,1.914,4.539125,64.5,1163.972123079946,1.5205114245150309,free_large
84,113.98849999999999,9.324439363330974,26.0835,1.2068875000000001,1.9045,4.53865,77.5,1180.1984832476512,1.5214013467554584,free_large
85,114.244,9.324634569182766,25.98075,1.2036499999999999,1.9017499999999998,4.5354125000000005,76.5,1182.70434871615,1.521441893194341,free_large
86,113.8725,9.34401821208414,26.176250000000003,1.2220499999999999,1.93725,4.553812499999999,85.0,1186.5817914428164,1.5220840975213006,free_large
87,114.6815,9.419471480220302,26.107,1.2236125,1.94075,4.555375,68.0,1199.0774653759086,1.522159721885422,free_large
88,115.223,9.346606093305285,25.816,1.2034125,1.90425,4.535175000000001,80.5,1200.5452826114833,1.5226748696872834,free_large
89,116.7185,9.472638092158737,26.252000000000002,1.2375625,1.959,4.569325,84.5,1215.7876490711938,1.5231770065774137,free_large
90,117.547,9.436046018942873,25.858249999999998,1.2276874999999998,1.959,4.55945,75.5,1217.8826340069659,1.5232457203310006,free_large
91,117.74000000000001,9.523086139009717,26.24725,1.2477625,1.9962499999999999,4.579525,77.5,1222.9058737441787,1.5234539919214751,free_large
92,117.476,9.404080317840481,25.83625,1.2012125,1.91925,4.5329749999999995,75.0,1225.0014992676333,1.5234992375492422,free_large
93,118.2645,9.51205050727439,26.24775,1.210775,1.952,4.5425375,70.0,1227.7582638611466,1.5236319398100464,free_large
94,118.1005,9.520793444238713,26.1595,1.2382,1.99575,4.5699625,81.5,1236.8706719108382,1.5238669118215136,free_large
95,118.64750000000001,9.548815331427349,26.423000000000002,1.241775,1.9642499999999998,4.5735375,89.0,1253.9586396269583,1.5242724542014197,free_large
96,119.732,9.51964007903662,26.52875,1.2279375,1.98625,4.559699999999999,89.5,1257.363136060947,1.5243846953482751,free_large
97,119.881,9.519496365070186,26.48225,1.2203749999999998,1.9405000000000001,4.5521375,89.0,1260.2571030876384,1.5244022525832233,free_large
98,119.3155,9.489431814149505,26.23875,1.2459875,1.97975,4.57775,91.5,1267.6527106285912,1.5244928353281193,free_large
99,120.84700000000001,9.620811862945878,26.525750000000002,1.2477999999999998,1.99225,4.5795625,92.5,1271.8510096956165,1.5245797537207408,free_large
100,122.2365,9.808835560498236,27.352,1.289125,2.0949999999999998,4.6208875,91.5,1289.4753829525862,1.5246414389823815,free_large
101,128.027,9.965808789528538,27.87475,1.2925875,2.10975,4.62435,80.0,1369.843008416305,1.5246857863223124,free_large
0,40.6425,3.5732134731027108,10.65775,0.48091249999999997,1.0242499999999999,3.1873875,50.0,303.2517721162978,0.7256210521905975,case_minimart_n30
1,40.7575,3.641851474522027,10.809750000000001,0.5367500000000001,1.09475,3.243225,52.5,303.26810134663435,0.7489874945673115,case_minimart_n30
2,40.623999999999995,3.5743196060969407,10.67675,0.45945,1.0015,3.165925,53.5,303.2756919529246,0.7641562609480562,case_minimart_n30
3,40.475,3.5596676752484386,10.63725,0.45653750000000004,0.986,3.1630125,61.0,303.3054856581784,0.7817940468983823,case_minimart_n30
4,40.6085,3.62987426783117,10.79575,0.5278125,1.07375,3.2342874999999998,54.5,303.36131665503115,0.7877695420278885,case_minimart_n30
5,40.713499999999996,3.4933125954094844,10.4275,0.42894999999999994,0.9265000000000001,3.135425,54.5,303.39014932319856,0.8105796726767028,case_minimart_n30
6,40.7645,3.514202726625488,10.46975,0.428375,0.9217500000000001,3.13485,55.0,303.41845402764454,0.8254374094559206,case_minimart_n30
7,40.486000000000004,3.5643652138271094,10.659500000000001,0.4532125,0.98,3.1596875,59.0,303.42760083578196,0.8418970721130482,case_minimart_n30
8,40.6595,3.642462238683425,10.814499999999999,0.5161875,1.0685,3.2226625,49.5,303.5218341154789,0.8652278425336034,case_minimart_n30
9,40.524,3.546697288089409,10.686,0.45606250000000004,0.9949999999999999,3.1625375,53.0,303.5600211061044,0.8703612471001796,case_minimart_n30
10,40.604,3.6367874239757048,10.811250000000001,0.499625,1.0405,3.2061,52.5,303.590175083597,0.8863721040438544,case_minimart_n30
11,40.611999999999995,3.5915716661326385,10.7,0.47075,1.0285000000000002,3.177225,60.0,303.7102207180807,0.8924871718192603,case_minimart_n30
12,40.716499999999996,3.6472004512775262,10.8565,0.501775,1.059,3.2082500000000005,54.5,303.8017177332344,0.913921685796926,case_minimart_n30
13,40.919,3.5763138523502276,10.609,0.47816250000000005,1.0445,3.1846375,54.0,304.0848089561564,0.9300696119655582,case_minimart_n30
14,40.855000000000004,3.7246086691393385,10.8895,0.5387375000000001,1.218,3.2452125,57.0,304.21429913671545,0.9353349435609822,case_minimart_n30
15,40.7515,3.7756255753769112,10.968499999999999,0.5770500000000001,1.28925,3.283525,53.5,304.309791502553,0.9503591766205729,case_minimart_n30
16,41.066500000000005,3.5977787305410986,10.5445,0.50525,1.0695000000000001,3.2117250000000004,50.5,304.40466848109486,0.9579288388020916,case_minimart_n30
17,40.513,3.6409011015163184,10.84625,0.5043,1.042,3.210775,51.0,304.45319136491537,0.9744629937475441,case_minimart_n30
18,40.604,3.6520378888263716,10.90675,0.5200125,1.0844999999999998,3.2264875,57.0,304.57652362801,0.997549052021781,case_minimart_n30
19,40.894999999999996,3.742822891456291,10.995000000000001,0.5707125000000001,1.29125,3.2771875,59.5,304.7794664113028,1.0105610858659946,case_minimart_n30
20,40.6295,3.661010271907604,10.876999999999999,0.5315375,1.1145,3.2380125000000004,51.0,304.90468870362986,1.0222228286476864,case_minimart_n30
21,40.936,3.6377107932190755,10.95025,0.5338375000000001,1.12575,3.2403125,52.5,305.16177219096545,1.0339749670400062,case_minimart_n30
22,41.122,3.576221750032115,10.566500000000001,0.48945000000000005,1.02925,3.195925,55.5,305.3889179263751,1.044738125653443,case_minimart_n30
23,41.288,3.605929306060292,10.58675,0.5255750000000001,1.1179999999999999,3.23205,54.0,305.52105103670056,1.0490676772077945,case_minimart_n30
24,41.343999999999994,3.5789605576671732,10.5715,0.49620000000000003,1.04575,3.202675,57.0,305.6489856376446,1.0578773838695659,case_minimart_n30
25,40.687,3.7533064961722102,11.059249999999999,0.57105,1.2842500000000001,3.2775250000000002,49.0,305.7122379937254,1.0736793871451467,case_minimart_n30
26,40.7405,3.7802167352883616,11.082,0.5958,1.3465,3.302275,50.5,305.8927710970819,1.0843671634400338,case_minimart_n30
27,40.620999999999995,3.642990442249901,10.94575,0.5282,1.1222500000000002,3.234675,53.0,305.9948236532726,1.0985599582512764,case_minimart_n30
28,40.65,3.737899930367204,10.986,0.5568249999999999,1.2614999999999998,3.2633,54.0,306.16006603124345,1.1003365090316,case_minimart_n30
29,40.718,3.642517647777398,10.92925,0.5300500000000001,1.119,3.2365250000000003,45.0,306.2355483542591,1.1232337348771817,case_minimart_n30
30,40.6485,3.629972074110537,10.9075,0.517625,1.087,3.2241,49.5,306.5365256315965,1.1264903168333158,case_minimart_n30
31,40.849000000000004,3.65232649612481,10.9455,0.5398000000000001,1.12975,3.246275,51.5,306.55132852721465,1.140235003109159,case_minimart_n30
32,40.803,3.6673177734744726,10.93375,0.5439375,1.12975,3.2504125000000004,53.5,306.5957365918372,1.1450152440367167,case_minimart_n30
33,40.8535,3.6682938639443963,10.936250000000001,0.5564499999999999,1.1525,3.262925,52.0,306.9067990029358,1.1581728478084377,case_minimart_n30
34,40.815,3.6345109354389757,10.86975,0.5241750000000001,1.0884999999999998,3.23065,56.0,307.1590623712759,1.1634375122680614,case_minimart_n30
35,40.9865,3.698529483307084,10.937999999999999,0.562025,1.202,3.2685000000000004,50.5,307.5184028179637,1.168864154642328,case_minimart_n30
36,40.9955,3.7190821999861874,11.02025,0.5798,1.2395,3.286275,49.5,307.60705934474026,1.1749865464587759,case_minimart_n30
37,40.6865,3.6975186159592637,11.086500000000001,0.5644875,1.1775000000000002,3.2709625000000004,56.5,307.88604819310103,1.184218125966178,case_minimart_n30
38,40.6525,3.6916842769747804,11.09075,0.5590375000000001,1.1752500000000001,3.2655125,55.5,308.05450595413663,1.187974568655993,case_minimart_n30
39,41.0115,3.6671098759652305,10.880500000000001,0.5522750000000001,1.14625,3.25875,54.0,308.3720445542893,1.197956940295368,case_minimart_n30
40,40.966,3.666233066396642,10.83325,0.5344625000000001,1.124,3.2409375000000002,54.0,308.78562775104257,1.2046180972028797,case_minimart_n30
41,41.1995,3.7095432966610455,10.9145,0.551175,1.20175,3.25765,54.0,309.08061604686156,1.2100636884386344,case_minimart_n30
42,41.184,3.6955003251386094,10.8695,0.545425,1.1905000000000001,3.2519,55.5,309.30028753333613,1.2153283528982581,case_minimart_n30
43,41.512,3.671646751386648,10.647,0.5554,1.1832500000000001,3.261875,56.5,309.8336522271546,1.2234955669594738,case_minimart_n30
44,41.394000000000005,3.6769641782292046,10.862,0.5570250000000001,1.1764999999999999,3.2635,53.0,309.97031394085576,1.236519677640554,case_minimart_n30
45,41.3875,3.6980795870125083,10.8585,0.5518625,1.1564999999999999,3.2583374999999997,57.5,310.55800538603904,1.2433419395954226,case_minimart_n30
46,41.479,3.720024466447356,10.856,0.5529,1.20925,3.259375,56.5,310.8983581168279,1.2468603999562438,case_minimart_n30
47,41.1095,3.6695276004010404,10.82075,0.544925,1.1475,3.2514000000000003,54.5,311.45245619798936,1.2607938448616691,case_minimart_n30
48,41.412,3.679824184882958,10.66925,0.5508375,1.1725,3.2573125,53.0,312.21692806626527,1.266428335026719,case_minimart_n30
49,41.4875,3.7541215186967145,10.9525,0.5667375000000001,1.2272500000000002,3.2732125,54.0,312.51710048670986,1.2731622481324711,case_minimart_n30
50,41.011,3.6734086262090466,10.745999999999999,0.5459625000000001,1.1495000000000002,3.2524375,51.0,313.1995796201648,1.2814777493294722,case_minimart_n30
51,40.971500000000006,3.709844270819973,10.7575,0.5582875,1.21,3.2647625,48.5,313.655751164507,1.2914000500487217,case_minimart_n30
52,41.2365,3.730377141259418,10.88925,0.562325,1.2037499999999999,3.2687999999999997,49.0,314.93573185043056,1.2976287382193794,case_minimart_n30
53,40.9925,3.7136521583596274,10.82425,0.5610499999999999,1.1960000000000002,3.267525,51.5,315.5507949634067,1.3022901357095962,case_minimart_n30
54,41.149,3.6654257046353256,10.48725,0.5411625,1.15625,3.2476374999999997,50.5,315.70882474093384,1.3095938842645047,case_minimart_n30
55,40.855999999999995,3.7360558070525354,11.13025,0.5808375,1.25475,3.2873125,51.5,316.20387550883027,1.3117077908160073,case_minimart_n30
56,41.201,3.6902129796112777,10.67325,0.5685374999999999,1.2125,3.2750125,52.0,316.7054889560072,1.3181648081054207,case_minimart_n30
57,41.186,3.711254665469676,10.7105,0.5663125,1.20275,3.2727875,48.0,316.8740764523827,1.3190944624429073,case_minimart_n30
58,40.9875,3.7588817760397006,11.250499999999999,0.5931375,1.273,3.2996125000000003,56.0,317.8124450102607,1.3203633589189954,case_minimart_n30
59,41.0595,3.747353118031204,11.247,0.5928375,1.268,3.2993125,57.0,318.32837072324514,1.32307603003789,case_minimart_n30
60,41.159,3.76903985006365,11.283249999999999,0.6087374999999999,1.31025,3.3152125000000003,54.0,318.92265564818535,1.325422322322113,case_minimart_n30
61,41.349500000000006,3.7301459642695844,10.77225,0.567225,1.2229999999999999,3.2737000000000003,50.5,319.27596293489364,1.333479920350494,case_minimart_n30
62,41.239000000000004,3.7757451436257563,11.0535,0.6106499999999999,1.31725,3.317125,52.0,320.30624633661023,1.338902749003813,case_minimart_n30
63,41.562,3.783436807082114,11.15475,0.600275,1.29575,3.30675,53.0,321.75013751323814,1.3426761766202142,case_minimart_n30
64,41.4475,3.7747481640441243,11.13575,0.5965499999999999,1.30625,3.303025,54.0,324.1492693753663,1.343830610305786,case_minimart_n30
65,41.649,3.772821299457429,11.1115,0.588175,1.2645,3.29465,56.5,324.3101990644123,1.3470229819616446,case_minimart_n30
66,41.9225,3.790081678797346,11.16675,0.6106625,1.3002500000000001,3.3171375000000003,57.5,325.24486223164706,1.3484261023637814,case_minimart_n30
67,41.98350000000001,3.776839482120476,11.16175,0.6098250000000001,1.294,3.3163,56.0,325.6278863779761,1.3491220933105623,case_minimart_n30
68,42.037499999999994,3.792020412547632,11.13575,0.6151875,1.3094999999999999,3.3216625,55.0,326.78255143679564,1.3504838159497539,case_minimart_n30
69,41.7715,3.7781332612127008,11.05325,0.6251249999999999,1.3202500000000001,3.3316000000000003,60.5,327.79386050059816,1.3513719458515026,case_minimart_n30
70,41.831500000000005,3.7732814419551026,11.0785,0.60365,1.29175,3.310125,57.0,329.0145922701384,1.3552340832718959,case_minimart_n30
71,41.891999999999996,3.7806088190456584,11.0115,0.6065,1.294,3.312975,55.5,329.294264951298,1.3561873546469727,case_minimart_n30
72,41.974,3.843261662747576,11.37475,0.6436375,1.36125,3.3501125,64.0,330.4341529371211,1.3570441295661027,case_minimart_n30
73,41.710499999999996,3.8270155953454355,11.31175,0.6433874999999999,1.38125,3.3498625000000004,61.0,331.69826173311486,1.3595394282281144,case_minimart_n30
74,41.8865,3.8103031487005223,11.2545,0.6194875,1.33875,3.3259625,64.0,333.1799108715104,1.3621666132738677,case_minimart_n30
75,42.1335,3.834672993314299,11.40475,0.6409375,1.3667500000000001,3.3474125,56.5,334.2931720010601,1.3634128038959363,case_minimart_n30
76,42.05800000000001,3.8177483084582864,11.3635,0.6289125,1.3365,3.3353875,59.5,335.26563730852354,1.3638287391774948,case_minimart_n30
77,42.1575,3.8021928462599717,11.2945,0.6209875,1.33325,3.3274625,57.0,336.21102370827765,1.3652337638503391,case_minimart_n30
78,42.304,3.845013009484446,11.434000000000001,0.6344,1.3715,3.3408749999999996,56.5,337.38027077041,1.3662139013061134,case_minimart_n30
79,42.329499999999996,3.838739781048539,11.42925,0.625575,1.3475000000000001,3.3320499999999997,65.5,337.83189722223244,1.366501324698403,case_minimart_n30
80,42.3375,3.829051079826026,11.417,0.6311875,1.34825,3.3376625,64.0,338.77415348468503,1.3668009675265433,case_minimart_n30
81,42.433,3.831539958582261,11.47325,0.6228,1.33375,3.329275,59.0,340.3973656570332,1.3670606142183381,case_minimart_n30
82,43.173,3.874604319198487,11.64625,0.6293500000000001,1.3485,3.335825,69.5,344.66364697551774,1.36759845734386,case_minimart_n30
83,43.208,3.887460836972631,11.7195,0.6519124999999999,1.40025,3.3583875,64.0,345.5825860328862,1.3685046135339622,case_minimart_n30
84,43.277,3.8713536070363332,11.72,0.64065,1.3795000000000002,3.347125,65.5,346.0285927977909,1.368946186643514,case_minimart_n30
85,43.289500000000004,3.863814526864262,11.7135,0.6371875,1.36075,3.3436624999999998,63.0,347.4866923275081,1.3692074082882701,case_minimart_n30
86,43.2025,3.8581509203167217,11.61025,0.6347875000000001,1.36625,3.3412625,65.5,348.1815162296733,1.369417467910536,case_minimart_n30
87,43.186499999999995,3.841647458010006,11.5435,0.619275,1.3315000000000001,3.32575,65.0,349.2447100959607,1.369668540764218,case_minimart_n30
88,43.416,3.8547291758679867,11.61025,0.6225125,1.35275,3.3289875,62.0,350.45836708941107,1.3697007327262651,case_minimart_n30
89,43.463499999999996,3.8620632845546634,11.6495,0.6307375,1.35175,3.3372125,65.5,351.27188047175133,1.3699972260324642,case_minimart_n30
90,43.498999999999995,3.8970403652384302,11.8205,0.6652,1.4377499999999999,3.3716749999999998,64.5,352.258243016381,1.3700843720993263,case_minimart_n30
91,43.6965,3.917004134474233,11.904,0.66045,1.4009999999999998,3.366925,65.0,353.9600044925139,1.3701769261030214,case_minimart_n30
92,43.5505,3.9290209372068174,12.132249999999999,0.6776500000000001,1.4452500000000001,3.384125,72.0,354.915315179097,1.3702000832280379,case_minimart_n30
93,43.7305,3.9420149894916365,12.2175,0.69005,1.47375,3.396525,68.5,355.97523143913526,1.3702119174099625,case_minimart_n30
94,43.445,3.941367632898144,12.191500000000001,0.6755374999999999,1.4325,3.3820125,63.0,363.89227082267763,1.3702126324718542,case_minimart_n30
