instance,plan,rep,distance_m,trip_time_min,exposed_slots,impulse_revenue,impulse_items,basket_value,congestion_cells,planned_items
grid_small,Hiện trạng,0,29.1136,2.975629354375312,9.6164,0.6983,1.5586,2.9529400000000003,44,5.0824
grid_small,Hiện trạng,1,29.2316,2.997956797986364,9.6954,0.69357,1.5556,2.9719599999999997,44,5.122
grid_small,Hiện trạng,2,29.0472,2.943013862121549,9.5328,0.69338,1.5548,2.92251,44,5.0148
grid_small,Hiện trạng,3,29.0324,2.9427185885910143,9.5182,0.68879,1.5482,2.9291400000000003,50,5.0402
grid_small,Hiện trạng,4,28.9948,2.938508300901575,9.4766,0.69637,1.555,2.9152299999999998,48,4.9968
grid_small,Hiện trạng,5,29.0172,2.9495367499692002,9.5464,0.6736,1.5188,2.92199,45,5.051
grid_small,Hiện trạng,6,29.1084,2.9525747218880767,9.548,0.68992,1.5378,2.9358800000000005,44,5.0484
grid_small,Hiện trạng,7,29.0176,2.963780231451743,9.5598,0.6862299999999999,1.5372,2.9264900000000003,52,5.0402
grid_small,Hiện trạng,8,29.0416,2.959677647001663,9.5216,0.6751199999999999,1.5158,2.9199200000000003,47,5.041
grid_small,Hiện trạng,9,29.07,2.9654260809630744,9.5596,0.70036,1.564,2.9472,44,5.046
grid_small,Hiện trạng,10,29.0244,2.9591331956430507,9.5438,0.68616,1.5414,2.9297699999999995,45,5.0446
grid_small,Hiện trạng,11,29.1916,2.992455711453786,9.6582,0.69189,1.5516,2.9670099999999997,50,5.1178
grid_small,Hiện trạng,12,29.082,2.959597497419341,9.5722,0.68161,1.5248,2.92762,48,5.0494
grid_small,Hiện trạng,13,28.9668,2.9346108993473914,9.4672,0.68565,1.5326,2.90517,47,4.9908
grid_small,Hiện trạng,14,29.03,2.95878705152603,9.5602,0.68737,1.5446,2.9333299999999998,42,5.0534
grid_small,Hiện trạng,15,28.9964,2.9610781043300873,9.545,0.6832699999999999,1.5366,2.93558,45,5.0656
grid_small,Hiện trạng,16,28.8708,2.9242056726901944,9.4972,0.68171,1.5236,2.89146,51,4.9808
grid_small,Hiện trạng,17,28.9876,2.92309407365332,9.4574,0.6704100000000001,1.509,2.9005200000000007,52,5.0192
grid_small,Hiện trạng,18,29.134,2.980451197383441,9.6346,0.67301,1.5084,2.94192,46,5.1042
grid_small,Hiện trạng,19,29.0124,2.956270055383067,9.548,0.68255,1.5284,2.91938,45,5.0308
grid_small,Hiện trạng,20,29.0192,2.9448528561297485,9.5318,0.68717,1.5442,2.91779,46,5.0236
grid_small,Hiện trạng,21,29.1868,2.9675168825247336,9.6124,0.7015299999999999,1.5718,2.9373400000000003,49,5.0386
grid_small,Hiện trạng,22,28.9608,2.9344432254354738,9.4954,0.68548,1.5372,2.9113700000000002,44,5.009
grid_small,Hiện trạng,23,29.1064,2.970190335695848,9.5822,0.68802,1.5468,2.9341699999999995,49,5.0504
grid_small,Hiện trạng,24,29.0172,2.941082470477761,9.5282,0.68199,1.5294,2.92682,46,5.0452
grid_small,Hiện trạng,25,29.1444,2.971495058966566,9.6076,0.68881,1.5406,2.95531,44,5.0954
grid_small,Hiện trạng,26,29.1656,2.9845395057021067,9.66,0.6864100000000001,1.5354,2.9517900000000004,47,5.0926
grid_small,Hiện trạng,27,29.146,2.978212879489387,9.6338,0.6991700000000001,1.563,2.97057,42,5.113
grid_small,Hiện trạng,28,29.0672,2.949448635072088,9.5398,0.67897,1.514,2.91675,50,5.0308
grid_small,Hiện trạng,29,29.1312,2.9556358511131684,9.5502,0.67969,1.5246,2.92437,45,5.0504
grid_small,Tiện lợi (min Z1),0,29.2448,2.73417607351454,8.1308,0.47929000000000005,1.0286,2.7339300000000004,41,5.0824
grid_small,Tiện lợi (min Z1),1,29.282,2.7502689796578905,8.1496,0.47684,1.0268,2.7552300000000005,46,5.122
grid_small,Tiện lợi (min Z1),2,29.1328,2.717455143885856,8.0576,0.47653999999999996,1.0254,2.7056699999999996,52,5.0148
grid_small,Tiện lợi (min Z1),3,29.084,2.7101687429666006,8.0692,0.46620999999999996,0.999,2.7065599999999996,50,5.0402
grid_small,Tiện lợi (min Z1),4,29.084,2.7132099787338753,8.0422,0.48636999999999997,1.0464,2.7052300000000002,52,4.9968
grid_small,Tiện lợi (min Z1),5,29.2464,2.7268295749620166,8.1246,0.47741000000000006,1.0312,2.7258,50,5.051
grid_small,Tiện lợi (min Z1),6,29.1572,2.722030405797677,8.0782,0.47081999999999996,1.0152,2.71678,46,5.0484
grid_small,Tiện lợi (min Z1),7,29.1496,2.7179606215654766,8.0464,0.47171,1.0162,2.71197,49,5.0402
grid_small,Tiện lợi (min Z1),8,29.148,2.7260971703048926,8.1002,0.47903999999999997,1.0296,2.72384,47,5.041
grid_small,Tiện lợi (min Z1),9,29.1156,2.722319081098175,8.0998,0.48045,1.0352,2.72729,46,5.046
grid_small,Tiện lợi (min Z1),10,29.1096,2.7246463819641833,8.0626,0.4793299999999999,1.0364,2.7229400000000004,50,5.0446
grid_small,Tiện lợi (min Z1),11,29.3952,2.7566824952299256,8.2022,0.48391000000000006,1.0424,2.75903,49,5.1178
grid_small,Tiện lợi (min Z1),12,29.1364,2.726624591003791,8.099,0.4790400000000001,1.031,2.72505,48,5.0494
grid_small,Tiện lợi (min Z1),13,28.96,2.6979946940651707,7.9962,0.46652000000000005,1.0064,2.68604,46,4.9908
grid_small,Tiện lợi (min Z1),14,29.232,2.7309227706522146,8.0966,0.48276,1.0372,2.72872,44,5.0534
grid_small,Tiện lợi (min Z1),15,29.1624,2.730304419067391,8.1102,0.4692299999999999,1.005,2.72154,45,5.0656
grid_small,Tiện lợi (min Z1),16,29.0108,2.7015764917946883,8.0176,0.47652999999999995,1.0234,2.6862800000000004,48,4.9808
grid_small,Tiện lợi (min Z1),17,29.1824,2.7071486668930906,8.0582,0.4829,1.0396,2.7130099999999997,50,5.0192
grid_small,Tiện lợi (min Z1),18,29.2572,2.749010389771236,8.1584,0.4776200000000001,1.0318,2.74653,48,5.1042
grid_small,Tiện lợi (min Z1),19,29.076,2.7285387652465563,8.0926,0.4731,1.017,2.7099300000000004,41,5.0308
grid_small,Tiện lợi (min Z1),20,29.064,2.708762604179541,8.0542,0.46802,1.0002,2.6986399999999997,45,5.0236
grid_small,Tiện lợi (min Z1),21,29.116,2.7238618135506956,8.0848,0.4833200000000001,1.0396,2.71913,48,5.0386
grid_small,Tiện lợi (min Z1),22,29.1224,2.7094772598369934,8.0402,0.47768999999999995,1.0262,2.70358,48,5.009
grid_small,Tiện lợi (min Z1),23,29.2548,2.725108166475157,8.1016,0.4617300000000001,0.9974,2.7078800000000003,51,5.0504
grid_small,Tiện lợi (min Z1),24,29.1744,2.714679988677767,8.0626,0.47401000000000004,1.0236,2.71884,54,5.0452
grid_small,Tiện lợi (min Z1),25,29.2848,2.742786608998461,8.1324,0.47501000000000004,1.0218,2.74151,45,5.0954
grid_small,Tiện lợi (min Z1),26,29.2572,2.752908711472746,8.1468,0.46611,1.007,2.73149,51,5.0926
grid_small,Tiện lợi (min Z1),27,29.2744,2.7575052896705508,8.1976,0.48826,1.0456,2.7596600000000002,46,5.113
grid_small,Tiện lợi (min Z1),28,29.1584,2.7216341237443338,8.0714,0.46967,1.0146,2.70745,46,5.0308
grid_small,Tiện lợi (min Z1),29,29.1892,2.725214420681603,8.0926,0.47886000000000006,1.0304,2.7235400000000003,45,5.0504
grid_small,Cân bằng (điểm gối),0,29.4776,2.86167206288373,8.4054,0.56855,1.2504,2.82319,51,5.0824
grid_small,Cân bằng (điểm gối),1,29.5352,2.8708550627845733,8.4574,0.5650799999999999,1.243,2.84347,50,5.122
grid_small,Cân bằng (điểm gối),2,29.2528,2.824832172787099,8.3302,0.56999,1.2546,2.79912,46,5.0148
grid_small,Cân bằng (điểm gối),3,29.388,2.834461996059382,8.3502,0.56157,1.239,2.8019199999999995,49,5.0402
grid_small,Cân bằng (điểm gối),4,29.3816,2.839936647049452,8.3406,0.56766,1.2564,2.78652,55,4.9968
grid_small,Cân bằng (điểm gối),5,29.51,2.8513121653489075,8.4232,0.56571,1.2458,2.8141,53,5.051
grid_small,Cân bằng (điểm gối),6,29.456,2.8616246557052567,8.4332,0.57139,1.263,2.81735,49,5.0484
grid_small,Cân bằng (điểm gối),7,29.4256,2.8500580534412343,8.3566,0.56057,1.234,2.80083,48,5.0402
grid_small,Cân bằng (điểm gối),8,29.4368,2.848234259891086,8.3702,0.56395,1.2416,2.80875,47,5.041
grid_small,Cân bằng (điểm gối),9,29.3612,2.8462526520704428,8.3444,0.55529,1.2252,2.8021300000000005,46,5.046
grid_small,Cân bằng (điểm gối),10,29.3096,2.8461147881715485,8.3332,0.56577,1.2436,2.80938,56,5.0446
grid_small,Cân bằng (điểm gối),11,29.596,2.88210355840822,8.4866,0.57089,1.2634,2.8460099999999997,49,5.1178
grid_small,Cân bằng (điểm gối),12,29.3648,2.8464134146208786,8.3372,0.55618,1.2262,2.80219,51,5.0494
grid_small,Cân bằng (điểm gối),13,29.1916,2.8252765258396093,8.2666,0.55078,1.2214,2.7703,45,4.9908
grid_small,Cân bằng (điểm gối),14,29.45,2.851773475014805,8.3734,0.56918,1.2496,2.81514,54,5.0534
grid_small,Cân bằng (điểm gối),15,29.4468,2.8561327743914293,8.4022,0.5664399999999999,1.2488,2.81875,42,5.0656
grid_small,Cân bằng (điểm gối),16,29.2264,2.8141138534008747,8.2976,0.56005,1.2322,2.7698,49,4.9808
grid_small,Cân bằng (điểm gối),17,29.4752,2.8331071065528817,8.3916,0.5643100000000001,1.2414,2.79442,52,5.0192
grid_small,Cân bằng (điểm gối),18,29.4796,2.864070842719962,8.4256,0.56472,1.2436,2.83363,54,5.1042
grid_small,Cân bằng (điểm gối),19,29.2972,2.839222102839873,8.362,0.56114,1.231,2.7979700000000003,48,5.0308
grid_small,Cân bằng (điểm gối),20,29.3756,2.840257645787147,8.345,0.56005,1.2286,2.79067,49,5.0236
grid_small,Cân bằng (điểm gối),21,29.2744,2.8443388476228226,8.3336,0.55721,1.2258,2.79302,45,5.0386
grid_small,Cân bằng (điểm gối),22,29.3896,2.828753955900614,8.351,0.5701199999999998,1.2534,2.7960100000000003,46,5.009
grid_small,Cân bằng (điểm gối),23,29.458,2.8442627284984514,8.365,0.5603799999999999,1.2336,2.80653,50,5.0504
grid_small,Cân bằng (điểm gối),24,29.47,2.8413372268590367,8.388,0.5735899999999999,1.2658,2.81842,49,5.0452
grid_small,Cân bằng (điểm gối),25,29.52,2.8600752328530614,8.4036,0.5679,1.2516,2.8343999999999996,43,5.0954
grid_small,Cân bằng (điểm gối),26,29.5236,2.863564929912421,8.4142,0.5633199999999999,1.2364,2.8287,56,5.0926
grid_small,Cân bằng (điểm gối),27,29.4392,2.8693501078605887,8.44,0.5660200000000001,1.2432,2.8374200000000003,48,5.113
grid_small,Cân bằng (điểm gối),28,29.4416,2.842980512374176,8.3726,0.55862,1.2326,2.7964,54,5.0308
grid_small,Cân bằng (điểm gối),29,29.318,2.840013471379836,8.3476,0.5516300000000001,1.2132,2.79631,44,5.0504
grid_small,Giá trị (max Z2),0,32.6512,3.0401743848391596,8.8168,0.6863,1.5448,2.9409400000000003,51,5.0824
grid_small,Giá trị (max Z2),1,32.6956,3.050457012954646,8.8424,0.68675,1.5504,2.9651400000000003,59,5.122
grid_small,Giá trị (max Z2),2,32.3564,3.010109130910207,8.6954,0.6824100000000001,1.5462,2.91154,65,5.0148
grid_small,Giá trị (max Z2),3,32.6056,3.0191982676753657,8.7478,0.6872,1.554,2.92755,61,5.0402
grid_small,Giá trị (max Z2),4,32.35,3.0144970456640134,8.7028,0.69391,1.5662,2.91277,60,4.9968
grid_small,Giá trị (max Z2),5,32.4972,3.023561206036412,8.7468,0.67837,1.5334,2.92676,57,5.051
grid_small,Giá trị (max Z2),6,32.7304,3.0334437109791286,8.8084,0.69807,1.5728,2.94403,59,5.0484
grid_small,Giá trị (max Z2),7,32.5284,3.022496571738873,8.722,0.67623,1.5272,2.91649,63,5.0402
grid_small,Giá trị (max Z2),8,32.5428,3.0292338243824433,8.7548,0.68069,1.5324,2.92549,56,5.041
grid_small,Giá trị (max Z2),9,32.5532,3.0285679260566165,8.7438,0.6874300000000001,1.5448,2.93427,52,5.046
grid_small,Giá trị (max Z2),10,32.4652,3.0251795292684105,8.7188,0.6756,1.5312,2.9192099999999996,54,5.0446
grid_small,Giá trị (max Z2),11,32.7896,3.049334908013713,8.8372,0.6699800000000001,1.5208,2.9451,59,5.1178
grid_small,Giá trị (max Z2),12,32.5724,3.0236763449094863,8.7598,0.6827200000000001,1.5376,2.92873,55,5.0494
grid_small,Giá trị (max Z2),13,32.2528,2.9902334400893116,8.6438,0.6731,1.5244,2.89262,51,4.9908
grid_small,Giá trị (max Z2),14,32.5716,3.0345842852120475,8.762,0.67716,1.5298,2.92312,57,5.0534
grid_small,Giá trị (max Z2),15,32.6368,3.034770710975959,8.7704,0.6793100000000001,1.5304,2.93162,63,5.0656
grid_small,Giá trị (max Z2),16,32.3472,2.9962495230269504,8.6766,0.68101,1.5364,2.8907599999999998,57,4.9808
grid_small,Giá trị (max Z2),17,32.494,3.004531365892058,8.708,0.67391,1.518,2.90402,52,5.0192
grid_small,Giá trị (max Z2),18,32.66,3.0540705798713623,8.82,0.68154,1.5364,2.95045,57,5.1042
grid_small,Giá trị (max Z2),19,32.4584,3.011072306831068,8.7188,0.67775,1.5342,2.9145800000000004,55,5.0308
grid_small,Giá trị (max Z2),20,32.4552,3.0088986871962193,8.748,0.67792,1.5298,2.9085400000000003,58,5.0236
grid_small,Giá trị (max Z2),21,32.498,3.0219466696884414,8.7362,0.6774600000000001,1.5246,2.9132700000000002,54,5.0386
grid_small,Giá trị (max Z2),22,32.4924,3.013473798037595,8.7474,0.6791799999999999,1.525,2.90507,50,5.009
grid_small,Giá trị (max Z2),23,32.5032,3.0246501459399378,8.7392,0.6686800000000002,1.5132,2.9148299999999994,58,5.0504
grid_small,Giá trị (max Z2),24,32.6124,3.0179368137389178,8.7816,0.6890200000000001,1.5526,2.93385,56,5.0452
grid_small,Giá trị (max Z2),25,32.7508,3.0424890062823926,8.8084,0.6779900000000001,1.5332,2.94449,61,5.0954
grid_small,Giá trị (max Z2),26,32.7432,3.0601215222765896,8.858,0.68034,1.5324,2.94572,57,5.0926
grid_small,Giá trị (max Z2),27,32.6748,3.0573786118489945,8.831,0.6926700000000001,1.5604,2.9640699999999995,59,5.113
grid_small,Giá trị (max Z2),28,32.532,3.030276866583918,8.7638,0.67673,1.5248,2.91451,56,5.0308
grid_small,Giá trị (max Z2),29,32.5424,3.029990596731489,8.785,0.69416,1.562,2.9388400000000003,63,5.0504
racetrack_small,Hiện trạng,0,36.0508,3.2024893553028377,10.0542,0.65325,1.557,2.90789,55,5.0824
racetrack_small,Hiện trạng,1,36.0348,3.193552310140866,10.0382,0.6524300000000001,1.5536,2.93082,63,5.122
racetrack_small,Hiện trạng,2,35.822,3.1658005286581297,9.9616,0.65235,1.5554,2.88148,58,5.0148
racetrack_small,Hiện trạng,3,35.8568,3.157784900364752,9.9388,0.6430600000000001,1.5334,2.88341,55,5.0402
racetrack_small,Hiện trạng,4,35.724,3.1583883355915954,9.8534,0.63781,1.5178,2.8566700000000003,62,4.9968
racetrack_small,Hiện trạng,5,35.872,3.166852906676843,9.9834,0.6483700000000001,1.5468,2.89676,56,5.051
racetrack_small,Hiện trạng,6,36.0472,3.1777246601333027,9.982,0.64622,1.5398,2.89218,58,5.0484
racetrack_small,Hiện trạng,7,35.882,3.1744554717398428,9.9314,0.63643,1.5188,2.87669,58,5.0402
racetrack_small,Hiện trạng,8,35.858,3.1720485581867512,9.9356,0.63604,1.514,2.88084,57,5.041
racetrack_small,Hiện trạng,9,35.9272,3.1757492525749598,9.9772,0.65122,1.552,2.8980599999999996,55,5.046
racetrack_small,Hiện trạng,10,35.94,3.1810426434293446,9.968,0.64336,1.54,2.8869700000000003,60,5.0446
racetrack_small,Hiện trạng,11,36.0504,3.200262220818909,10.028,0.64039,1.5326,2.91551,54,5.1178
racetrack_small,Hiện trạng,12,35.8864,3.1738590511348455,9.9768,0.6423300000000001,1.5366,2.8883400000000004,59,5.0494
racetrack_small,Hiện trạng,13,35.7744,3.146026961484367,9.8886,0.6520199999999999,1.5592,2.87154,60,4.9908
racetrack_small,Hiện trạng,14,35.922,3.1888031532675614,9.9854,0.6531799999999999,1.5576,2.89914,61,5.0534
racetrack_small,Hiện trạng,15,35.8588,3.170814030262004,9.9478,0.64037,1.5248,2.8926800000000004,63,5.0656
racetrack_small,Hiện trạng,16,35.8252,3.1429892851300636,9.9422,0.65205,1.5568,2.8618,59,4.9808
racetrack_small,Hiện trạng,17,35.8788,3.1451754749600997,9.8924,0.6404299999999999,1.5316,2.87054,64,5.0192
racetrack_small,Hiện trạng,18,36.1504,3.2099450382521812,10.0848,0.65638,1.5608,2.92529,60,5.1042
racetrack_small,Hiện trạng,19,35.9088,3.171618161343981,9.9704,0.65223,1.5542,2.8890599999999997,61,5.0308
racetrack_small,Hiện trạng,20,35.7204,3.138913747386033,9.8682,0.6352899999999999,1.5188,2.86591,53,5.0236
racetrack_small,Hiện trạng,21,35.8904,3.1607130476443026,9.9142,0.63754,1.523,2.87335,63,5.0386
racetrack_small,Hiện trạng,22,35.874,3.152987597311876,9.9362,0.6390000000000001,1.5262,2.86489,57,5.009
racetrack_small,Hiện trạng,23,35.8956,3.168397576657293,9.9726,0.64315,1.5394,2.8893,65,5.0504
racetrack_small,Hiện trạng,24,35.9176,3.166465636330129,9.9622,0.64491,1.5386,2.88974,61,5.0452
racetrack_small,Hiện trạng,25,36.1492,3.2112578173078377,10.1126,0.66136,1.5752,2.92786,61,5.0954
racetrack_small,Hiện trạng,26,36.0604,3.194627037322038,10.0324,0.6450899999999999,1.5402,2.9104700000000006,65,5.0926
racetrack_small,Hiện trạng,27,36.05,3.203324875567123,10.054,0.6577200000000001,1.5696,2.9291199999999997,66,5.113
racetrack_small,Hiện trạng,28,35.876,3.1593882560501982,9.9086,0.63439,1.5158,2.87217,58,5.0308
racetrack_small,Hiện trạng,29,36.004,3.1802905505141217,9.9952,0.64247,1.5354,2.88715,62,5.0504
racetrack_small,Tiện lợi (min Z1),0,34.7516,2.915486669615545,8.4238,0.47853999999999997,1.09,2.73318,51,5.0824
racetrack_small,Tiện lợi (min Z1),1,34.8108,2.927669986036161,8.486,0.48549,1.1088,2.7638800000000003,57,5.122
racetrack_small,Tiện lợi (min Z1),2,34.5444,2.893305361493308,8.3792,0.48228000000000004,1.1018,2.71141,55,5.0148
racetrack_small,Tiện lợi (min Z1),3,34.5792,2.882048292248524,8.3792,0.472,1.0786,2.71235,61,5.0402
racetrack_small,Tiện lợi (min Z1),4,34.5296,2.8893583260760183,8.349,0.48733000000000004,1.1098,2.7061900000000003,52,4.9968
racetrack_small,Tiện lợi (min Z1),5,34.6952,2.9037850849292393,8.3972,0.46508,1.0642,2.7134700000000005,57,5.051
racetrack_small,Tiện lợi (min Z1),6,34.7532,2.9120936518590064,8.4666,0.48676,1.11,2.7327199999999996,58,5.0484
racetrack_small,Tiện lợi (min Z1),7,34.5904,2.896333581326549,8.374,0.46893999999999997,1.0678,2.7092,56,5.0402
racetrack_small,Tiện lợi (min Z1),8,34.6108,2.8993252508009513,8.4108,0.4807200000000001,1.0976,2.7255199999999995,54,5.041
racetrack_small,Tiện lợi (min Z1),9,34.6172,2.9105584131726223,8.4268,0.49118,1.1166,2.73802,55,5.046
racetrack_small,Tiện lợi (min Z1),10,34.4916,2.8857911883947054,8.3302,0.46684999999999993,1.0672,2.71046,56,5.0446
racetrack_small,Tiện lợi (min Z1),11,34.8176,2.9293667962829004,8.5066,0.48349,1.1044,2.75861,55,5.1178
racetrack_small,Tiện lợi (min Z1),12,34.6568,2.9123968642864915,8.4242,0.49017000000000005,1.1132,2.7361800000000005,57,5.0494
racetrack_small,Tiện lợi (min Z1),13,34.4608,2.880327339811427,8.3328,0.47675,1.0842,2.69627,54,4.9908
racetrack_small,Tiện lợi (min Z1),14,34.676,2.911309132510036,8.427,0.4775300000000001,1.0812,2.72349,54,5.0534
racetrack_small,Tiện lợi (min Z1),15,34.6436,2.9043455370824587,8.4118,0.48251000000000005,1.097,2.7348200000000005,58,5.0656
racetrack_small,Tiện lợi (min Z1),16,34.5464,2.884709097858836,8.3456,0.48658,1.1082,2.69633,59,4.9808
racetrack_small,Tiện lợi (min Z1),17,34.584,2.883837416132115,8.346,0.47096000000000005,1.0772,2.7010699999999996,53,5.0192
racetrack_small,Tiện lợi (min Z1),18,34.7612,2.921678179815035,8.435,0.4814299999999999,1.0932,2.75034,54,5.1042
racetrack_small,Tiện lợi (min Z1),19,34.6572,2.9036619880707915,8.3726,0.47620999999999997,1.0836,2.7130400000000003,59,5.0308
racetrack_small,Tiện lợi (min Z1),20,34.5304,2.8790059752566317,8.3554,0.4693,1.072,2.6999199999999997,59,5.0236
racetrack_small,Tiện lợi (min Z1),21,34.5552,2.898802531827984,8.3738,0.47795,1.0818,2.7137599999999997,52,5.0386
racetrack_small,Tiện lợi (min Z1),22,34.5796,2.8839735385434606,8.3728,0.4731200000000001,1.0752,2.6990100000000004,55,5.009
racetrack_small,Tiện lợi (min Z1),23,34.6376,2.9066094515196492,8.394,0.48006000000000004,1.097,2.72621,58,5.0504
racetrack_small,Tiện lợi (min Z1),24,34.6372,2.8898543670294616,8.3652,0.47208999999999995,1.0746,2.71692,53,5.0452
racetrack_small,Tiện lợi (min Z1),25,34.7968,2.930542997248798,8.478,0.48907000000000006,1.1064,2.75557,60,5.0954
racetrack_small,Tiện lợi (min Z1),26,34.7976,2.9312284307786034,8.4716,0.47008,1.0724,2.73546,57,5.0926
racetrack_small,Tiện lợi (min Z1),27,34.8,2.928683101795186,8.4796,0.47958,1.0922,2.7509799999999998,56,5.113
racetrack_small,Tiện lợi (min Z1),28,34.6616,2.89819371732674,8.3938,0.47068999999999994,1.0746,2.70847,56,5.0308
racetrack_small,Tiện lợi (min Z1),29,34.6548,2.9000713644846536,8.4294,0.48636999999999997,1.1046,2.73105,58,5.0504
racetrack_small,Cân bằng (điểm gối),0,35.3892,2.9559035626941963,8.4056,0.50054,1.1316,2.75518,59,5.0824
racetrack_small,Cân bằng (điểm gối),1,35.456,2.972402637561733,8.4776,0.52238,1.1672,2.8007699999999995,72,5.122
racetrack_small,Cân bằng (điểm gối),2,35.0796,2.922546866902711,8.3332,0.5019100000000001,1.1256,2.73104,61,5.0148
racetrack_small,Cân bằng (điểm gối),3,35.2524,2.930742664190587,8.3692,0.5065799999999999,1.1424,2.7469300000000003,60,5.0402
racetrack_small,Cân bằng (điểm gối),4,35.1904,2.9266533130355494,8.3182,0.5141399999999999,1.1518,2.733,60,4.9968
racetrack_small,Cân bằng (điểm gối),5,35.3192,2.938871318733644,8.3892,0.4990299999999999,1.126,2.74742,66,5.051
racetrack_small,Cân bằng (điểm gối),6,35.3272,2.9419322111900024,8.3924,0.5037699999999999,1.1272,2.74973,64,5.0484
racetrack_small,Cân bằng (điểm gối),7,35.174,2.9443463642415773,8.3686,0.5045699999999999,1.139,2.74483,60,5.0402
racetrack_small,Cân bằng (điểm gối),8,35.2224,2.9471885183775237,8.3726,0.5031800000000001,1.1298,2.74798,63,5.041
racetrack_small,Cân bằng (điểm gối),9,35.3188,2.9434248056080925,8.3906,0.51622,1.1604,2.76306,68,5.046
racetrack_small,Cân bằng (điểm gối),10,35.2144,2.9344097802038287,8.3396,0.51027,1.141,2.75388,56,5.0446
racetrack_small,Cân bằng (điểm gối),11,35.4312,2.973705866921007,8.4562,0.50688,1.1412,2.782,61,5.1178
racetrack_small,Cân bằng (điểm gối),12,35.2752,2.944086850918506,8.3748,0.50551,1.1366,2.75152,67,5.0494
racetrack_small,Cân bằng (điểm gối),13,35.0184,2.9138394198826996,8.2714,0.5,1.1252,2.71952,58,4.9908
racetrack_small,Cân bằng (điểm gối),14,35.2584,2.940109244814557,8.3706,0.49975,1.1196,2.74571,65,5.0534
racetrack_small,Cân bằng (điểm gối),15,35.3572,2.9541807513875313,8.425,0.50835,1.1416,2.76066,62,5.0656
racetrack_small,Cân bằng (điểm gối),16,35.1272,2.9105592498493964,8.3204,0.5055799999999999,1.139,2.7153300000000002,66,4.9808
racetrack_small,Cân bằng (điểm gối),17,35.2892,2.925461511720109,8.3478,0.50345,1.1306,2.7335599999999998,65,5.0192
racetrack_small,Cân bằng (điểm gối),18,35.372,2.96742585968962,8.4578,0.50686,1.1356,2.77577,65,5.1042
racetrack_small,Cân bằng (điểm gối),19,35.3044,2.9442135947974535,8.3926,0.5042200000000001,1.141,2.74105,68,5.0308
racetrack_small,Cân bằng (điểm gối),20,35.1152,2.9192617359856268,8.3332,0.49315,1.107,2.72377,63,5.0236
racetrack_small,Cân bằng (điểm gối),21,35.198,2.9318240947335923,8.3582,0.49845999999999996,1.1202,2.7342700000000004,66,5.0386
racetrack_small,Cân bằng (điểm gối),22,35.1464,2.924998462189362,8.3544,0.50693,1.1368,2.7328200000000002,64,5.009
racetrack_small,Cân bằng (điểm gối),23,35.2896,2.9413053117587524,8.3972,0.5083,1.142,2.75445,61,5.0504
racetrack_small,Cân bằng (điểm gối),24,35.2604,2.9237096771135653,8.3888,0.50327,1.1278,2.7481,55,5.0452
racetrack_small,Cân bằng (điểm gối),25,35.3896,2.9642206724089637,8.4546,0.51405,1.1486,2.78055,63,5.0954
racetrack_small,Cân bằng (điểm gối),26,35.4592,2.969875095525136,8.4826,0.5021200000000001,1.13,2.7675,64,5.0926
racetrack_small,Cân bằng (điểm gối),27,35.556,2.9760172835955836,8.472,0.5026700000000001,1.1288,2.7740699999999996,64,5.113
racetrack_small,Cân bằng (điểm gối),28,35.2592,2.936376105285009,8.3936,0.5084099999999999,1.1376,2.7461900000000004,59,5.0308
racetrack_small,Cân bằng (điểm gối),29,35.3028,2.9394242009831744,8.3824,0.5099,1.149,2.7545800000000003,60,5.0504
racetrack_small,Giá trị (max Z2),0,38.5104,3.227672569146477,9.3156,0.7159399999999999,1.5674,2.9705800000000004,65,5.0824
racetrack_small,Giá trị (max Z2),1,38.582,3.235274038960212,9.3422,0.72443,1.5934,3.0028200000000003,68,5.122
racetrack_small,Giá trị (max Z2),2,38.2184,3.190931197130603,9.1996,0.7205799999999999,1.572,2.94971,70,5.0148
racetrack_small,Giá trị (max Z2),3,38.4508,3.200296548934138,9.2584,0.72332,1.5856,2.9636699999999996,66,5.0402
racetrack_small,Giá trị (max Z2),4,38.1884,3.2019113635848946,9.2152,0.73043,1.598,2.94929,65,4.9968
racetrack_small,Giá trị (max Z2),5,38.39,3.197682453746552,9.2546,0.7138800000000001,1.5616,2.96227,66,5.051
racetrack_small,Giá trị (max Z2),6,38.4808,3.202978533867291,9.2398,0.70758,1.555,2.9535400000000003,64,5.0484
racetrack_small,Giá trị (max Z2),7,38.38,3.2140827901329674,9.2568,0.7216,1.5876,2.96186,67,5.0402
racetrack_small,Giá trị (max Z2),8,38.3484,3.224460010612561,9.2844,0.7248600000000001,1.5868,2.96966,65,5.041
racetrack_small,Giá trị (max Z2),9,38.3716,3.2153803462066013,9.2666,0.72469,1.5962,2.9715300000000004,68,5.046
racetrack_small,Giá trị (max Z2),10,38.418,3.2213503740986438,9.2562,0.72588,1.5914,2.96949,66,5.0446
racetrack_small,Giá trị (max Z2),11,38.6348,3.239698526098357,9.3494,0.71455,1.5648,2.9896700000000003,67,5.1178
racetrack_small,Giá trị (max Z2),12,38.4704,3.2255977690743407,9.2826,0.7073799999999999,1.5544,2.95339,68,5.0494
racetrack_small,Giá trị (max Z2),13,38.1804,3.1888660916071263,9.1714,0.7162200000000001,1.5742,2.93574,61,4.9908
racetrack_small,Giá trị (max Z2),14,38.518,3.2192907748122637,9.2894,0.73182,1.5988,2.97778,61,5.0534
racetrack_small,Giá trị (max Z2),15,38.5492,3.227447819955642,9.2812,0.7070200000000001,1.5478,2.9593300000000005,71,5.0656
racetrack_small,Giá trị (max Z2),16,38.3132,3.175680521268925,9.1992,0.71514,1.5692,2.92489,75,4.9808
racetrack_small,Giá trị (max Z2),17,38.3196,3.190955908081446,9.1914,0.7098300000000001,1.5494,2.93994,71,5.0192
racetrack_small,Giá trị (max Z2),18,38.5608,3.2325681106127053,9.314,0.72921,1.596,2.99812,71,5.1042
racetrack_small,Giá trị (max Z2),19,38.294,3.204058892810845,9.2346,0.71831,1.5748,2.95514,63,5.0308
racetrack_small,Giá trị (max Z2),20,38.2684,3.183428962853785,9.196,0.71648,1.5714,2.9471,67,5.0236
racetrack_small,Giá trị (max Z2),21,38.4072,3.2174566267249656,9.2548,0.7241,1.5882,2.95991,60,5.0386
racetrack_small,Giá trị (max Z2),22,38.3916,3.209418342077354,9.2348,0.72512,1.5914,2.9510099999999997,63,5.009
racetrack_small,Giá trị (max Z2),23,38.42,3.2236077045054268,9.2752,0.71967,1.5772,2.96582,69,5.0504
racetrack_small,Giá trị (max Z2),24,38.3268,3.201909576082498,9.2702,0.72246,1.5852,2.96729,65,5.0452
racetrack_small,Giá trị (max Z2),25,38.4932,3.230241256013567,9.2996,0.70855,1.5536,2.97505,68,5.0954
racetrack_small,Giá trị (max Z2),26,38.5476,3.238854533851555,9.3312,0.7179,1.575,2.9832799999999997,69,5.0926
racetrack_small,Giá trị (max Z2),27,38.5996,3.237117815230222,9.3282,0.72131,1.5812,2.9927099999999998,63,5.113
racetrack_small,Giá trị (max Z2),28,38.3616,3.208945893583138,9.24,0.71963,1.5792,2.95741,63,5.0308
racetrack_small,Giá trị (max Z2),29,38.4664,3.2163426513280307,9.2646,0.71773,1.5712,2.9624099999999998,60,5.0504
free_small,Hiện trạng,0,41.678,3.419478739827672,10.381,0.6445200000000001,1.5316,2.8991599999999997,65,5.0824
free_small,Hiện trạng,1,41.7572,3.4204453154978602,10.427,0.65513,1.5582,2.93352,67,5.122
free_small,Hiện trạng,2,41.5504,3.378039035519569,10.2684,0.6329799999999999,1.506,2.86211,59,5.0148
free_small,Hiện trạng,3,41.5312,3.3739822259298484,10.215,0.6241599999999999,1.4816,2.8645099999999997,61,5.0402
free_small,Hiện trạng,4,41.4504,3.3689555667048117,10.2078,0.63379,1.5082,2.85265,59,4.9968
free_small,Hiện trạng,5,41.5556,3.3968559888042624,10.3214,0.63471,1.512,2.8831,69,5.051
free_small,Hiện trạng,6,41.7904,3.404836618028936,10.3542,0.64508,1.5368,2.8910400000000003,62,5.0484
free_small,Hiện trạng,7,41.5228,3.3816349150896627,10.2776,0.6294200000000001,1.4952,2.8696800000000002,60,5.0402
free_small,Hiện trạng,8,41.538,3.3913442412376855,10.2708,0.6496900000000001,1.541,2.8944900000000002,66,5.041
free_small,Hiện trạng,9,41.642,3.382763946629301,10.2604,0.6423399999999999,1.5256,2.8891799999999996,57,5.046
free_small,Hiện trạng,10,41.61,3.4022241219517375,10.3402,0.6525299999999999,1.555,2.89614,71,5.0446
free_small,Hiện trạng,11,41.694,3.4331307624073153,10.4452,0.64309,1.5312,2.91821,57,5.1178
free_small,Hiện trạng,12,41.6388,3.4092307991482818,10.3732,0.65269,1.5482,2.8987,63,5.0494
free_small,Hiện trạng,13,41.4152,3.361718138219433,10.1932,0.63067,1.5038,2.85019,72,4.9908
free_small,Hiện trạng,14,41.5416,3.407886519193269,10.3514,0.64923,1.5382,2.89519,61,5.0534
free_small,Hiện trạng,15,41.632,3.3980345496105246,10.328,0.6412,1.5208,2.89351,66,5.0656
free_small,Hiện trạng,16,41.5836,3.356281270055531,10.237,0.6347,1.5066,2.84445,68,4.9808
free_small,Hiện trạng,17,41.5544,3.361130202918415,10.2202,0.63775,1.5194,2.86786,66,5.0192
free_small,Hiện trạng,18,41.7424,3.4245055706350924,10.3824,0.64384,1.53,2.91275,72,5.1042
free_small,Hiện trạng,19,41.5952,3.377669935889078,10.2598,0.62753,1.492,2.86436,61,5.0308
free_small,Hiện trạng,20,41.3548,3.355962038652788,10.2154,0.6281899999999999,1.5002,2.85881,67,5.0236
free_small,Hiện trạng,21,41.5868,3.3990806082175395,10.319,0.64549,1.5324,2.8813,69,5.0386
free_small,Hiện trạng,22,41.5836,3.3665773049640273,10.2626,0.6421,1.5206,2.8679900000000003,72,5.009
free_small,Hiện trạng,23,41.614,3.3871108899853812,10.324,0.6470600000000001,1.5402,2.8932100000000003,62,5.0504
free_small,Hiện trạng,24,41.5788,3.379742567620071,10.3078,0.65557,1.5586,2.9004,62,5.0452
free_small,Hiện trạng,25,41.6948,3.4244172673864015,10.4146,0.6517599999999999,1.551,2.91826,63,5.0954
free_small,Hiện trạng,26,41.8032,3.4091319792323636,10.3708,0.6269,1.489,2.8922800000000004,67,5.0926
free_small,Hiện trạng,27,41.6936,3.4245463533832248,10.4154,0.64746,1.542,2.91886,69,5.113
free_small,Hiện trạng,28,41.6104,3.368089972182883,10.2504,0.62611,1.4896,2.86389,66,5.0308
free_small,Hiện trạng,29,41.7092,3.4098513001249273,10.4038,0.64953,1.548,2.89421,61,5.0504
free_small,Tiện lợi (min Z1),0,42.9744,3.0647541718908,8.231,0.42136999999999997,0.9296,2.6760099999999998,55,5.0824
free_small,Tiện lợi (min Z1),1,42.9856,3.066819040978397,8.2608,0.41872,0.9272,2.6971100000000003,58,5.122
free_small,Tiện lợi (min Z1),2,42.7096,3.033736483984604,8.1668,0.41884,0.928,2.64797,63,5.0148
free_small,Tiện lợi (min Z1),3,42.7884,3.0264846556609255,8.168,0.41123000000000004,0.9068,2.6515800000000005,50,5.0402
free_small,Tiện lợi (min Z1),4,42.612,3.0353723875585046,8.1298,0.42062000000000005,0.9274,2.6394800000000003,63,4.9968
free_small,Tiện lợi (min Z1),5,42.84,3.0512212795393787,8.2168,0.42016000000000003,0.9268,2.66855,66,5.051
free_small,Tiện lợi (min Z1),6,42.9264,3.046875563173864,8.209,0.42399,0.9344,2.66995,59,5.0484
free_small,Tiện lợi (min Z1),7,42.6332,3.0370303656271562,8.1162,0.41291000000000005,0.91,2.6531700000000003,56,5.0402
free_small,Tiện lợi (min Z1),8,42.6776,3.0403697332954933,8.164,0.42937,0.947,2.6741699999999997,63,5.041
free_small,Tiện lợi (min Z1),9,42.712,3.0372948843429075,8.1764,0.42052000000000006,0.9282,2.66736,71,5.046
free_small,Tiện lợi (min Z1),10,42.7496,3.0430625008036727,8.1518,0.41275999999999996,0.915,2.65637,60,5.0446
free_small,Tiện lợi (min Z1),11,43.0544,3.077441515968318,8.2888,0.4275,0.9472,2.7026199999999996,66,5.1178
free_small,Tiện lợi (min Z1),12,42.8808,3.0520840515831806,8.1928,0.4211700000000001,0.9316,2.66718,78,5.0494
free_small,Tiện lợi (min Z1),13,42.5028,3.0155429226188293,8.0972,0.4161700000000001,0.922,2.6356900000000003,67,4.9908
free_small,Tiện lợi (min Z1),14,42.7984,3.0379605832106424,8.1858,0.41989,0.9332,2.66585,61,5.0534
free_small,Tiện lợi (min Z1),15,42.8,3.049318399707727,8.1834,0.4250799999999999,0.9408,2.67739,63,5.0656
free_small,Tiện lợi (min Z1),16,42.8316,3.0328422171673797,8.1646,0.42898000000000003,0.9456,2.6387300000000002,63,4.9808
free_small,Tiện lợi (min Z1),17,42.6744,3.023590325798319,8.1468,0.41736,0.9244,2.6474699999999998,63,5.0192
free_small,Tiện lợi (min Z1),18,42.87,3.064155143340111,8.248,0.4264,0.9462,2.6953099999999997,69,5.1042
free_small,Tiện lợi (min Z1),19,42.7472,3.04581529858601,8.1964,0.42222,0.9354,2.65905,62,5.0308
free_small,Tiện lợi (min Z1),20,42.6624,3.0303309064476838,8.157,0.42452,0.9386,2.6551400000000003,64,5.0236
free_small,Tiện lợi (min Z1),21,42.684,3.0409699560471792,8.1488,0.41626,0.9214,2.6520699999999997,74,5.0386
free_small,Tiện lợi (min Z1),22,42.778,3.0322883929618225,8.1804,0.42923,0.9494,2.6551199999999997,62,5.009
free_small,Tiện lợi (min Z1),23,42.7744,3.042889842398384,8.1858,0.4187200000000001,0.929,2.66487,58,5.0504
free_small,Tiện lợi (min Z1),24,42.7664,3.0255160097690124,8.1534,0.41138,0.9134,2.6562099999999997,61,5.0452
free_small,Tiện lợi (min Z1),25,42.8892,3.056200621646861,8.232,0.41773999999999994,0.918,2.68424,61,5.0954
free_small,Tiện lợi (min Z1),26,43.034,3.0761116377738573,8.2814,0.41653999999999997,0.9204,2.6819200000000003,64,5.0926
free_small,Tiện lợi (min Z1),27,42.8892,3.0725344062472297,8.262,0.42178000000000004,0.9298,2.69318,70,5.113
free_small,Tiện lợi (min Z1),28,42.79,3.0475531787547143,8.1924,0.41371,0.9152,2.6514900000000003,63,5.0308
free_small,Tiện lợi (min Z1),29,42.8636,3.050152503871144,8.2158,0.41986999999999997,0.9324,2.66455,58,5.0504
free_small,Cân bằng (điểm gối),0,42.908,3.0600201504945077,8.2764,0.40476,0.9468,2.6594,63,5.0824
free_small,Cân bằng (điểm gối),1,43.0028,3.071486816304147,8.338,0.4109299999999999,0.9588,2.68932,66,5.122
free_small,Cân bằng (điểm gối),2,42.5836,3.040313961439226,8.1968,0.40679,0.9476,2.6359200000000005,68,5.0148
free_small,Cân bằng (điểm gối),3,42.6792,3.0311488988292576,8.2026,0.39915,0.9348,2.6395,58,5.0402
free_small,Cân bằng (điểm gối),4,42.5284,3.029928972853644,8.1896,0.40718999999999994,0.9504,2.62605,72,4.9968
free_small,Cân bằng (điểm gối),5,42.7544,3.0593335062675417,8.2924,0.40979000000000004,0.9594,2.65818,63,5.051
free_small,Cân bằng (điểm gối),6,42.7956,3.049275961450619,8.23,0.40710999999999997,0.953,2.6530699999999996,73,5.0484
free_small,Cân bằng (điểm gối),7,42.6056,3.0362584774799344,8.192,0.40758,0.9512,2.64784,57,5.0402
free_small,Cân bằng (điểm gối),8,42.6428,3.0443043863858232,8.2226,0.40598,0.9532,2.65078,57,5.041
free_small,Cân bằng (điểm gối),9,42.638,3.0390348746131886,8.2184,0.41258999999999996,0.9636,2.65943,64,5.046
free_small,Cân bằng (điểm gối),10,42.7124,3.05557332252022,8.2256,0.41273000000000004,0.9648,2.65634,65,5.0446
free_small,Cân bằng (điểm gối),11,42.9276,3.074264208270374,8.298,0.40596,0.954,2.68108,64,5.1178
free_small,Cân bằng (điểm gối),12,42.744,3.046715862148219,8.2342,0.40183,0.9426,2.64784,73,5.0494
free_small,Cân bằng (điểm gối),13,42.4628,3.022896057267564,8.1496,0.39783999999999997,0.9332,2.61736,61,4.9908
free_small,Cân bằng (điểm gối),14,42.8156,3.0557355547762213,8.2618,0.41147000000000006,0.9626,2.6574299999999997,68,5.0534
free_small,Cân bằng (điểm gối),15,42.6524,3.0441714478803377,8.2388,0.40503,0.9472,2.65734,62,5.0656
free_small,Cân bằng (điểm gối),16,42.6292,3.0267294940971445,8.1862,0.40825000000000006,0.9528,2.618,58,4.9808
free_small,Cân bằng (điểm gối),17,42.542,3.024855393501737,8.1946,0.40330999999999995,0.9426,2.63342,58,5.0192
free_small,Cân bằng (điểm gối),18,42.8616,3.062491739478698,8.2658,0.40253,0.943,2.67144,63,5.1042
free_small,Cân bằng (điểm gối),19,42.6972,3.058451493680411,8.2568,0.4090599999999999,0.9572,2.64589,57,5.0308
free_small,Cân bằng (điểm gối),20,42.6128,3.0404046452662223,8.2188,0.41316,0.9672,2.64378,61,5.0236
free_small,Cân bằng (điểm gối),21,42.6896,3.0480149826771865,8.2158,0.39974,0.9354,2.63555,67,5.0386
free_small,Cân bằng (điểm gối),22,42.6072,3.030933968047519,8.212,0.40961000000000003,0.9614,2.6355,64,5.009
free_small,Cân bằng (điểm gối),23,42.666,3.0551580180281226,8.2604,0.40963999999999995,0.9608,2.65579,70,5.0504
free_small,Cân bằng (điểm gối),24,42.6928,3.038638222898988,8.228,0.4033,0.9458,2.64813,54,5.0452
free_small,Cân bằng (điểm gối),25,42.9088,3.060973332851579,8.3054,0.41251000000000004,0.9646,2.67901,67,5.0954
free_small,Cân bằng (điểm gối),26,43.0184,3.083383164598124,8.3212,0.41133000000000003,0.9638,2.67671,76,5.0926
free_small,Cân bằng (điểm gối),27,42.9168,3.076789227404839,8.3164,0.41663,0.9778,2.6880300000000004,65,5.113
free_small,Cân bằng (điểm gối),28,42.7332,3.058589568166132,8.2738,0.42132,0.9868,2.6591,59,5.0308
free_small,Cân bằng (điểm gối),29,42.8384,3.055393515610654,8.279,0.40685,0.9536,2.65153,59,5.0504
free_small,Giá trị (max Z2),0,44.5612,3.2091732683548195,9.1972,0.49677999999999994,1.1384,2.75142,76,5.0824
free_small,Giá trị (max Z2),1,44.6384,3.2192662723244614,9.258,0.4984200000000001,1.146,2.77681,71,5.122
free_small,Giá trị (max Z2),2,44.2008,3.1789943726425895,9.1332,0.4945,1.1338,2.7236300000000004,74,5.0148
free_small,Giá trị (max Z2),3,44.214,3.170624347026828,9.1252,0.4906,1.1292,2.73095,71,5.0402
free_small,Giá trị (max Z2),4,44.158,3.171781418569886,9.079,0.4993200000000001,1.1472,2.7181800000000003,68,4.9968
free_small,Giá trị (max Z2),5,44.2836,3.186795947571399,9.1576,0.49353,1.1366,2.74192,67,5.051
free_small,Giá trị (max Z2),6,44.3872,3.1782551736922917,9.134,0.49044000000000004,1.117,2.7364,64,5.0484
free_small,Giá trị (max Z2),7,44.3256,3.1939993734753793,9.175,0.5044099999999999,1.158,2.74467,68,5.0402
free_small,Giá trị (max Z2),8,44.2752,3.1918912453442028,9.1292,0.50098,1.1484,2.7457800000000003,72,5.041
free_small,Giá trị (max Z2),9,44.2344,3.189014352900988,9.1226,0.48713999999999996,1.1218,2.73398,69,5.046
free_small,Giá trị (max Z2),10,44.3536,3.1885991035471175,9.1334,0.48946999999999996,1.1262,2.7330799999999997,63,5.0446
free_small,Giá trị (max Z2),11,44.4484,3.2031947750584413,9.2162,0.487,1.1204,2.76212,62,5.1178
free_small,Giá trị (max Z2),12,44.3708,3.2026420648307825,9.171,0.4908799999999999,1.1286,2.7368900000000003,71,5.0494
free_small,Giá trị (max Z2),13,44.0816,3.166790980514828,9.066,0.49044,1.1338,2.70996,76,4.9908
free_small,Giá trị (max Z2),14,44.41,3.203363523880353,9.2074,0.50139,1.1524,2.74735,78,5.0534
free_small,Giá trị (max Z2),15,44.2548,3.1935497366834613,9.1828,0.49075,1.1252,2.74306,75,5.0656
free_small,Giá trị (max Z2),16,44.224,3.164523154162638,9.1236,0.49601999999999996,1.1366,2.7057700000000002,72,4.9808
free_small,Giá trị (max Z2),17,44.1956,3.1547237250210745,9.0692,0.48402000000000006,1.112,2.71413,72,5.0192
free_small,Giá trị (max Z2),18,44.4548,3.2108411813868583,9.1926,0.49651000000000006,1.1396,2.7654200000000007,63,5.1042
free_small,Giá trị (max Z2),19,44.1816,3.189403166565162,9.1394,0.4904700000000001,1.1314,2.7273,78,5.0308
free_small,Giá trị (max Z2),20,44.2232,3.1774619779784685,9.1624,0.5001899999999999,1.148,2.73081,68,5.0236
free_small,Giá trị (max Z2),21,44.1772,3.177585522439298,9.1234,0.49545,1.1366,2.73126,71,5.0386
free_small,Giá trị (max Z2),22,44.1948,3.169303159996731,9.0966,0.47798999999999997,1.0952,2.7038800000000003,66,5.009
free_small,Giá trị (max Z2),23,44.294,3.191086062013253,9.1582,0.48666000000000004,1.122,2.7328099999999997,71,5.0504
free_small,Giá trị (max Z2),24,44.3324,3.1780967957466384,9.162,0.49335,1.1312,2.7381800000000003,63,5.0452
free_small,Giá trị (max Z2),25,44.4564,3.2080668263130967,9.195,0.50334,1.1552,2.7698400000000003,64,5.0954
free_small,Giá trị (max Z2),26,44.5168,3.214790393140939,9.2412,0.49032999999999993,1.1292,2.7557099999999997,64,5.0926
free_small,Giá trị (max Z2),27,44.4736,3.2160472391760213,9.2282,0.49883999999999995,1.1458,2.7702400000000003,76,5.113
free_small,Giá trị (max Z2),28,44.2932,3.1819930679396813,9.1536,0.4904,1.1306,2.72818,73,5.0308
free_small,Giá trị (max Z2),29,44.4336,3.1867540065166797,9.1476,0.50154,1.1536,2.74622,77,5.0504
grid_medium,Hiện trạng,0,46.6088,4.658564415936379,14.6428,0.77845,1.5354,3.66857,69,6.2044
grid_medium,Hiện trạng,1,46.398,4.6492185933358465,14.6644,0.8050799999999999,1.5806,3.70689,69,6.2222
grid_medium,Hiện trạng,2,46.6412,4.688766802688714,14.7712,0.79028,1.5612,3.72116,67,6.2962
grid_medium,Hiện trạng,3,46.0736,4.582550614336798,14.4408,0.76132,1.505,3.61735,70,6.1386
grid_medium,Hiện trạng,4,46.5552,4.696519078319446,14.7808,0.78527,1.5558,3.7026600000000007,65,6.245
grid_medium,Hiện trạng,5,46.3316,4.648688491944336,14.6778,0.7794,1.5402,3.6551600000000004,77,6.1748
grid_medium,Hiện trạng,6,46.2616,4.629761299885667,14.609,0.77689,1.539,3.6518,68,6.1912
grid_medium,Hiện trạng,7,46.3132,4.628891304038387,14.6008,0.78167,1.5512,3.6518900000000003,73,6.1564
grid_medium,Hiện trạng,8,46.4936,4.688659176274649,14.7382,0.78841,1.5524,3.7006100000000006,71,6.2472
grid_medium,Hiện trạng,9,46.3248,4.644592795709826,14.5646,0.79598,1.5626,3.66966,68,6.1628
grid_medium,Hiện trạng,10,46.1892,4.628018960356075,14.6158,0.77388,1.523,3.64241,74,6.1666
grid_medium,Hiện trạng,11,46.5624,4.675861961524831,14.726,0.77956,1.5314,3.69101,78,6.2444
grid_medium,Hiện trạng,12,46.3828,4.642054227670697,14.6342,0.77889,1.541,3.6487199999999995,71,6.1608
grid_medium,Hiện trạng,13,46.1988,4.636650063843762,14.5532,0.7735599999999999,1.522,3.6402900000000002,75,6.1616
grid_medium,Hiện trạng,14,46.2612,4.649438715893653,14.6426,0.77481,1.5302,3.66932,62,6.213
grid_medium,Hiện trạng,15,46.3328,4.625767478629075,14.561,0.78156,1.5336,3.63596,71,6.1264
grid_medium,Hiện trạng,16,46.2616,4.614817237156927,14.5374,0.78665,1.5502,3.63525,72,6.1142
grid_medium,Hiện trạng,17,46.3888,4.6625265511002985,14.704,0.7969,1.5564,3.67855,73,6.1894
grid_medium,Hiện trạng,18,46.2444,4.636128636689396,14.6366,0.7790799999999999,1.5334,3.6487299999999996,71,6.1654
grid_medium,Hiện trạng,19,46.3636,4.653242369606719,14.6262,0.7652100000000001,1.5034,3.66135,73,6.203
grid_medium,Hiện trạng,20,46.5192,4.666206271368543,14.721,0.78811,1.5514,3.6924700000000006,72,6.2384
grid_medium,Hiện trạng,21,46.41,4.650047590742326,14.6022,0.77923,1.5332,3.6566399999999994,85,6.1724
grid_medium,Hiện trạng,22,46.2488,4.622906060297065,14.5432,0.7657200000000001,1.5088,3.6255899999999994,77,6.1392
grid_medium,Hiện trạng,23,46.2504,4.617370592233743,14.5724,0.7925099999999999,1.5588,3.65184,76,6.136
grid_medium,Hiện trạng,24,46.3104,4.632009386244409,14.624,0.7851,1.5436,3.66194,73,6.173
grid_medium,Hiện trạng,25,46.308,4.638938992938029,14.6142,0.7706799999999999,1.5152,3.6476600000000006,70,6.1946
grid_medium,Hiện trạng,26,46.3948,4.650718300288209,14.7254,0.77803,1.546,3.6544800000000004,62,6.174
grid_medium,Hiện trạng,27,46.5108,4.682441035128336,14.7448,0.7790100000000001,1.5346,3.7160600000000006,76,6.3058
grid_medium,Hiện trạng,28,46.4348,4.634197316162289,14.6326,0.76515,1.5114,3.6564699999999997,80,6.211
grid_medium,Hiện trạng,29,46.5952,4.681054981419612,14.7346,0.76979,1.53,3.6690699999999996,75,6.2136
grid_medium,Tiện lợi (min Z1),0,44.2728,4.189113985321578,12.2822,0.61843,1.1412,3.50855,83,6.2044
grid_medium,Tiện lợi (min Z1),1,44.3912,4.1876411644397455,12.375,0.61227,1.1258,3.5140800000000003,84,6.2222
grid_medium,Tiện lợi (min Z1),2,44.5704,4.232728558356107,12.424,0.63215,1.1704,3.5630300000000004,79,6.2962
grid_medium,Tiện lợi (min Z1),3,44.0736,4.15180145671998,12.232,0.60472,1.1228,3.46075,81,6.1386
grid_medium,Tiện lợi (min Z1),4,44.4088,4.222275627819484,12.3786,0.61819,1.1414,3.5355800000000004,76,6.245
grid_medium,Tiện lợi (min Z1),5,44.1232,4.1759309038053445,12.2552,0.6124900000000001,1.1358,3.48825,79,6.1748
grid_medium,Tiện lợi (min Z1),6,44.2904,4.174253534731894,12.3212,0.61061,1.122,3.4855199999999997,80,6.1912
grid_medium,Tiện lợi (min Z1),7,44.1384,4.168428346841627,12.2422,0.6182,1.139,3.4884200000000005,73,6.1564
grid_medium,Tiện lợi (min Z1),8,44.5172,4.21240787913289,12.3786,0.62362,1.145,3.5358200000000006,79,6.2472
grid_medium,Tiện lợi (min Z1),9,44.1372,4.1637558243016715,12.2634,0.6108600000000001,1.1282,3.4845399999999995,76,6.1628
grid_medium,Tiện lợi (min Z1),10,44.2528,4.183816891098529,12.3138,0.6183900000000001,1.1446,3.4869199999999996,81,6.1666
grid_medium,Tiện lợi (min Z1),11,44.4172,4.198151927143488,12.3666,0.61267,1.1284,3.52412,77,6.2444
grid_medium,Tiện lợi (min Z1),12,44.3076,4.165759116090848,12.3008,0.6204,1.1428,3.4902300000000004,80,6.1608
grid_medium,Tiện lợi (min Z1),13,44.0664,4.156961871434455,12.2328,0.5976100000000001,1.1026,3.464340000000001,71,6.1616
grid_medium,Tiện lợi (min Z1),14,44.402,4.1929575017687295,12.3342,0.6069100000000001,1.1248,3.5014199999999995,75,6.213
grid_medium,Tiện lợi (min Z1),15,44.2472,4.170515525189419,12.2746,0.61959,1.1426,3.47399,82,6.1264
grid_medium,Tiện lợi (min Z1),16,44.1224,4.144712542073715,12.2636,0.62261,1.1442,3.4712100000000006,83,6.1142
grid_medium,Tiện lợi (min Z1),17,44.1804,4.167512043582734,12.2948,0.60554,1.1208,3.48719,76,6.1894
grid_medium,Tiện lợi (min Z1),18,44.1284,4.156578519924894,12.2386,0.61885,1.1382,3.4885,72,6.1654
grid_medium,Tiện lợi (min Z1),19,44.4376,4.191631799557632,12.3258,0.59973,1.1062,3.4958699999999996,83,6.203
grid_medium,Tiện lợi (min Z1),20,44.3812,4.186863689893859,12.3448,0.62516,1.148,3.5295199999999998,84,6.2384
grid_medium,Tiện lợi (min Z1),21,44.2088,4.164028601348445,12.25,0.62384,1.1454,3.50125,77,6.1724
grid_medium,Tiện lợi (min Z1),22,44.1088,4.15390564680417,12.1938,0.61277,1.1328,3.47264,77,6.1392
grid_medium,Tiện lợi (min Z1),23,44.0308,4.136401569868644,12.194,0.60015,1.1174,3.45948,79,6.136
grid_medium,Tiện lợi (min Z1),24,44.2156,4.164035712356845,12.273,0.6128,1.1394,3.48964,82,6.173
grid_medium,Tiện lợi (min Z1),25,44.3692,4.1840038296081365,12.3166,0.6090800000000001,1.1222,3.4860599999999997,82,6.1946
grid_medium,Tiện lợi (min Z1),26,44.2476,4.174584868541257,12.2932,0.6086600000000001,1.1226,3.4851100000000006,79,6.174
grid_medium,Tiện lợi (min Z1),27,44.4976,4.218336889567036,12.3864,0.6083300000000001,1.128,3.54538,75,6.3058
grid_medium,Tiện lợi (min Z1),28,44.5016,4.18565378556984,12.3446,0.61229,1.1312,3.5036099999999997,81,6.211
grid_medium,Tiện lợi (min Z1),29,44.3936,4.184668458662693,12.3148,0.6160700000000001,1.1386,3.51535,87,6.2136
grid_medium,Cân bằng (điểm gối),0,44.5328,4.435901852474963,12.7252,0.77405,1.4388,3.6641700000000004,90,6.2044
grid_medium,Cân bằng (điểm gối),1,44.6196,4.433423883870835,12.7142,0.76783,1.4284,3.6696400000000002,72,6.2222
grid_medium,Cân bằng (điểm gối),2,44.7396,4.465455682118613,12.7928,0.77727,1.4442,3.70815,82,6.2962
grid_medium,Cân bằng (điểm gối),3,44.3264,4.402093959931274,12.6342,0.76411,1.424,3.62014,75,6.1386
grid_medium,Cân bằng (điểm gối),4,44.6656,4.457965670792926,12.7296,0.78126,1.452,3.69865,78,6.245
grid_medium,Cân bằng (điểm gối),5,44.4548,4.40939978949174,12.6348,0.75455,1.3974,3.6303099999999997,82,6.1748
grid_medium,Cân bằng (điểm gối),6,44.434,4.407288734569562,12.6478,0.75213,1.3974,3.62704,82,6.1912
grid_medium,Cân bằng (điểm gối),7,44.3784,4.399407150834321,12.6016,0.74854,1.399,3.6187600000000004,78,6.1564
grid_medium,Cân bằng (điểm gối),8,44.7856,4.469720579316286,12.7796,0.76948,1.433,3.6816800000000005,79,6.2472
grid_medium,Cân bằng (điểm gối),9,44.4312,4.409169758673109,12.6098,0.7616299999999999,1.4134,3.63531,81,6.1628
grid_medium,Cân bằng (điểm gối),10,44.574,4.409595544332628,12.6618,0.76185,1.4152,3.63038,83,6.1666
grid_medium,Cân bằng (điểm gối),11,44.5596,4.409863322279084,12.6224,0.7481599999999999,1.3934,3.6596100000000007,92,6.2444
grid_medium,Cân bằng (điểm gối),12,44.5696,4.40421397601592,12.6524,0.7636,1.4204,3.63343,78,6.1608
grid_medium,Cân bằng (điểm gối),13,44.3108,4.417604110807233,12.6366,0.77199,1.4292,3.6387199999999997,82,6.1616
grid_medium,Cân bằng (điểm gối),14,44.6316,4.435820459006242,12.7042,0.76708,1.429,3.6615900000000003,83,6.213
grid_medium,Cân bằng (điểm gối),15,44.3492,4.399916400716568,12.6136,0.7700899999999999,1.4274,3.6244899999999993,90,6.1264
grid_medium,Cân bằng (điểm gối),16,44.2512,4.376495808989371,12.5416,0.7537,1.4106,3.6023,88,6.1142
grid_medium,Cân bằng (điểm gối),17,44.5656,4.432601953450914,12.691,0.7784700000000001,1.4352,3.6601199999999996,77,6.1894
grid_medium,Cân bằng (điểm gối),18,44.2988,4.412703626983515,12.6162,0.7555700000000001,1.4024,3.6252199999999997,78,6.1654
grid_medium,Cân bằng (điểm gối),19,44.552,4.4296265437547016,12.6702,0.7587799999999999,1.4128,3.6549200000000006,84,6.203
grid_medium,Cân bằng (điểm gối),20,44.6876,4.430688302414426,12.7192,0.75644,1.408,3.6608,76,6.2384
grid_medium,Cân bằng (điểm gối),21,44.3748,4.405770116941768,12.6156,0.76666,1.4204,3.6440700000000006,75,6.1724
grid_medium,Cân bằng (điểm gối),22,44.3684,4.3918248980863,12.5818,0.7535,1.402,3.6133700000000006,76,6.1392
grid_medium,Cân bằng (điểm gối),23,44.2732,4.376239257241833,12.5474,0.76123,1.4106,3.6205600000000007,80,6.136
grid_medium,Cân bằng (điểm gối),24,44.4772,4.40362882607122,12.6658,0.76271,1.4122,3.63955,79,6.173
grid_medium,Cân bằng (điểm gối),25,44.6156,4.408521827089016,12.6478,0.76107,1.4106,3.63805,76,6.1946
grid_medium,Cân bằng (điểm gối),26,44.4688,4.401591526616553,12.6334,0.74963,1.3956,3.6260800000000004,84,6.174
grid_medium,Cân bằng (điểm gối),27,44.8092,4.466477777360763,12.8062,0.76846,1.4234,3.7055100000000007,79,6.3058
grid_medium,Cân bằng (điểm gối),28,44.6512,4.443834833394374,12.7498,0.78388,1.4532,3.6752,76,6.211
grid_medium,Cân bằng (điểm gối),29,44.486,4.418403414767072,12.6574,0.76646,1.4262,3.66574,81,6.2136
grid_medium,Giá trị (max Z2),0,47.87,4.375300018934016,12.7318,0.7377100000000001,1.3156,3.6278300000000003,90,6.2044
grid_medium,Giá trị (max Z2),1,47.9296,4.377296617689985,12.7514,0.75246,1.3312,3.65427,91,6.2222
grid_medium,Giá trị (max Z2),2,48.236,4.395632027723921,12.8022,0.73018,1.3028,3.6610600000000004,77,6.2962
grid_medium,Giá trị (max Z2),3,47.6084,4.324156139787963,12.588,0.71972,1.284,3.57575,79,6.1386
grid_medium,Giá trị (max Z2),4,47.9456,4.385702818130333,12.7484,0.7379899999999999,1.3074,3.6553799999999996,88,6.245
grid_medium,Giá trị (max Z2),5,47.6796,4.325027521317649,12.5928,0.69896,1.2502,3.5747199999999997,80,6.1748
grid_medium,Giá trị (max Z2),6,47.888,4.354832836426104,12.6712,0.7085799999999999,1.2688,3.5834900000000003,86,6.1912
grid_medium,Giá trị (max Z2),7,47.6072,4.313704057109412,12.5644,0.71204,1.2708,3.5822600000000007,83,6.1564
grid_medium,Giá trị (max Z2),8,47.9628,4.392020028940491,12.7676,0.7305499999999999,1.304,3.64275,83,6.2472
grid_medium,Giá trị (max Z2),9,47.6912,4.330413503419244,12.5758,0.7298100000000001,1.2934,3.6034900000000003,81,6.1628
grid_medium,Giá trị (max Z2),10,47.8052,4.344180801152767,12.675,0.7328399999999999,1.302,3.6013699999999997,88,6.1666
grid_medium,Giá trị (max Z2),11,48.0268,4.385369779547707,12.7384,0.7235799999999999,1.2936,3.6350300000000004,92,6.2444
grid_medium,Giá trị (max Z2),12,47.8864,4.351626505123606,12.7028,0.72558,1.2958,3.5954099999999998,83,6.1608
grid_medium,Giá trị (max Z2),13,47.6476,4.347351595826023,12.6358,0.73045,1.2936,3.5971800000000003,88,6.1616
grid_medium,Giá trị (max Z2),14,47.9944,4.382741670709434,12.7434,0.7410200000000001,1.3184,3.63553,86,6.213
grid_medium,Giá trị (max Z2),15,47.6228,4.3438488195894305,12.6918,0.73532,1.3074,3.58972,90,6.1264
grid_medium,Giá trị (max Z2),16,47.612,4.318595352394304,12.6048,0.7414,1.325,3.59,77,6.1142
grid_medium,Giá trị (max Z2),17,47.9808,4.342586681815922,12.7036,0.71663,1.275,3.5982800000000004,84,6.1894
grid_medium,Giá trị (max Z2),18,47.6364,4.345917190228714,12.6314,0.72236,1.2884,3.5920100000000006,84,6.1654
grid_medium,Giá trị (max Z2),19,47.76,4.368978159818894,12.6666,0.71604,1.2748,3.6121800000000004,94,6.203
grid_medium,Giá trị (max Z2),20,47.9868,4.366903195503104,12.7764,0.72565,1.2912,3.6300100000000004,86,6.2384
grid_medium,Giá trị (max Z2),21,47.7428,4.353201988917717,12.6692,0.7079700000000001,1.2612,3.5853800000000002,87,6.1724
grid_medium,Giá trị (max Z2),22,47.6072,4.3197107296507475,12.5714,0.7132,1.2742,3.5730699999999995,89,6.1392
grid_medium,Giá trị (max Z2),23,47.4604,4.302539744632142,12.5512,0.72045,1.2754,3.5797800000000004,84,6.136
grid_medium,Giá trị (max Z2),24,47.7704,4.345728955769626,12.662,0.73018,1.3044,3.60702,90,6.173
grid_medium,Giá trị (max Z2),25,47.9084,4.333129696688891,12.6342,0.71226,1.274,3.58924,88,6.1946
grid_medium,Giá trị (max Z2),26,47.8216,4.347943422528463,12.6992,0.7179700000000001,1.28,3.5944199999999995,85,6.174
grid_medium,Giá trị (max Z2),27,48.0796,4.406439023602745,12.8166,0.72745,1.2884,3.6645,91,6.3058
grid_medium,Giá trị (max Z2),28,48.0604,4.3679272937153355,12.7414,0.7369899999999999,1.2996,3.6283100000000004,95,6.211
grid_medium,Giá trị (max Z2),29,47.9936,4.378321576651777,12.7478,0.73653,1.309,3.6358100000000007,91,6.2136
racetrack_medium,Hiện trạng,0,51.624,4.944120730631748,15.2406,0.80465,1.5242,3.6947700000000006,89,6.2044
racetrack_medium,Hiện trạng,1,51.4132,4.940001154560516,15.2866,0.8198200000000001,1.56,3.72163,88,6.2222
racetrack_medium,Hiện trạng,2,51.73,4.958307299393398,15.2868,0.81058,1.5424,3.74146,71,6.2962
racetrack_medium,Hiện trạng,3,51.1296,4.897910377257025,15.0948,0.7880699999999999,1.506,3.6441,82,6.1386
racetrack_medium,Hiện trạng,4,51.6272,4.968431982255261,15.269,0.8192200000000001,1.5546,3.7366099999999998,92,6.245
racetrack_medium,Hiện trạng,5,51.428,4.949226732664892,15.2596,0.80281,1.5268,3.6785700000000006,95,6.1748
racetrack_medium,Hiện trạng,6,51.3112,4.941322590561061,15.2352,0.79711,1.5228,3.67202,96,6.1912
racetrack_medium,Hiện trạng,7,51.3044,4.918694439541592,15.184,0.79981,1.5278,3.67003,94,6.1564
racetrack_medium,Hiện trạng,8,51.548,4.973526397404,15.3002,0.8007,1.514,3.7129,97,6.2472
racetrack_medium,Hiện trạng,9,51.2024,4.908885937995041,15.1046,0.8083,1.5362,3.6819800000000003,98,6.1628
racetrack_medium,Hiện trạng,10,51.3468,4.9314010194752935,15.2072,0.8079700000000001,1.5288,3.6765,97,6.1666
racetrack_medium,Hiện trạng,11,51.5744,4.957752205665014,15.2682,0.81334,1.537,3.7247899999999996,87,6.2444
racetrack_medium,Hiện trạng,12,51.472,4.928961635114789,15.2194,0.80418,1.5272,3.67401,91,6.1608
racetrack_medium,Hiện trạng,13,51.1416,4.9097632311888315,15.112,0.7976700000000001,1.5106,3.6644,88,6.1616
racetrack_medium,Hiện trạng,14,51.2836,4.933027942854061,15.225,0.7966300000000001,1.5196,3.6911399999999994,88,6.213
racetrack_medium,Hiện trạng,15,51.526,4.935192965632524,15.2684,0.80799,1.536,3.6623900000000003,97,6.1264
racetrack_medium,Hiện trạng,16,51.2816,4.902848781230845,15.1554,0.79955,1.5228,3.6481499999999993,97,6.1142
racetrack_medium,Hiện trạng,17,51.4088,4.931626878612585,15.194,0.79751,1.5144,3.67916,90,6.1894
racetrack_medium,Hiện trạng,18,51.19,4.9112420478927925,15.1348,0.80286,1.517,3.6725100000000004,95,6.1654
racetrack_medium,Hiện trạng,19,51.404,4.957258043759798,15.2424,0.79242,1.5134,3.68856,86,6.203
racetrack_medium,Hiện trạng,20,51.6436,4.958232931106548,15.3096,0.8167500000000001,1.5436,3.72111,80,6.2384
racetrack_medium,Hiện trạng,21,51.4244,4.9359982868983865,15.1624,0.80243,1.5272,3.67984,91,6.1724
racetrack_medium,Hiện trạng,22,51.1808,4.898669445560404,15.1064,0.78309,1.4894,3.6429600000000004,87,6.1392
racetrack_medium,Hiện trạng,23,51.1636,4.9047318585098125,15.0698,0.78993,1.495,3.6492600000000004,84,6.136
racetrack_medium,Hiện trạng,24,51.3404,4.9064554023435205,15.1262,0.8165,1.546,3.69334,81,6.173
racetrack_medium,Hiện trạng,25,51.41,4.946501280116875,15.1896,0.79837,1.5142,3.67535,83,6.1946
racetrack_medium,Hiện trạng,26,51.3596,4.907741913143759,15.1722,0.8115,1.5338,3.68795,89,6.174
racetrack_medium,Hiện trạng,27,51.5876,4.988888810478337,15.3314,0.8056800000000001,1.5398,3.7427300000000003,82,6.3058
racetrack_medium,Hiện trạng,28,51.436,4.953719807160403,15.2218,0.7880299999999999,1.4946,3.67935,94,6.211
racetrack_medium,Hiện trạng,29,51.616,4.9786741644769865,15.3136,0.80653,1.5322,3.70581,93,6.2136
racetrack_medium,Tiện lợi (min Z1),0,47.0652,4.412747574731152,13.1058,0.60334,1.1988,3.49346,76,6.2044
racetrack_medium,Tiện lợi (min Z1),1,46.8632,4.391521630817883,12.9968,0.61561,1.2222,3.5174199999999995,77,6.2222
racetrack_medium,Tiện lợi (min Z1),2,47.2556,4.450312116049562,13.1642,0.5998899999999999,1.2002,3.5307699999999995,73,6.2962
racetrack_medium,Tiện lợi (min Z1),3,46.7868,4.384120662844595,13.015,0.6058899999999999,1.2114,3.4619199999999997,79,6.1386
racetrack_medium,Tiện lợi (min Z1),4,46.9852,4.437890563849183,13.0864,0.6092299999999999,1.2238,3.52662,81,6.245
racetrack_medium,Tiện lợi (min Z1),5,46.784,4.386696744159415,12.9886,0.5901299999999999,1.1862,3.4658900000000004,69,6.1748
racetrack_medium,Tiện lợi (min Z1),6,46.9532,4.412857998023085,13.0292,0.5968600000000001,1.1902,3.47177,80,6.1912
racetrack_medium,Tiện lợi (min Z1),7,46.6972,4.3785597665107465,12.959,0.59801,1.1954,3.46823,75,6.1564
racetrack_medium,Tiện lợi (min Z1),8,47.146,4.443245447531018,13.1246,0.6093700000000001,1.2206,3.5215699999999996,84,6.2472
racetrack_medium,Tiện lợi (min Z1),9,46.7104,4.382253777210355,12.9982,0.60569,1.2108,3.47937,81,6.1628
racetrack_medium,Tiện lợi (min Z1),10,46.8416,4.377748036659762,12.9962,0.60365,1.2028,3.4721799999999994,71,6.1666
racetrack_medium,Tiện lợi (min Z1),11,47.0056,4.413579615803875,13.034,0.59852,1.199,3.5099699999999996,85,6.2444
racetrack_medium,Tiện lợi (min Z1),12,47.0304,4.412979805987032,13.107,0.60603,1.2162,3.47586,77,6.1608
racetrack_medium,Tiện lợi (min Z1),13,46.628,4.356526981426512,12.89,0.5837600000000001,1.1712,3.4504899999999994,80,6.1616
racetrack_medium,Tiện lợi (min Z1),14,47.0808,4.417468069398809,13.078,0.61061,1.2258,3.50512,81,6.213
racetrack_medium,Tiện lợi (min Z1),15,46.7856,4.373827365678546,12.9492,0.6031200000000001,1.2088,3.4575199999999997,78,6.1264
racetrack_medium,Tiện lợi (min Z1),16,46.8736,4.377321744483486,12.9812,0.61968,1.2336,3.4682800000000005,81,6.1142
racetrack_medium,Tiện lợi (min Z1),17,46.924,4.400451511114995,13.0406,0.5959399999999999,1.1952,3.47759,79,6.1894
racetrack_medium,Tiện lợi (min Z1),18,46.7992,4.393514138121668,12.9736,0.60027,1.2,3.4699199999999997,79,6.1654
racetrack_medium,Tiện lợi (min Z1),19,46.8972,4.407640184121791,13.0234,0.59444,1.1958,3.4905800000000005,84,6.203
racetrack_medium,Tiện lợi (min Z1),20,47.1112,4.426991637798429,13.1446,0.61517,1.2258,3.5195300000000005,79,6.2384
racetrack_medium,Tiện lợi (min Z1),21,46.7112,4.38710915899617,12.9562,0.59875,1.1978,3.4761599999999997,78,6.1724
racetrack_medium,Tiện lợi (min Z1),22,46.7084,4.380203305697463,12.9758,0.60974,1.215,3.46961,77,6.1392
racetrack_medium,Tiện lợi (min Z1),23,46.7328,4.37981227087299,12.9944,0.5967899999999999,1.1936,3.45612,74,6.136
racetrack_medium,Tiện lợi (min Z1),24,46.7176,4.366760812975522,12.957,0.6001,1.1976,3.4769400000000004,73,6.173
racetrack_medium,Tiện lợi (min Z1),25,46.9612,4.399355495786671,13.045,0.60662,1.2126,3.4836,83,6.1946
racetrack_medium,Tiện lợi (min Z1),26,47.0304,4.4083003461533155,13.0732,0.6100899999999999,1.2138,3.4865399999999993,78,6.174
racetrack_medium,Tiện lợi (min Z1),27,47.106,4.435016924258839,13.1254,0.58409,1.1698,3.52114,83,6.3058
racetrack_medium,Tiện lợi (min Z1),28,46.9512,4.414255683976239,13.0588,0.59631,1.1942,3.4876300000000002,79,6.211
racetrack_medium,Tiện lợi (min Z1),29,47.02,4.430440519642425,13.0902,0.6123,1.2248,3.5115800000000004,81,6.2136
racetrack_medium,Cân bằng (điểm gối),0,48.2132,4.422792303736214,12.921,0.62567,1.2138,3.515790000000001,73,6.2044
racetrack_medium,Cân bằng (điểm gối),1,48.254,4.43272130267235,12.8952,0.63837,1.2406,3.5401800000000003,81,6.2222
racetrack_medium,Cân bằng (điểm gối),2,48.4404,4.461686987615925,13.0152,0.62967,1.2236,3.56055,81,6.2962
racetrack_medium,Cân bằng (điểm gối),3,47.8968,4.374454743424889,12.7484,0.6136299999999999,1.1934,3.4696599999999993,75,6.1386
racetrack_medium,Cân bằng (điểm gối),4,48.1348,4.442967235926531,12.952,0.64508,1.2634,3.56247,82,6.245
racetrack_medium,Cân bằng (điểm gối),5,47.9176,4.396178978724201,12.8152,0.6158899999999999,1.2042,3.49165,78,6.1748
racetrack_medium,Cân bằng (điểm gối),6,48.1924,4.418142860213771,12.9392,0.62,1.2038,3.49491,83,6.1912
racetrack_medium,Cân bằng (điểm gối),7,47.8988,4.387193731665329,12.7786,0.6230899999999999,1.2126,3.4933099999999997,92,6.1564
racetrack_medium,Cân bằng (điểm gối),8,48.2556,4.4436919229261855,12.9568,0.63936,1.2446,3.55156,82,6.2472
racetrack_medium,Cân bằng (điểm gối),9,47.824,4.375816197628038,12.768,0.61329,1.2024,3.48697,75,6.1628
racetrack_medium,Cân bằng (điểm gối),10,48.0908,4.397576503732388,12.8384,0.62823,1.2262,3.4967599999999996,77,6.1666
racetrack_medium,Cân bằng (điểm gối),11,48.0968,4.403900613092247,12.8208,0.6284200000000001,1.2192,3.5398699999999996,80,6.2444
racetrack_medium,Cân bằng (điểm gối),12,48.1232,4.400950837152545,12.8566,0.61992,1.21,3.48975,77,6.1608
racetrack_medium,Cân bằng (điểm gối),13,47.9316,4.381187750123476,12.7858,0.62625,1.219,3.49298,79,6.1616
racetrack_medium,Cân bằng (điểm gối),14,48.1932,4.411172308737122,12.8822,0.6359,1.2326,3.53041,80,6.213
racetrack_medium,Cân bằng (điểm gối),15,47.8168,4.3653562888713395,12.7536,0.6199100000000001,1.212,3.47431,78,6.1264
racetrack_medium,Cân bằng (điểm gối),16,47.9668,4.366782244086021,12.806,0.62872,1.2238,3.4773199999999997,74,6.1142
racetrack_medium,Cân bằng (điểm gối),17,48.1768,4.406786495432326,12.8728,0.6377299999999999,1.2532,3.5193800000000004,80,6.1894
racetrack_medium,Cân bằng (điểm gối),18,47.982,4.38375040318191,12.79,0.6114299999999999,1.1948,3.4810800000000004,84,6.1654
racetrack_medium,Cân bằng (điểm gối),19,48.046,4.40368891629783,12.8338,0.60482,1.1814,3.50096,85,6.203
racetrack_medium,Cân bằng (điểm gối),20,48.186,4.403148273450396,12.8674,0.6139399999999999,1.2006,3.5183,75,6.2384
racetrack_medium,Cân bằng (điểm gối),21,47.9404,4.3891970733472565,12.7586,0.62172,1.2058,3.49913,82,6.1724
racetrack_medium,Cân bằng (điểm gối),22,48.0136,4.394367553626767,12.8448,0.63121,1.2224,3.49108,79,6.1392
racetrack_medium,Cân bằng (điểm gối),23,47.9144,4.3914303300706985,12.8086,0.62408,1.2084,3.4834099999999997,84,6.136
racetrack_medium,Cân bằng (điểm gối),24,47.956,4.381142070257836,12.805,0.6297,1.2258,3.5065399999999993,78,6.173
racetrack_medium,Cân bằng (điểm gối),25,48.2424,4.436829428698365,12.9404,0.64357,1.2526,3.52055,80,6.1946
racetrack_medium,Cân bằng (điểm gối),26,48.1468,4.4160832463516115,12.89,0.6315200000000001,1.2282,3.50797,84,6.174
racetrack_medium,Cân bằng (điểm gối),27,48.2856,4.450075615462443,12.9922,0.62454,1.2134,3.5615900000000003,77,6.3058
racetrack_medium,Cân bằng (điểm gối),28,48.078,4.409490573123428,12.8578,0.62767,1.2234,3.51899,72,6.211
racetrack_medium,Cân bằng (điểm gối),29,48.2316,4.421731278567443,12.8836,0.63163,1.2298,3.53091,73,6.2136
racetrack_medium,Giá trị (max Z2),0,53.6056,4.975150464123609,14.2194,0.9461,1.6386,3.8362199999999995,101,6.2044
racetrack_medium,Giá trị (max Z2),1,53.6012,4.97506144450487,14.2192,0.9544300000000001,1.6528,3.85624,99,6.2222
racetrack_medium,Giá trị (max Z2),2,53.7752,4.985940359213523,14.2842,0.9470999999999998,1.6398,3.8779800000000004,95,6.2962
racetrack_medium,Giá trị (max Z2),3,53.1892,4.93347327514344,14.1226,0.94552,1.6396,3.80155,93,6.1386
racetrack_medium,Giá trị (max Z2),4,53.4364,4.97809133202154,14.1958,0.9488700000000001,1.641,3.86626,98,6.245
racetrack_medium,Giá trị (max Z2),5,53.3796,4.936638899283248,14.1046,0.93214,1.6162,3.8079,95,6.1748
racetrack_medium,Giá trị (max Z2),6,53.486,4.9377089531768155,14.1376,0.9274700000000001,1.6048,3.8023800000000003,101,6.1912
racetrack_medium,Giá trị (max Z2),7,53.3516,4.933763318656991,14.1288,0.943,1.6388,3.8132200000000003,113,6.1564
racetrack_medium,Giá trị (max Z2),8,53.6132,4.991763691285242,14.2518,0.9426399999999999,1.6382,3.8548400000000003,101,6.2472
racetrack_medium,Giá trị (max Z2),9,53.2612,4.924921194465714,14.113,0.9409599999999999,1.627,3.8146400000000003,97,6.1628
racetrack_medium,Giá trị (max Z2),10,53.3716,4.942211230587951,14.1418,0.9446200000000001,1.6416,3.81315,98,6.1666
racetrack_medium,Giá trị (max Z2),11,53.366,4.959913470719771,14.132,0.9380700000000001,1.6182,3.8495199999999996,102,6.2444
racetrack_medium,Giá trị (max Z2),12,53.3156,4.917204864342243,14.0816,0.92343,1.596,3.79326,103,6.1608
racetrack_medium,Giá trị (max Z2),13,53.2808,4.934357686325105,14.1356,0.9407399999999999,1.626,3.80747,92,6.1616
racetrack_medium,Giá trị (max Z2),14,53.4124,4.9565802501379235,14.1752,0.9366,1.6156,3.8311100000000007,94,6.213
racetrack_medium,Giá trị (max Z2),15,53.3536,4.935024084559779,14.1218,0.94004,1.624,3.7944400000000007,95,6.1264
racetrack_medium,Giá trị (max Z2),16,53.3212,4.925824125920236,14.1172,0.9326399999999999,1.6178,3.78124,105,6.1142
racetrack_medium,Giá trị (max Z2),17,53.5392,4.955537557549549,14.1928,0.9375800000000001,1.6286,3.81923,91,6.1894
racetrack_medium,Giá trị (max Z2),18,53.356,4.9432784609731515,14.1394,0.95289,1.6456,3.82254,101,6.1654
racetrack_medium,Giá trị (max Z2),19,53.5124,4.980805693886207,14.2146,0.94696,1.6324,3.8431,102,6.203
racetrack_medium,Giá trị (max Z2),20,53.5476,4.959191393697958,14.1848,0.9341400000000002,1.6214,3.8385,97,6.2384
racetrack_medium,Giá trị (max Z2),21,53.2684,4.946198441764497,14.119,0.92542,1.6054,3.80283,98,6.1724
racetrack_medium,Giá trị (max Z2),22,53.3916,4.938343638582644,14.1478,0.94865,1.6372,3.8085200000000006,93,6.1392
racetrack_medium,Giá trị (max Z2),23,53.1492,4.920817375899849,14.1022,0.9460400000000001,1.6334,3.8053700000000004,106,6.136
racetrack_medium,Giá trị (max Z2),24,53.3388,4.916497258080976,14.0738,0.9372299999999999,1.6294,3.8140699999999996,86,6.173
racetrack_medium,Giá trị (max Z2),25,53.506,4.963602327019378,14.1722,0.93789,1.6194,3.8148699999999995,106,6.1946
racetrack_medium,Giá trị (max Z2),26,53.528,4.947495282590049,14.2058,0.93486,1.6264,3.8113100000000006,101,6.174
racetrack_medium,Giá trị (max Z2),27,53.7324,5.012385623848521,14.282,0.9432,1.638,3.88025,98,6.3058
racetrack_medium,Giá trị (max Z2),28,53.4,4.962526838163449,14.1952,0.93375,1.6116,3.8250699999999997,89,6.211
racetrack_medium,Giá trị (max Z2),29,53.4916,4.9677470295408925,14.1706,0.94378,1.6356,3.84306,106,6.2136
free_medium,Hiện trạng,0,66.486,5.138859685816942,15.4068,0.76657,1.529,3.6566899999999993,73,6.2044
free_medium,Hiện trạng,1,66.1336,5.1045799920313835,15.2828,0.7591899999999999,1.5096,3.661,82,6.2222
free_medium,Hiện trạng,2,66.7116,5.147036097231349,15.3596,0.7711100000000001,1.5266,3.7019899999999994,78,6.2962
free_medium,Hiện trạng,3,65.7904,5.068450504432159,15.1808,0.7582700000000001,1.5072,3.6143,78,6.1386
free_medium,Hiện trạng,4,66.4944,5.137896575359172,15.322,0.7716799999999999,1.5282,3.6890700000000005,84,6.245
free_medium,Hiện trạng,5,66.1756,5.100748871277876,15.2204,0.73868,1.4838,3.614439999999999,77,6.1748
free_medium,Hiện trạng,6,66.0792,5.120000036589405,15.3768,0.75871,1.5132,3.6336199999999996,89,6.1912
free_medium,Hiện trạng,7,65.7676,5.086100149087716,15.1854,0.76099,1.521,3.63121,81,6.1564
free_medium,Hiện trạng,8,66.452,5.1670872303355475,15.4868,0.76756,1.535,3.67976,83,6.2472
free_medium,Hiện trạng,9,66.0256,5.099228204703186,15.2082,0.76535,1.5194,3.6390300000000004,83,6.1628
free_medium,Hiện trạng,10,66.086,5.102015975582394,15.263,0.7664,1.5316,3.63493,78,6.1666
free_medium,Hiện trạng,11,66.364,5.135304158260068,15.2942,0.76483,1.5182,3.67628,80,6.2444
free_medium,Hiện trạng,12,66.3816,5.098282236028729,15.2544,0.7612,1.5146,3.6310300000000004,78,6.1608
free_medium,Hiện trạng,13,65.9556,5.088240461805943,15.1918,0.74997,1.4972,3.6167,91,6.1616
free_medium,Hiện trạng,14,66.162,5.130992950179144,15.3502,0.76334,1.531,3.65785,73,6.213
free_medium,Hiện trạng,15,66.2128,5.101318500055,15.2682,0.75108,1.5016,3.6054800000000005,85,6.1264
free_medium,Hiện trạng,16,66.1068,5.07699186059153,15.1862,0.75087,1.5006,3.5994699999999997,89,6.1142
free_medium,Hiện trạng,17,66.3324,5.1002122370699885,15.2954,0.76857,1.528,3.6502200000000005,77,6.1894
free_medium,Hiện trạng,18,65.9988,5.080092497624092,15.1596,0.75503,1.5032,3.62468,76,6.1654
free_medium,Hiện trạng,19,66.354,5.131129446113322,15.3256,0.7448100000000001,1.487,3.64095,79,6.203
free_medium,Hiện trạng,20,66.4484,5.1206536634510265,15.2834,0.7530899999999999,1.5038,3.65745,86,6.2384
free_medium,Hiện trạng,21,66.2092,5.087889824853328,15.1286,0.7497199999999999,1.489,3.62713,77,6.1724
free_medium,Hiện trạng,22,66.0136,5.087836963820068,15.1854,0.75336,1.4916,3.61323,80,6.1392
free_medium,Hiện trạng,23,66.068,5.049913199913867,15.0396,0.74731,1.4832,3.60664,87,6.136
free_medium,Hiện trạng,24,66.2684,5.084218894512493,15.1958,0.75203,1.4952,3.6288699999999996,82,6.173
free_medium,Hiện trạng,25,66.0472,5.09417246167288,15.2144,0.7590399999999999,1.5064,3.63602,88,6.1946
free_medium,Hiện trạng,26,66.376,5.102501352459406,15.2606,0.77091,1.5364,3.64736,78,6.174
free_medium,Hiện trạng,27,66.4996,5.152343164771978,15.4044,0.7525900000000001,1.5016,3.6896400000000003,82,6.3058
free_medium,Hiện trạng,28,66.2748,5.108964802412098,15.248,0.74815,1.4882,3.6394700000000006,87,6.211
free_medium,Hiện trạng,29,66.3572,5.1365152294495084,15.3896,0.7580499999999999,1.5162,3.6573300000000004,83,6.2136
free_medium,Tiện lợi (min Z1),0,64.2404,4.2140881013940845,10.8988,0.41945,0.7938,3.30957,97,6.2044
free_medium,Tiện lợi (min Z1),1,64.2996,4.230376954825989,10.924,0.42863999999999997,0.8112,3.33045,88,6.2222
free_medium,Tiện lợi (min Z1),2,64.6592,4.261598353774669,11.0326,0.42533999999999994,0.8034,3.3562199999999995,91,6.2962
free_medium,Tiện lợi (min Z1),3,64.0256,4.189198474617192,10.8644,0.4282700000000001,0.8038,3.2843,83,6.1386
free_medium,Tiện lợi (min Z1),4,64.51,4.260343932446902,10.9902,0.43088999999999994,0.8192,3.3482800000000004,100,6.245
free_medium,Tiện lợi (min Z1),5,64.2492,4.217234918975069,10.916,0.41446000000000005,0.789,3.2902199999999997,81,6.1748
free_medium,Tiện lợi (min Z1),6,64.3116,4.192517250119624,10.8416,0.41475,0.7856,3.28966,84,6.1912
free_medium,Tiện lợi (min Z1),7,64.112,4.213160887001139,10.855,0.4199,0.8018,3.2901199999999995,76,6.1564
free_medium,Tiện lợi (min Z1),8,64.6264,4.248541108796727,11.0114,0.42023999999999995,0.8002,3.3324399999999996,90,6.2472
free_medium,Tiện lợi (min Z1),9,64.098,4.201873857273849,10.8408,0.42594000000000004,0.8072,3.2996199999999996,86,6.1628
free_medium,Tiện lợi (min Z1),10,64.2868,4.212813575700828,10.8858,0.42419000000000007,0.8042,3.2927199999999996,98,6.1666
free_medium,Tiện lợi (min Z1),11,64.4564,4.254825102852129,10.9888,0.42804,0.8116,3.339490000000001,93,6.2444
free_medium,Tiện lợi (min Z1),12,64.38,4.223223126891119,10.9372,0.41936999999999997,0.795,3.2892,95,6.1608
free_medium,Tiện lợi (min Z1),13,63.9716,4.201255489431647,10.8426,0.41225,0.7866,3.2789800000000002,104,6.1616
free_medium,Tiện lợi (min Z1),14,64.2524,4.222942339370355,10.908,0.4268,0.8056,3.32131,77,6.213
free_medium,Tiện lợi (min Z1),15,64.2452,4.19701407680283,10.8622,0.4165,0.786,3.2709,84,6.1264
free_medium,Tiện lợi (min Z1),16,64.0808,4.181689771705358,10.8446,0.42073,0.7994,3.26933,88,6.1142
free_medium,Tiện lợi (min Z1),17,64.3744,4.210391956305827,10.924,0.41873999999999995,0.7962,3.30039,94,6.1894
free_medium,Tiện lợi (min Z1),18,64.1392,4.204833092690306,10.8774,0.41525,0.7834,3.2849,99,6.1654
free_medium,Tiện lợi (min Z1),19,64.4908,4.241332040666122,10.9404,0.41483000000000003,0.7898,3.3109699999999997,93,6.203
free_medium,Tiện lợi (min Z1),20,64.5332,4.236270228314962,10.9812,0.41639,0.7928,3.32075,83,6.2384
free_medium,Tiện lợi (min Z1),21,64.1268,4.205282536229254,10.8756,0.40826,0.7716,3.2856699999999996,84,6.1724
free_medium,Tiện lợi (min Z1),22,64.148,4.201005998713177,10.853,0.42694,0.8098,3.28681,91,6.1392
free_medium,Tiện lợi (min Z1),23,63.934,4.17870844341564,10.8006,0.41689000000000004,0.798,3.27622,88,6.136
free_medium,Tiện lợi (min Z1),24,64.1596,4.2037927297168824,10.8914,0.41865,0.7962,3.2954899999999996,86,6.173
free_medium,Tiện lợi (min Z1),25,64.2596,4.212872420915321,10.8874,0.4232,0.803,3.30018,85,6.1946
free_medium,Tiện lợi (min Z1),26,64.2972,4.221185316229334,10.9164,0.42586,0.8156,3.3023100000000007,95,6.174
free_medium,Tiện lợi (min Z1),27,64.6344,4.275340238522631,11.0618,0.42181,0.8076,3.35886,93,6.3058
free_medium,Tiện lợi (min Z1),28,64.5032,4.255074361243258,11.0074,0.43172999999999995,0.818,3.32305,87,6.211
free_medium,Tiện lợi (min Z1),29,64.5052,4.24579144516989,10.986,0.42548,0.8132,3.32476,88,6.2136
free_medium,Cân bằng (điểm gối),0,64.7492,4.46439430297746,11.5328,0.5948,1.0462,3.48492,84,6.2044
free_medium,Cân bằng (điểm gối),1,64.89,4.499436064831004,11.6404,0.60101,1.062,3.50282,97,6.2222
free_medium,Cân bằng (điểm gối),2,65.084,4.528088707994722,11.7124,0.60272,1.0626,3.5336,91,6.2962
free_medium,Cân bằng (điểm gối),3,64.4208,4.41601145754662,11.4244,0.5868200000000001,1.0398,3.44285,99,6.1386
free_medium,Cân bằng (điểm gối),4,64.7392,4.493345233045098,11.5684,0.59652,1.0502,3.5139100000000005,96,6.245
free_medium,Cân bằng (điểm gối),5,64.424,4.448759567243234,11.4538,0.5826,1.0236,3.45836,85,6.1748
free_medium,Cân bằng (điểm gối),6,64.6016,4.475794980665943,11.5954,0.5970700000000001,1.0612,3.4719800000000003,85,6.1912
free_medium,Cân bằng (điểm gối),7,64.4112,4.444075111758851,11.4282,0.58162,1.024,3.4518400000000002,93,6.1564
free_medium,Cân bằng (điểm gối),8,64.9452,4.503504191833017,11.618,0.5928100000000001,1.0516,3.5050100000000004,89,6.2472
free_medium,Cân bằng (điểm gối),9,64.4516,4.45755603670138,11.483,0.59889,1.0514,3.4725699999999997,100,6.1628
free_medium,Cân bằng (điểm gối),10,64.5812,4.451308806480219,11.5246,0.5889800000000001,1.0376,3.4575099999999996,95,6.1666
free_medium,Cân bằng (điểm gối),11,64.768,4.495339874902939,11.608,0.5993700000000001,1.0586,3.5108200000000003,84,6.2444
free_medium,Cân bằng (điểm gối),12,64.6004,4.4573403324060195,11.526,0.58794,1.035,3.4577699999999996,80,6.1608
free_medium,Cân bằng (điểm gối),13,64.542,4.442901032458608,11.4654,0.57018,1.0046,3.4369100000000006,92,6.1616
free_medium,Cân bằng (điểm gối),14,64.7748,4.480454297982581,11.5522,0.5900599999999999,1.042,3.4845700000000006,89,6.213
free_medium,Cân bằng (điểm gối),15,64.5204,4.4540117725695945,11.4932,0.59047,1.0452,3.4448700000000003,96,6.1264
free_medium,Cân bằng (điểm gối),16,64.4024,4.415170585085124,11.4118,0.58395,1.0318,3.43255,101,6.1142
free_medium,Cân bằng (điểm gối),17,64.6844,4.461041126514288,11.5706,0.5942200000000001,1.042,3.4758700000000005,85,6.1894
free_medium,Cân bằng (điểm gối),18,64.3588,4.450556572875531,11.4818,0.58355,1.0282,3.4532,86,6.1654
free_medium,Cân bằng (điểm gối),19,64.7256,4.477891722246712,11.5654,0.5837200000000001,1.0306,3.4798600000000004,99,6.203
free_medium,Cân bằng (điểm gối),20,64.8284,4.4745641023959175,11.5834,0.5927600000000001,1.0482,3.49712,85,6.2384
free_medium,Cân bằng (điểm gối),21,64.488,4.439707042066712,11.471,0.58136,1.031,3.45877,106,6.1724
free_medium,Cân bằng (điểm gối),22,64.3876,4.4415882879068285,11.4676,0.59891,1.0574,3.4587799999999995,86,6.1392
free_medium,Cân bằng (điểm gối),23,64.3604,4.44398536724651,11.4802,0.5870700000000001,1.0376,3.4464,94,6.136
free_medium,Cân bằng (điểm gối),24,64.5348,4.458030392868315,11.544,0.58614,1.0402,3.4629800000000004,89,6.173
free_medium,Cân bằng (điểm gối),25,64.5304,4.463697885057678,11.5198,0.5901299999999999,1.039,3.46711,83,6.1946
free_medium,Cân bằng (điểm gối),26,64.7576,4.462212378303274,11.5482,0.59285,1.0466,3.4693,91,6.174
free_medium,Cân bằng (điểm gối),27,64.8048,4.5178466090832705,11.6204,0.58427,1.025,3.52132,87,6.3058
free_medium,Cân bằng (điểm gối),28,64.8548,4.4709873344755815,11.5612,0.58095,1.0268,3.4722699999999995,99,6.211
free_medium,Cân bằng (điểm gối),29,64.722,4.4943903474155675,11.5888,0.60095,1.0554,3.50023,90,6.2136
free_medium,Giá trị (max Z2),0,74.0532,5.821809360108446,15.4716,1.27968,2.091,4.1698,126,6.2044
free_medium,Giá trị (max Z2),1,74.04,5.7977250408804615,15.452,1.25575,2.0626,4.15756,114,6.2222
free_medium,Giá trị (max Z2),2,74.6136,5.87462028109136,15.64,1.2932,2.1144,4.224080000000001,113,6.2962
free_medium,Giá trị (max Z2),3,73.8244,5.766238797876252,15.3952,1.25981,2.0614,4.11584,112,6.1386
free_medium,Giá trị (max Z2),4,74.1704,5.837036535205616,15.5738,1.2858499999999997,2.1036,4.20324,111,6.245
free_medium,Giá trị (max Z2),5,73.91,5.802043071945398,15.4442,1.2731399999999997,2.0906,4.1489,108,6.1748
free_medium,Giá trị (max Z2),6,74.1268,5.817551544043032,15.4908,1.2736299999999998,2.0878,4.14854,107,6.1912
free_medium,Giá trị (max Z2),7,73.7572,5.774857604110902,15.3944,1.27525,2.084,4.1454699999999995,128,6.1564
free_medium,Giá trị (max Z2),8,74.3436,5.848469759325643,15.5528,1.27075,2.0862,4.18295,116,6.2472
free_medium,Giá trị (max Z2),9,73.934,5.778871235148734,15.3782,1.27581,2.0936,4.149489999999999,111,6.1628
free_medium,Giá trị (max Z2),10,73.9368,5.795386907706111,15.4604,1.27714,2.0976,4.14567,108,6.1666
free_medium,Giá trị (max Z2),11,74.168,5.8235569817941375,15.5154,1.2542399999999998,2.0564,4.16569,112,6.2444
free_medium,Giá trị (max Z2),12,73.9048,5.786206391004453,15.4658,1.28672,2.1054,4.15655,105,6.1608
free_medium,Giá trị (max Z2),13,73.9816,5.806371321139774,15.4442,1.2721099999999999,2.0838,4.13884,124,6.1616
free_medium,Giá trị (max Z2),14,74.0708,5.824099574552146,15.5146,1.27422,2.0886,4.16873,105,6.213
free_medium,Giá trị (max Z2),15,73.768,5.753823501721307,15.3316,1.2422600000000001,2.033,4.09666,114,6.1264
free_medium,Giá trị (max Z2),16,73.7612,5.758246915355333,15.366,1.2746099999999998,2.0912,4.12321,122,6.1142
free_medium,Giá trị (max Z2),17,74.0336,5.8000614710444305,15.492,1.27884,2.0928,4.16049,115,6.1894
free_medium,Giá trị (max Z2),18,73.9312,5.7914987328354055,15.4672,1.272,2.084,4.14165,106,6.1654
free_medium,Giá trị (max Z2),19,74.0424,5.812990463312332,15.4684,1.26286,2.07,4.159,113,6.203
free_medium,Giá trị (max Z2),20,74.1204,5.812775932507463,15.4932,1.26022,2.0684,4.16458,115,6.2384
free_medium,Giá trị (max Z2),21,73.866,5.789673656589719,15.418,1.28235,2.1064,4.1597599999999995,116,6.1724
free_medium,Giá trị (max Z2),22,73.6764,5.7756463156959885,15.3744,1.24015,2.0374,4.10002,115,6.1392
free_medium,Giá trị (max Z2),23,73.796,5.776771126614254,15.4134,1.2923200000000001,2.1168,4.15165,111,6.136
free_medium,Giá trị (max Z2),24,73.8536,5.779122231273064,15.3978,1.2725300000000002,2.0856,4.149369999999999,110,6.173
free_medium,Giá trị (max Z2),25,73.8928,5.799606811963303,15.4666,1.28276,2.097,4.15974,98,6.1946
free_medium,Giá trị (max Z2),26,73.9148,5.773421820146942,15.381,1.27407,2.0836,4.150519999999999,130,6.174
free_medium,Giá trị (max Z2),27,74.3056,5.863087525666489,15.6034,1.27166,2.089,4.208710000000001,108,6.3058
free_medium,Giá trị (max Z2),28,74.03,5.798016074352276,15.4834,1.27315,2.075,4.16447,115,6.211
free_medium,Giá trị (max Z2),29,74.144,5.80025646523822,15.443,1.26932,2.0838,4.1686,129,6.2136
grid_large,Hiện trạng,0,82.1836,7.841999431214933,25.2474,0.82857,1.5048,4.1935199999999995,115,7.25
grid_large,Hiện trạng,1,82.5276,7.8855499368931605,25.4374,0.83749,1.524,4.200139999999999,117,7.238
grid_large,Hiện trạng,2,82.5756,7.906685763006555,25.4512,0.8684299999999999,1.5692,4.26125,110,7.3082
grid_large,Hiện trạng,3,81.5176,7.792826359460567,25.1544,0.8297100000000001,1.5042,4.1523,106,7.1704
grid_large,Hiện trạng,4,82.8908,7.9571760929364075,25.5622,0.8471799999999999,1.5352,4.23245,121,7.2714
grid_large,Hiện trạng,5,82.3364,7.863598806263522,25.2918,0.8258200000000001,1.5068,4.176080000000001,112,7.2184
grid_large,Hiện trạng,6,82.114,7.845985986985041,25.2956,0.8298200000000001,1.5082,4.16095,135,7.2062
grid_large,Hiện trạng,7,81.9572,7.830969337298244,25.2482,0.8338,1.5238,4.16845,107,7.1848
grid_large,Hiện trạng,8,82.7812,7.925352160149181,25.5462,0.85103,1.5514,4.24147,120,7.2988
grid_large,Hiện trạng,9,82.1432,7.830629744549186,25.1636,0.8455699999999999,1.5312,4.18311,124,7.1786
grid_large,Hiện trạng,10,81.9352,7.8211824545903506,25.1778,0.8288700000000001,1.5106,4.155819999999999,117,7.179
grid_large,Hiện trạng,11,82.522,7.87214989549916,25.3346,0.84454,1.5322,4.22178,119,7.2684
grid_large,Hiện trạng,12,81.8616,7.8278640826280785,25.222,0.83234,1.5064,4.1631,143,7.1762
grid_large,Hiện trạng,13,81.7448,7.812525727537161,25.1658,0.83936,1.5306,4.16666,119,7.1808
grid_large,Hiện trạng,14,82.1092,7.819708372735777,25.1446,0.83199,1.506,4.1922,120,7.2426
grid_large,Hiện trạng,15,81.8592,7.800610995947157,25.162,0.8287599999999998,1.5118,4.14238,120,7.135
grid_large,Hiện trạng,16,81.6788,7.758533560531723,25.0368,0.8453,1.534,4.1497,137,7.1168
grid_large,Hiện trạng,17,81.9876,7.848932819325875,25.2422,0.8451699999999999,1.5352,4.1941,111,7.2228
grid_large,Hiện trạng,18,81.7588,7.789002073615708,25.0674,0.8382,1.518,4.1615,127,7.1718
grid_large,Hiện trạng,19,82.2288,7.871797888394003,25.3764,0.82131,1.4878,4.19035,122,7.2438
grid_large,Hiện trạng,20,82.5608,7.878169827661048,25.4482,0.8424800000000001,1.5314,4.220059999999999,120,7.2784
grid_large,Hiện trạng,21,82.0232,7.868465737323154,25.3548,0.8306400000000002,1.5134,4.18036,123,7.211
grid_large,Hiện trạng,22,81.7676,7.781432596133815,25.1562,0.8234699999999999,1.4928,4.130330000000001,111,7.1264
grid_large,Hiện trạng,23,81.7184,7.758506337346884,25.066,0.81807,1.4858,4.14525,113,7.1666
grid_large,Hiện trạng,24,82.0544,7.8443197514281655,25.2926,0.85308,1.5468,4.19761,129,7.1982
grid_large,Hiện trạng,25,81.944,7.805737722728919,25.2366,0.81711,1.4848,4.14912,117,7.2006
grid_large,Hiện trạng,26,82.3136,7.850558339489807,25.2932,0.83821,1.5278,4.18316,120,7.208
grid_large,Hiện trạng,27,82.9308,7.947892622253396,25.6014,0.83773,1.5266,4.26485,124,7.3764
grid_large,Hiện trạng,28,82.3064,7.835052127101354,25.208,0.8270700000000001,1.5036,4.18577,125,7.235
grid_large,Hiện trạng,29,82.3968,7.86504042724093,25.3086,0.85077,1.5486,4.21616,131,7.235
grid_large,Tiện lợi (min Z1),0,70.3868,6.833862660411847,21.0774,0.60195,1.165,3.9669,86,7.25
grid_large,Tiện lợi (min Z1),1,70.5828,6.854072132282017,21.1662,0.60311,1.1762,3.9657600000000004,90,7.238
grid_large,Tiện lợi (min Z1),2,70.7848,6.877301634541714,21.192,0.60285,1.176,3.9956699999999996,102,7.3082
grid_large,Tiện lợi (min Z1),3,69.7592,6.77214572491346,20.9096,0.6092800000000002,1.1826,3.9318699999999995,92,7.1704
grid_large,Tiện lợi (min Z1),4,70.5476,6.8570950932305745,21.1074,0.60761,1.184,3.9928800000000004,109,7.2714
grid_large,Tiện lợi (min Z1),5,70.0248,6.806429296910502,20.9982,0.60444,1.1764,3.9547,96,7.2184
grid_large,Tiện lợi (min Z1),6,70.0588,6.800220586252664,20.9488,0.60278,1.1654,3.93391,94,7.2062
grid_large,Tiện lợi (min Z1),7,70.0224,6.806723117941575,20.9866,0.5898899999999999,1.139,3.9245399999999995,101,7.1848
grid_large,Tiện lợi (min Z1),8,70.6564,6.892393326096854,21.2574,0.61124,1.1884,4.00168,104,7.2988
grid_large,Tiện lợi (min Z1),9,70.422,6.842743243330703,21.1412,0.61598,1.196,3.9535199999999997,90,7.1786
grid_large,Tiện lợi (min Z1),10,70.1272,6.783357772135643,21.0138,0.59995,1.1666,3.9269,81,7.179
grid_large,Tiện lợi (min Z1),11,70.33,6.834714952152662,21.0804,0.59889,1.1652,3.9761300000000004,100,7.2684
grid_large,Tiện lợi (min Z1),12,70.1624,6.798933598388797,20.9872,0.5948599999999999,1.156,3.92562,101,7.1762
grid_large,Tiện lợi (min Z1),13,70.0584,6.779600055438542,20.9578,0.60939,1.1874,3.93669,85,7.1808
grid_large,Tiện lợi (min Z1),14,70.0008,6.80839088321735,20.9746,0.60892,1.1766,3.9691300000000003,87,7.2426
grid_large,Tiện lợi (min Z1),15,70.054,6.806369871972762,21.0302,0.60286,1.17,3.9164800000000004,96,7.135
grid_large,Tiện lợi (min Z1),16,69.8112,6.766506660871735,20.921,0.5875199999999999,1.142,3.89192,91,7.1168
grid_large,Tiện lợi (min Z1),17,70.1456,6.797332248986166,21.0164,0.6068899999999999,1.1672,3.9558199999999997,100,7.2228
grid_large,Tiện lợi (min Z1),18,70.0396,6.807807593356292,20.9816,0.59937,1.1658,3.9226699999999997,94,7.1718
grid_large,Tiện lợi (min Z1),19,70.4864,6.832601868570538,21.078,0.59275,1.1448,3.9617899999999993,101,7.2438
grid_large,Tiện lợi (min Z1),20,70.6804,6.838146372601317,21.1482,0.5986100000000001,1.167,3.9761900000000003,87,7.2784
grid_large,Tiện lợi (min Z1),21,70.5072,6.844631158161344,21.0872,0.6072799999999999,1.172,3.957,95,7.211
grid_large,Tiện lợi (min Z1),22,69.844,6.771364076769937,20.914,0.58635,1.1364,3.89321,97,7.1264
grid_large,Tiện lợi (min Z1),23,69.9656,6.774740308916734,20.948,0.5946799999999999,1.1572,3.9218600000000006,88,7.1666
grid_large,Tiện lợi (min Z1),24,70.2692,6.797871463135097,20.9622,0.5964,1.1546,3.9409300000000003,98,7.1982
grid_large,Tiện lợi (min Z1),25,70.1528,6.8094962247310775,21.0446,0.61274,1.1858,3.94475,91,7.2006
grid_large,Tiện lợi (min Z1),26,70.2728,6.844824509733277,21.1088,0.6068600000000001,1.1776,3.95181,91,7.208
grid_large,Tiện lợi (min Z1),27,70.5924,6.87508869764579,21.2086,0.60178,1.1688,4.0289,94,7.3764
grid_large,Tiện lợi (min Z1),28,70.4424,6.82261509030155,21.1068,0.60336,1.172,3.9620599999999997,99,7.235
grid_large,Tiện lợi (min Z1),29,70.708,6.846266047846452,21.174,0.61607,1.1946,3.9814599999999998,102,7.235
grid_large,Cân bằng (điểm gối),0,72.5264,7.127583148173868,22.0416,0.83525,1.4022,4.2002,110,7.25
grid_large,Cân bằng (điểm gối),1,72.9052,7.138611851536874,22.1478,0.8215600000000001,1.3752,4.18421,122,7.238
grid_large,Cân bằng (điểm gối),2,72.9108,7.166437314114058,22.172,0.82125,1.3826,4.2140699999999995,95,7.3082
grid_large,Cân bằng (điểm gối),3,71.9224,7.054462363475612,21.8192,0.8392299999999999,1.4054,4.16182,101,7.1704
grid_large,Cân bằng (điểm gối),4,72.6692,7.1468068129274736,22.0958,0.8284799999999999,1.3898,4.21375,96,7.2714
grid_large,Cân bằng (điểm gối),5,72.2236,7.09462892856165,21.9318,0.8302700000000001,1.3814,4.180529999999999,104,7.2184
grid_large,Cân bằng (điểm gối),6,72.2552,7.09812253083368,21.8972,0.82006,1.3638,4.15119,109,7.2062
grid_large,Cân bằng (điểm gối),7,72.3816,7.104988510740409,22.0098,0.8231700000000001,1.381,4.15782,98,7.1848
grid_large,Cân bằng (điểm gối),8,72.774,7.184379921671517,22.1556,0.8431599999999999,1.4064,4.2336,104,7.2988
grid_large,Cân bằng (điểm gối),9,72.5024,7.11910865833807,21.9922,0.8452200000000001,1.4092,4.18276,111,7.1786
grid_large,Cân bằng (điểm gối),10,72.1612,7.0641241981360245,21.8968,0.82911,1.397,4.15606,98,7.179
grid_large,Cân bằng (điểm gối),11,72.4276,7.108249630865231,22.0068,0.8266100000000001,1.3796,4.20385,104,7.2684
grid_large,Cân bằng (điểm gối),12,72.2444,7.083591284521827,21.9272,0.82144,1.3822,4.1522,126,7.1762
grid_large,Cân bằng (điểm gối),13,72.174,7.084221446674487,21.9712,0.82449,1.378,4.151789999999999,108,7.1808
grid_large,Cân bằng (điểm gối),14,72.0584,7.072955935825807,21.8846,0.8252099999999999,1.3768,4.18542,111,7.2426
grid_large,Cân bằng (điểm gối),15,72.2416,7.065440788213829,21.9164,0.82726,1.386,4.14088,99,7.135
grid_large,Cân bằng (điểm gối),16,72.0152,7.05492754856986,21.8718,0.8124899999999999,1.3568,4.11689,112,7.1168
grid_large,Cân bằng (điểm gối),17,72.3544,7.101149714481076,22.0126,0.8367700000000001,1.4018,4.1857,100,7.2228
grid_large,Cân bằng (điểm gối),18,72.0056,7.082858496648608,21.9044,0.82595,1.3854,4.14925,98,7.1718
grid_large,Cân bằng (điểm gối),19,72.7116,7.124615191277652,22.083,0.83281,1.3898,4.20185,95,7.2438
grid_large,Cân bằng (điểm gối),20,72.8448,7.1455398923994915,22.1394,0.82778,1.3834,4.20536,117,7.2784
grid_large,Cân bằng (điểm gối),21,72.5424,7.134648805464272,21.9994,0.8332099999999999,1.3952,4.182930000000001,113,7.211
grid_large,Cân bằng (điểm gối),22,72.0452,7.0618859874528495,21.8248,0.8339200000000001,1.3928,4.14078,99,7.1264
grid_large,Cân bằng (điểm gối),23,72.1452,7.0799029479901625,21.8996,0.8330299999999999,1.3854,4.16021,97,7.1666
grid_large,Cân bằng (điểm gối),24,72.3608,7.098397178217012,21.9528,0.8234799999999999,1.375,4.168010000000001,101,7.1982
grid_large,Cân bằng (điểm gối),25,72.3392,7.095821561557881,22.0114,0.8292299999999999,1.3794,4.161239999999999,102,7.2006
grid_large,Cân bằng (điểm gối),26,72.4856,7.101774497364886,21.9914,0.8221,1.3784,4.16705,101,7.208
grid_large,Cân bằng (điểm gối),27,72.8976,7.193721364012062,22.2112,0.8196899999999999,1.373,4.24681,94,7.3764
grid_large,Cân bằng (điểm gối),28,72.4928,7.106666165077353,22.0254,0.8304599999999999,1.3848,4.18916,109,7.235
grid_large,Cân bằng (điểm gối),29,72.6088,7.117885780637125,22.0656,0.82634,1.3886,4.19173,103,7.235
grid_large,Giá trị (max Z2),0,90.0232,8.128988622849475,24.0984,1.0029,1.6954,4.36785,155,7.25
grid_large,Giá trị (max Z2),1,89.4556,8.09369351382184,23.9124,1.01965,1.7172,4.3823,145,7.238
grid_large,Giá trị (max Z2),2,90.136,8.126118933188097,24.052,1.0090399999999997,1.6958,4.401860000000001,129,7.3082
grid_large,Giá trị (max Z2),3,89.588,8.091971532970923,23.9068,1.00931,1.691,4.3319,143,7.1704
grid_large,Giá trị (max Z2),4,89.972,8.124189567767424,24.0018,1.01536,1.7118,4.4006300000000005,149,7.2714
grid_large,Giá trị (max Z2),5,89.7444,8.116440257450908,23.9676,0.9958100000000001,1.6824,4.34607,126,7.2184
grid_large,Giá trị (max Z2),6,89.5024,8.077747660019465,23.8452,0.9967299999999999,1.68,4.32786,150,7.2062
grid_large,Giá trị (max Z2),7,89.1968,8.045356400650242,23.8336,0.99387,1.6736,4.32852,141,7.1848
grid_large,Giá trị (max Z2),8,90.16,8.181217260773721,24.149,1.0163200000000001,1.7096,4.40676,129,7.2988
grid_large,Giá trị (max Z2),9,89.2476,8.05818725566137,23.8528,1.03085,1.7268,4.36839,140,7.1786
grid_large,Giá trị (max Z2),10,89.178,8.031027841631426,23.8474,1.00757,1.7026,4.3345199999999995,115,7.179
grid_large,Giá trị (max Z2),11,90.14,8.096148440982022,24.0072,1.0079300000000002,1.6916,4.38517,141,7.2684
grid_large,Giá trị (max Z2),12,89.5168,8.075257357372003,23.9036,0.9978299999999999,1.6914,4.32859,142,7.1762
grid_large,Giá trị (max Z2),13,89.2428,8.046016414248951,23.7464,1.00609,1.6896,4.3333900000000005,139,7.1808
grid_large,Giá trị (max Z2),14,89.8068,8.123629300764696,23.9702,1.0026599999999999,1.6934,4.36287,153,7.2426
grid_large,Giá trị (max Z2),15,88.9952,8.004193176075885,23.76,0.98635,1.6638,4.29997,144,7.135
grid_large,Giá trị (max Z2),16,89.3308,8.027899735684365,23.79,1.00227,1.681,4.3066699999999996,140,7.1168
grid_large,Giá trị (max Z2),17,89.5744,8.068475468969217,23.9374,1.01404,1.697,4.36297,142,7.2228
grid_large,Giá trị (max Z2),18,89.236,8.053402263326062,23.8322,0.9892799999999999,1.667,4.3125800000000005,139,7.1718
grid_large,Giá trị (max Z2),19,89.602,8.113328735232292,23.9974,1.0002099999999998,1.6904,4.36925,130,7.2438
grid_large,Giá trị (max Z2),20,90.0004,8.120604056839667,24.086,1.01893,1.7174,4.39651,132,7.2784
grid_large,Giá trị (max Z2),21,89.6108,8.095657043307286,23.9436,1.00921,1.6886,4.35893,145,7.211
grid_large,Giá trị (max Z2),22,89.0452,8.034824678695665,23.8028,0.9901700000000001,1.6778,4.29703,117,7.1264
grid_large,Giá trị (max Z2),23,88.9768,8.013609272110212,23.673,1.00498,1.6856,4.33216,127,7.1666
grid_large,Giá trị (max Z2),24,89.5652,8.096757387743844,23.9446,1.03184,1.7336,4.37637,144,7.1982
grid_large,Giá trị (max Z2),25,89.6864,8.092730730658955,23.9874,1.00316,1.6912,4.33517,126,7.2006
grid_large,Giá trị (max Z2),26,89.8032,8.074526795434474,23.9904,1.0033599999999998,1.696,4.34831,150,7.208
grid_large,Giá trị (max Z2),27,90.642,8.20682989849894,24.2686,1.02709,1.7222,4.45421,142,7.3764
grid_large,Giá trị (max Z2),28,89.8712,8.114737551626202,24.0614,1.01004,1.6974,4.36874,150,7.235
grid_large,Giá trị (max Z2),29,89.774,8.100243433956155,24.0266,1.00461,1.7038,4.37,147,7.235
racetrack_large,Hiện trạng,0,95.0212,8.682511994362821,27.4588,0.8452,1.4886,4.21015,135,7.25
racetrack_large,Hiện trạng,1,95.206,8.694999164098176,27.554,0.86201,1.5114,4.22466,159,7.238
racetrack_large,Hiện trạng,2,95.8896,8.774816932259855,27.7726,0.88579,1.5506,4.27861,129,7.3082
racetrack_large,Hiện trạng,3,94.4032,8.629927544580433,27.2218,0.86526,1.5224,4.18785,139,7.1704
racetrack_large,Hiện trạng,4,95.3484,8.718615001470091,27.4556,0.8474599999999999,1.4884,4.23273,157,7.2714
racetrack_large,Hiện trạng,5,94.966,8.650997166481615,27.3306,0.8541200000000001,1.5012,4.20438,135,7.2184
racetrack_large,Hiện trạng,6,95.1988,8.668327662897001,27.4056,0.8448700000000001,1.491,4.176,140,7.2062
racetrack_large,Hiện trạng,7,94.5856,8.593368103562813,27.1456,0.8402700000000001,1.4766,4.17492,139,7.1848
racetrack_large,Hiện trạng,8,95.6016,8.734504521559733,27.4936,0.8573400000000001,1.5142,4.2477800000000006,150,7.2988
racetrack_large,Hiện trạng,9,94.7112,8.613337312273167,27.1448,0.8584199999999998,1.5206,4.19596,146,7.1786
racetrack_large,Hiện trạng,10,94.936,8.624879736701876,27.2954,0.85493,1.5114,4.18188,129,7.179
racetrack_large,Hiện trạng,11,95.2316,8.670117823915948,27.3498,0.85575,1.501,4.23299,160,7.2684
racetrack_large,Hiện trạng,12,94.5996,8.63568316441816,27.2488,0.8456199999999999,1.4772,4.17638,144,7.1762
racetrack_large,Hiện trạng,13,94.6336,8.653618230723183,27.3346,0.8686199999999998,1.5262,4.19592,139,7.1808
racetrack_large,Hiện trạng,14,95.038,8.685980699715138,27.384,0.8591499999999999,1.5088,4.21936,144,7.2426
racetrack_large,Hiện trạng,15,94.272,8.606754521181735,27.2416,0.8590199999999999,1.5036,4.1726399999999995,139,7.135
racetrack_large,Hiện trạng,16,94.3856,8.592170532840562,27.142,0.8426899999999998,1.4798,4.14709,153,7.1168
racetrack_large,Hiện trạng,17,95.0296,8.664549212003129,27.4072,0.8599199999999999,1.5054,4.20885,130,7.2228
racetrack_large,Hiện trạng,18,94.4136,8.618998668568745,27.2148,0.8527299999999999,1.507,4.17603,140,7.1718
racetrack_large,Hiện trạng,19,94.8604,8.650697467846772,27.3844,0.8515299999999999,1.4962,4.22057,138,7.2438
racetrack_large,Hiện trạng,20,95.4048,8.701388399760056,27.62,0.86029,1.5124,4.23787,143,7.2784
racetrack_large,Hiện trạng,21,94.8352,8.66290752353533,27.2746,0.8620400000000001,1.5086,4.21176,139,7.211
racetrack_large,Hiện trạng,22,94.4076,8.602633653829573,27.237,0.85377,1.505,4.16063,156,7.1264
racetrack_large,Hiện trạng,23,94.5112,8.580946376230893,27.195,0.8576299999999999,1.51,4.18481,144,7.1666
racetrack_large,Hiện trạng,24,94.9328,8.681152428593064,27.4506,0.86744,1.5252,4.21197,139,7.1982
racetrack_large,Hiện trạng,25,94.782,8.622933753106322,27.2776,0.8630399999999999,1.5156,4.19505,142,7.2006
racetrack_large,Hiện trạng,26,94.7492,8.642744065960176,27.2676,0.86095,1.513,4.2059,145,7.208
racetrack_large,Hiện trạng,27,95.5628,8.779701980334183,27.7304,0.8704099999999999,1.5312,4.29753,129,7.3764
racetrack_large,Hiện trạng,28,95.0556,8.69539413056026,27.4672,0.8583700000000001,1.5082,4.2170700000000005,139,7.235
racetrack_large,Hiện trạng,29,94.9152,8.664821306453534,27.2912,0.86215,1.5256,4.227539999999999,146,7.235
racetrack_large,Tiện lợi (min Z1),0,73.602,7.817013827633171,25.6538,0.73883,1.3828,4.10378,99,7.25
racetrack_large,Tiện lợi (min Z1),1,73.8244,7.821429945683924,25.6924,0.733,1.3666,4.09565,115,7.238
racetrack_large,Tiện lợi (min Z1),2,73.7844,7.855923799583427,25.6994,0.73926,1.3764,4.13208,107,7.3082
racetrack_large,Tiện lợi (min Z1),3,72.9948,7.76280416861531,25.474,0.7289100000000001,1.3554,4.0515,106,7.1704
racetrack_large,Tiện lợi (min Z1),4,73.7216,7.838033411509404,25.7028,0.7388,1.3798,4.12407,129,7.2714
racetrack_large,Tiện lợi (min Z1),5,73.4048,7.825602793689552,25.6536,0.75702,1.4084,4.10728,99,7.2184
racetrack_large,Tiện lợi (min Z1),6,73.3676,7.791810511641661,25.5446,0.7417199999999999,1.386,4.07285,117,7.2062
racetrack_large,Tiện lợi (min Z1),7,73.276,7.7655958651949275,25.4614,0.72422,1.3534,4.058870000000001,112,7.1848
racetrack_large,Tiện lợi (min Z1),8,73.6732,7.864573159769558,25.7488,0.73307,1.3776,4.12351,117,7.2988
racetrack_large,Tiện lợi (min Z1),9,73.4348,7.7842713192809025,25.537,0.7556900000000001,1.4094,4.09323,116,7.1786
racetrack_large,Tiện lợi (min Z1),10,73.1968,7.752143981857145,25.4446,0.73856,1.3726,4.065510000000001,112,7.179
racetrack_large,Tiện lợi (min Z1),11,73.4376,7.823324531508864,25.6054,0.7419,1.3792,4.11914,119,7.2684
racetrack_large,Tiện lợi (min Z1),12,73.2396,7.752495021417262,25.4444,0.7372200000000001,1.3678,4.06798,107,7.1762
racetrack_large,Tiện lợi (min Z1),13,73.0476,7.768109453807448,25.4728,0.74042,1.3738,4.06772,132,7.1808
racetrack_large,Tiện lợi (min Z1),14,73.442,7.812565454330913,25.646,0.74407,1.3868,4.10428,121,7.2426
racetrack_large,Tiện lợi (min Z1),15,73.3052,7.76611929365099,25.4848,0.74229,1.377,4.055910000000001,106,7.135
racetrack_large,Tiện lợi (min Z1),16,73.0016,7.7491472877185155,25.4148,0.74035,1.3852,4.04475,114,7.1168
racetrack_large,Tiện lợi (min Z1),17,73.2644,7.77628570876171,25.512,0.73187,1.3672,4.0808,108,7.2228
racetrack_large,Tiện lợi (min Z1),18,73.0384,7.745528900175281,25.3772,0.73235,1.3702,4.05565,111,7.1718
racetrack_large,Tiện lợi (min Z1),19,73.6312,7.817648073902106,25.6202,0.7176600000000001,1.3384,4.0867,108,7.2438
racetrack_large,Tiện lợi (min Z1),20,73.7176,7.830818093300014,25.7216,0.73614,1.3676,4.11372,127,7.2784
racetrack_large,Tiện lợi (min Z1),21,73.3904,7.79184663880913,25.5498,0.73665,1.3768,4.08637,117,7.211
racetrack_large,Tiện lợi (min Z1),22,73.0332,7.7390747363770265,25.4096,0.73545,1.3768,4.042309999999999,108,7.1264
racetrack_large,Tiện lợi (min Z1),23,73.1036,7.7755658767207585,25.4684,0.74845,1.3924,4.07563,121,7.1666
racetrack_large,Tiện lợi (min Z1),24,73.3664,7.776814885756249,25.5618,0.7465,1.3928,4.09103,101,7.1982
racetrack_large,Tiện lợi (min Z1),25,73.4848,7.773578962176357,25.5102,0.73419,1.3672,4.0662,106,7.2006
racetrack_large,Tiện lợi (min Z1),26,73.4984,7.818223628658612,25.6292,0.75172,1.4038,4.09667,112,7.208
racetrack_large,Tiện lợi (min Z1),27,73.8264,7.866309917028893,25.7568,0.73025,1.3554,4.157369999999999,114,7.3764
racetrack_large,Tiện lợi (min Z1),28,73.6644,7.813397705123584,25.6368,0.7245799999999999,1.3604,4.08328,115,7.235
racetrack_large,Tiện lợi (min Z1),29,73.5784,7.821994028567901,25.644,0.74282,1.3818,4.10821,113,7.235
racetrack_large,Cân bằng (điểm gối),0,76.7692,8.208681723546185,25.777,0.9580299999999999,1.6156,4.32298,118,7.25
racetrack_large,Cân bằng (điểm gối),1,76.9396,8.239109544899536,25.7796,0.96404,1.6274,4.326689999999999,102,7.238
racetrack_large,Cân bằng (điểm gối),2,77.0904,8.25397983331074,25.848,0.97103,1.6292,4.36385,116,7.3082
racetrack_large,Cân bằng (điểm gối),3,76.186,8.165996993259965,25.5666,0.96764,1.6222,4.29023,117,7.1704
racetrack_large,Cân bằng (điểm gối),4,77.1204,8.270263448496436,25.861,0.9575799999999999,1.616,4.34285,106,7.2714
racetrack_large,Cân bằng (điểm gối),5,76.6196,8.22991404299043,25.737,0.97355,1.652,4.32381,119,7.2184
racetrack_large,Cân bằng (điểm gối),6,76.4928,8.213496098497428,25.6812,0.95626,1.6064,4.287389999999999,128,7.2062
racetrack_large,Cân bằng (điểm gối),7,76.3644,8.181152298793645,25.6436,0.9666100000000001,1.6254,4.30126,115,7.1848
racetrack_large,Cân bằng (điểm gối),8,77.1264,8.282360876677153,25.8906,0.97806,1.6512,4.3685,113,7.2988
racetrack_large,Cân bằng (điểm gối),9,76.4308,8.192807380398976,25.5908,0.97635,1.6472,4.31389,130,7.1786
racetrack_large,Cân bằng (điểm gối),10,76.3008,8.163524147060869,25.6012,0.9470799999999999,1.5966,4.274030000000001,124,7.179
racetrack_large,Cân bằng (điểm gối),11,76.632,8.222894955763282,25.7104,0.9515399999999999,1.6026,4.328779999999999,122,7.2684
racetrack_large,Cân bằng (điểm gối),12,76.2736,8.138478588528544,25.5114,0.94186,1.5908,4.27262,116,7.1762
racetrack_large,Cân bằng (điểm gối),13,76.276,8.188901046810754,25.6288,0.9784299999999999,1.6416,4.3057300000000005,107,7.1808
racetrack_large,Cân bằng (điểm gối),14,76.5564,8.216395581215032,25.6824,0.95244,1.609,4.31265,107,7.2426
racetrack_large,Cân bằng (điểm gối),15,76.5592,8.185688092656857,25.689,0.9723200000000001,1.6338,4.28594,118,7.135
racetrack_large,Cân bằng (điểm gối),16,75.996,8.133101832323062,25.473,0.9449700000000001,1.595,4.24937,110,7.1168
racetrack_large,Cân bằng (điểm gối),17,76.7932,8.252464205768078,25.8774,0.96678,1.6266,4.31571,120,7.2228
racetrack_large,Cân bằng (điểm gối),18,76.2824,8.210894008888474,25.6338,0.9718099999999998,1.6382,4.29511,130,7.1718
racetrack_large,Cân bằng (điểm gối),19,76.872,8.211308056305677,25.7644,0.93815,1.5768,4.30719,111,7.2438
racetrack_large,Cân bằng (điểm gối),20,77.0276,8.246235284348359,25.8044,0.95826,1.6252,4.33584,107,7.2784
racetrack_large,Cân bằng (điểm gối),21,76.7996,8.21846638481859,25.7144,0.94976,1.5964,4.29948,118,7.211
racetrack_large,Cân bằng (điểm gối),22,76.0288,8.121033228006654,25.4044,0.9542700000000001,1.6098,4.2611300000000005,125,7.1264
racetrack_large,Cân bằng (điểm gối),23,76.302,8.183128480869629,25.6136,0.97031,1.6386,4.29749,133,7.1666
racetrack_large,Cân bằng (điểm gối),24,76.5552,8.190733442237326,25.674,0.9687400000000002,1.6348,4.313269999999999,109,7.1982
racetrack_large,Cân bằng (điểm gối),25,76.4284,8.167716500115901,25.6124,0.93804,1.5828,4.27005,114,7.2006
racetrack_large,Cân bằng (điểm gối),26,76.6844,8.210724324590307,25.7482,0.9660700000000001,1.634,4.31102,114,7.208
racetrack_large,Cân bằng (điểm gối),27,77.0012,8.237074076372476,25.77,0.95176,1.6072,4.37888,117,7.3764
racetrack_large,Cân bằng (điểm gối),28,76.9632,8.255585564530879,25.8606,0.94221,1.596,4.30091,123,7.235
racetrack_large,Cân bằng (điểm gối),29,76.6028,8.206461698050314,25.7176,0.96335,1.6172,4.32874,129,7.235
racetrack_large,Giá trị (max Z2),0,94.29,8.998298534566116,28.7424,1.0749100000000003,1.7942,4.4398599999999995,115,7.25
racetrack_large,Giá trị (max Z2),1,94.4076,9.001388233688157,28.7404,1.05881,1.7762,4.42146,128,7.238
racetrack_large,Giá trị (max Z2),2,94.5124,9.002445126916761,28.6806,1.0654,1.7824,4.45822,101,7.3082
racetrack_large,Giá trị (max Z2),3,93.3716,8.874917849509904,28.3254,1.0376,1.7324,4.360189999999999,121,7.1704
racetrack_large,Giá trị (max Z2),4,94.0612,8.965586070339796,28.5924,1.0529300000000001,1.7626,4.4382,117,7.2714
racetrack_large,Giá trị (max Z2),5,94.254,9.00090071254511,28.7372,1.06271,1.7722,4.41297,119,7.2184
racetrack_large,Giá trị (max Z2),6,93.8692,8.931357459884756,28.475,1.0425,1.7508,4.37363,139,7.2062
racetrack_large,Giá trị (max Z2),7,93.4032,8.905453525016068,28.4288,1.04697,1.7476,4.38162,118,7.1848
racetrack_large,Giá trị (max Z2),8,94.3804,9.031793115097006,28.7386,1.07507,1.7932,4.465510000000001,108,7.2988
racetrack_large,Giá trị (max Z2),9,93.6276,8.93881269055993,28.45,1.0610700000000002,1.7732,4.39861,123,7.1786
racetrack_large,Giá trị (max Z2),10,93.6688,8.89413937597358,28.4998,1.04862,1.7542,4.37557,128,7.179
racetrack_large,Giá trị (max Z2),11,94.3308,9.026855695331168,28.781,1.06154,1.7822,4.4387799999999995,117,7.2684
racetrack_large,Giá trị (max Z2),12,93.8124,8.903662437638555,28.4204,1.0634099999999997,1.7748,4.39417,129,7.1762
racetrack_large,Giá trị (max Z2),13,93.4976,8.899017046830167,28.4608,1.03465,1.736,4.36195,105,7.1808
racetrack_large,Giá trị (max Z2),14,94.0064,8.974846254335342,28.633,1.06077,1.7776,4.42098,106,7.2426
racetrack_large,Giá trị (max Z2),15,93.492,8.916859262522467,28.4476,1.0402200000000001,1.7326,4.35384,122,7.135
racetrack_large,Giá trị (max Z2),16,93.4844,8.881498452396565,28.3902,1.04845,1.7524,4.35285,120,7.1168
racetrack_large,Giá trị (max Z2),17,93.8832,8.936511461602562,28.4966,1.05549,1.7658,4.40442,118,7.2228
racetrack_large,Giá trị (max Z2),18,93.8036,8.951397129979007,28.5408,1.0593599999999999,1.766,4.3826600000000004,131,7.1718
racetrack_large,Giá trị (max Z2),19,94.062,8.963773941333624,28.62,1.07021,1.7938,4.43925,124,7.2438
racetrack_large,Giá trị (max Z2),20,94.622,9.008973018527671,28.809,1.05225,1.7636,4.42983,122,7.2784
racetrack_large,Giá trị (max Z2),21,93.9016,8.961401372305712,28.5812,1.06559,1.7834,4.41531,131,7.211
racetrack_large,Giá trị (max Z2),22,94.0316,8.929944189314142,28.5386,1.05923,1.7724,4.36609,120,7.1264
racetrack_large,Giá trị (max Z2),23,93.4784,8.893254319684912,28.396,1.07103,1.7784,4.39821,110,7.1666
racetrack_large,Giá trị (max Z2),24,94.1592,8.932188383721817,28.546,1.0652100000000002,1.7808,4.40974,128,7.1982
racetrack_large,Giá trị (max Z2),25,93.6268,8.911867361655167,28.5244,1.0581,1.76,4.39011,114,7.2006
racetrack_large,Giá trị (max Z2),26,93.912,8.943383025502285,28.6014,1.06475,1.7812,4.4097,116,7.208
racetrack_large,Giá trị (max Z2),27,94.9464,9.07898176065766,28.9302,1.082,1.8058,4.509119999999999,126,7.3764
racetrack_large,Giá trị (max Z2),28,94.3096,9.001454338843693,28.7332,1.0578599999999998,1.7644,4.41656,116,7.235
racetrack_large,Giá trị (max Z2),29,94.1288,8.972550272546549,28.6934,1.0716700000000001,1.7824,4.437060000000001,121,7.235
free_large,Hiện trạng,0,116.0324,8.754665878148424,25.5074,0.84391,1.531,4.20886,109,7.25
free_large,Hiện trạng,1,115.4296,8.734021127504434,25.5518,0.8366299999999999,1.5208,4.19928,118,7.238
free_large,Hiện trạng,2,116.4176,8.840943636798114,25.748,0.85144,1.5528,4.24426,105,7.3082
free_large,Hiện trạng,3,114.9796,8.699940783153703,25.3526,0.8371799999999999,1.5192,4.15977,102,7.1704
free_large,Hiện trạng,4,115.7108,8.770920609008652,25.5982,0.8472200000000001,1.5296,4.23249,101,7.2714
free_large,Hiện trạng,5,115.6624,8.728514657206949,25.4404,0.8409700000000001,1.5274,4.19123,119,7.2184
free_large,Hiện trạng,6,115.5828,8.714731804640909,25.3086,0.8169099999999999,1.4846,4.148039999999999,105,7.2062
free_large,Hiện trạng,7,115.0152,8.67824364696427,25.291,0.8262100000000002,1.5058,4.1608600000000004,122,7.1848
free_large,Hiện trạng,8,115.8592,8.80174615912913,25.6268,0.8516599999999999,1.5472,4.2421,126,7.2988
free_large,Hiện trạng,9,115.2132,8.681549219573878,25.2246,0.85772,1.5586,4.19526,98,7.1786
free_large,Hiện trạng,10,115.1776,8.667768779967473,25.2442,0.8390400000000001,1.5226,4.16599,103,7.179
free_large,Hiện trạng,11,116.04,8.770091632100524,25.5678,0.84457,1.532,4.22181,142,7.2684
free_large,Hiện trạng,12,115.5248,8.733996740281281,25.4178,0.83725,1.5224,4.168009999999999,140,7.1762
free_large,Hiện trạng,13,114.8696,8.689311887082557,25.3252,0.83647,1.5064,4.1637699999999995,92,7.1808
free_large,Hiện trạng,14,115.5036,8.712973105414283,25.3498,0.83041,1.5124,4.19062,108,7.2426
free_large,Hiện trạng,15,115.6728,8.700729956248924,25.3634,0.84296,1.5318,4.15658,116,7.135
free_large,Hiện trạng,16,115.0964,8.661306054828554,25.2944,0.8478199999999999,1.528,4.15222,124,7.1168
free_large,Hiện trạng,17,115.4564,8.723135338751897,25.4726,0.8464799999999999,1.5378,4.195409999999999,116,7.2228
free_large,Hiện trạng,18,115.0108,8.711144447629652,25.3564,0.8519899999999999,1.5386,4.17529,101,7.1718
free_large,Hiện trạng,19,115.574,8.767901021279984,25.6008,0.8388700000000001,1.5162,4.20791,137,7.2438
free_large,Hiện trạng,20,116.1412,8.769494244858898,25.62,0.8385800000000001,1.519,4.2161599999999995,124,7.2784
free_large,Hiện trạng,21,115.3692,8.707597196115245,25.2888,0.8371,1.5152,4.18682,114,7.211
free_large,Hiện trạng,22,114.9332,8.646162770440245,25.221,0.8228700000000001,1.4988,4.12973,136,7.1264
free_large,Hiện trạng,23,114.8836,8.624028817424083,25.0816,0.8355799999999999,1.5088,4.1627600000000005,109,7.1666
free_large,Hiện trạng,24,115.4404,8.718121987708743,25.4572,0.84183,1.5276,4.18636,114,7.1982
free_large,Hiện trạng,25,115.5168,8.730286411865176,25.513,0.8459399999999999,1.5286,4.17795,121,7.2006
free_large,Hiện trạng,26,115.296,8.697357114250797,25.352,0.8361799999999999,1.5134,4.1811300000000005,115,7.208
free_large,Hiện trạng,27,116.3548,8.850223327035318,25.8942,0.83586,1.516,4.262980000000001,104,7.3764
free_large,Hiện trạng,28,115.708,8.737553069766694,25.493,0.8368899999999999,1.5192,4.195589999999999,109,7.235
free_large,Hiện trạng,29,115.8716,8.769682865919453,25.5402,0.8457399999999999,1.5322,4.211130000000001,113,7.235
free_large,Tiện lợi (min Z1),0,99.096,7.848328899906905,23.6478,0.6812600000000001,1.2814,4.04621,83,7.25
free_large,Tiện lợi (min Z1),1,99.2728,7.87810219428415,23.714,0.69106,1.3024,4.053710000000001,99,7.238
free_large,Tiện lợi (min Z1),2,99.62,7.912583913486801,23.7956,0.68554,1.2896,4.07836,98,7.3082
free_large,Tiện lợi (min Z1),3,98.3396,7.789472860483284,23.443,0.6684700000000001,1.2646,3.99106,92,7.1704
free_large,Tiện lợi (min Z1),4,99.3648,7.91142084976318,23.7862,0.6883799999999999,1.2948,4.073649999999999,100,7.2714
free_large,Tiện lợi (min Z1),5,98.5896,7.842580669218845,23.5646,0.6744600000000001,1.2688,4.024719999999999,89,7.2184
free_large,Tiện lợi (min Z1),6,98.686,7.8138080768437765,23.4568,0.66055,1.2454,3.99168,93,7.2062
free_large,Tiện lợi (min Z1),7,98.9044,7.830185109729402,23.5564,0.68345,1.2868,4.0181,85,7.1848
free_large,Tiện lợi (min Z1),8,99.488,7.912324884603732,23.7608,0.6916800000000001,1.301,4.082120000000001,99,7.2988
free_large,Tiện lợi (min Z1),9,99.0408,7.830042214555022,23.5586,0.68881,1.2884,4.02635,98,7.1786
free_large,Tiện lợi (min Z1),10,98.4772,7.761807491758209,23.3862,0.6774,1.2774,4.00435,105,7.179
free_large,Tiện lợi (min Z1),11,98.9296,7.857862804296917,23.5654,0.6873600000000001,1.2946,4.0646,116,7.2684
free_large,Tiện lợi (min Z1),12,98.818,7.841927434276114,23.6528,0.67356,1.2662,4.00432,89,7.1762
free_large,Tiện lợi (min Z1),13,98.6948,7.79984219771173,23.4866,0.66805,1.2594,3.99535,98,7.1808
free_large,Tiện lợi (min Z1),14,98.7032,7.80878832428997,23.4624,0.6650300000000001,1.2568,4.025239999999999,102,7.2426
free_large,Tiện lợi (min Z1),15,98.856,7.806044348104428,23.5036,0.67596,1.2788,3.98958,95,7.135
free_large,Tiện lợi (min Z1),16,98.392,7.784558208980865,23.4428,0.6736,1.2758,3.978,83,7.1168
free_large,Tiện lợi (min Z1),17,99.096,7.81655918705074,23.5496,0.68737,1.2972,4.0363,103,7.2228
free_large,Tiện lợi (min Z1),18,98.4436,7.800467147123299,23.4014,0.67302,1.2712,3.9963200000000003,96,7.1718
free_large,Tiện lợi (min Z1),19,99.3508,7.879936964831333,23.745,0.66961,1.2626,4.03865,94,7.2438
free_large,Tiện lợi (min Z1),20,99.3992,7.867798933275262,23.7488,0.6875399999999999,1.2802,4.065119999999999,127,7.2784
free_large,Tiện lợi (min Z1),21,99.0308,7.842090213340925,23.572,0.68147,1.279,4.0311900000000005,107,7.211
free_large,Tiện lợi (min Z1),22,98.4704,7.7692754033929425,23.3902,0.66905,1.263,3.97591,91,7.1264
free_large,Tiện lợi (min Z1),23,98.322,7.741938650829913,23.2534,0.6735399999999999,1.27,4.000719999999999,104,7.1666
free_large,Tiện lợi (min Z1),24,98.744,7.809058798997285,23.5426,0.6833,1.29,4.027830000000001,102,7.1982
free_large,Tiện lợi (min Z1),25,98.632,7.822560762420817,23.5674,0.6799299999999999,1.2818,4.01194,97,7.2006
free_large,Tiện lợi (min Z1),26,98.9448,7.877818001261953,23.7168,0.69186,1.2962,4.036809999999999,109,7.208
free_large,Tiện lợi (min Z1),27,99.2752,7.88344596216758,23.6248,0.6724600000000001,1.2648,4.09958,98,7.3764
free_large,Tiện lợi (min Z1),28,99.3088,7.868434395063872,23.6654,0.68406,1.2864,4.04276,92,7.235
free_large,Tiện lợi (min Z1),29,99.2944,7.883065909417342,23.7744,0.6869900000000001,1.2928,4.052379999999999,103,7.235
free_large,Cân bằng (điểm gối),0,106.7512,9.114514977526737,24.949,1.27705,1.967,4.642,112,7.25
free_large,Cân bằng (điểm gối),1,107.1192,9.098288140386114,25.0394,1.2586,1.939,4.62125,128,7.238
free_large,Cân bằng (điểm gối),2,106.9312,9.083270288077946,24.904,1.2727700000000002,1.9534,4.66559,125,7.3082
free_large,Cân bằng (điểm gối),3,105.9416,8.998596186430026,24.6002,1.26912,1.9402,4.591710000000001,121,7.1704
free_large,Cân bằng (điểm gối),4,107.0268,9.094242994811633,24.9374,1.2716599999999998,1.9526,4.65693,124,7.2714
free_large,Cân bằng (điểm gối),5,106.15,9.045251680124773,24.764,1.26264,1.9346,4.6129,109,7.2184
free_large,Cân bằng (điểm gối),6,106.0252,9.014345799295471,24.6716,1.25805,1.9332,4.589180000000001,117,7.2062
free_large,Cân bằng (điểm gối),7,106.486,9.036426004132593,24.7136,1.2625600000000001,1.9414,4.59721,126,7.1848
free_large,Cân bằng (điểm gối),8,106.9192,9.09489563910437,24.9332,1.2647399999999998,1.9454,4.6551800000000005,130,7.2988
free_large,Cân bằng (điểm gối),9,106.5096,9.064186592799478,24.821,1.2837599999999998,1.9696,4.6213,126,7.1786
free_large,Cân bằng (điểm gối),10,106.1476,9.002061542360867,24.6762,1.27491,1.9558,4.60186,110,7.179
free_large,Cân bằng (điểm gối),11,106.7392,9.071731283731774,24.8486,1.2938399999999999,1.9764,4.67108,133,7.2684
free_large,Cân bằng (điểm gối),12,106.2568,9.031851407476088,24.6786,1.2713,1.944,4.602060000000001,130,7.1762
free_large,Cân bằng (điểm gối),13,106.3408,9.04537424905332,24.744,1.26151,1.9376,4.5888100000000005,122,7.1808
free_large,Cân bằng (điểm gối),14,106.2832,9.04414194194033,24.7832,1.2457799999999999,1.9086,4.60599,112,7.2426
free_large,Cân bằng (điểm gối),15,106.284,8.995677496099905,24.6504,1.27959,1.9548,4.59321,104,7.135
free_large,Cân bằng (điểm gối),16,105.9868,8.99763642328037,24.6416,1.2529299999999999,1.9172,4.55733,116,7.1168
free_large,Cân bằng (điểm gối),17,106.554,9.037679720325217,24.7476,1.2485499999999998,1.9188,4.597479999999999,128,7.2228
free_large,Cân bằng (điểm gối),18,106.0964,9.04402383481003,24.7546,1.2781900000000002,1.9674,4.60149,123,7.1718
free_large,Cân bằng (điểm gối),19,106.976,9.100936276419219,24.978,1.26874,1.945,4.63778,115,7.2438
free_large,Cân bằng (điểm gối),20,107.1336,9.068874007732914,24.9004,1.2599,1.9372,4.63748,153,7.2784
free_large,Cân bằng (điểm gối),21,106.5804,9.074338955187262,24.8802,1.2601099999999998,1.9356,4.60983,118,7.211
free_large,Cân bằng (điểm gối),22,106.3152,8.99031471808176,24.6672,1.2784,1.9566,4.58526,143,7.1264
free_large,Cân bằng (điểm gối),23,105.856,8.95549341098349,24.5042,1.2532899999999998,1.9256,4.58047,124,7.1666
free_large,Cân bằng (điểm gối),24,106.2428,9.017685630278795,24.789,1.2756399999999999,1.9604,4.62017,109,7.1982
free_large,Cân bằng (điểm gối),25,106.1984,8.999226461627847,24.649,1.2554299999999998,1.9276,4.58744,123,7.2006
free_large,Cân bằng (điểm gối),26,106.5536,9.008418132140912,24.6602,1.24243,1.9118,4.5873800000000005,133,7.208
free_large,Cân bằng (điểm gối),27,107.2568,9.168464341692518,25.1666,1.27399,1.958,4.701110000000001,126,7.3764
free_large,Cân bằng (điểm gối),28,106.6868,9.087423254441472,24.9218,1.28305,1.974,4.64175,125,7.235
free_large,Cân bằng (điểm gối),29,106.5584,9.089415070704526,24.937,1.25466,1.9284,4.62005,118,7.235
free_large,Giá trị (max Z2),0,125.6112,9.642896696139893,26.7196,1.27141,2.0128,4.63636,137,7.25
free_large,Giá trị (max Z2),1,125.37,9.575745550827047,26.5018,1.2457799999999999,1.969,4.608429999999999,124,7.238
free_large,Giá trị (max Z2),2,126.1008,9.646269986775856,26.7692,1.25741,1.9924,4.6502300000000005,122,7.3082
free_large,Giá trị (max Z2),3,125.6396,9.581760553083322,26.4948,1.26025,1.9948,4.58284,149,7.1704
free_large,Giá trị (max Z2),4,125.6412,9.606220552224197,26.5544,1.2486600000000003,1.975,4.63393,129,7.2714
free_large,Giá trị (max Z2),5,125.6096,9.617787921819659,26.6294,1.2606099999999998,2.0046,4.610869999999999,123,7.2184
free_large,Giá trị (max Z2),6,125.4536,9.576891448040339,26.4182,1.24996,1.9764,4.58109,147,7.2062
free_large,Giá trị (max Z2),7,124.7344,9.496857074936761,26.3406,1.2331,1.951,4.56775,119,7.1848
free_large,Giá trị (max Z2),8,125.874,9.648255910257586,26.6194,1.2461799999999998,1.9712,4.63662,133,7.2988
free_large,Giá trị (max Z2),9,124.908,9.51261428220282,26.2992,1.24252,1.9698,4.5800600000000005,140,7.1786
free_large,Giá trị (max Z2),10,125.1632,9.520996339343474,26.341,1.24531,1.9758,4.572260000000001,118,7.179
free_large,Giá trị (max Z2),11,125.7292,9.583094291661162,26.4636,1.25999,1.9928,4.637230000000001,128,7.2684
free_large,Giá trị (max Z2),12,125.5148,9.575030736670463,26.499,1.2423400000000002,1.969,4.5731,152,7.1762
free_large,Giá trị (max Z2),13,125.1448,9.532810791893997,26.3906,1.24299,1.9688,4.57029,119,7.1808
free_large,Giá trị (max Z2),14,125.9488,9.632433381938183,26.6394,1.24787,1.9762,4.60808,124,7.2426
free_large,Giá trị (max Z2),15,124.9772,9.524066103268735,26.3732,1.2375,1.9588,4.55112,123,7.135
free_large,Giá trị (max Z2),16,125.1124,9.513064666126478,26.3142,1.25778,1.9882,4.562180000000001,139,7.1168
free_large,Giá trị (max Z2),17,125.8524,9.570154104188294,26.538,1.2390800000000002,1.9724,4.58801,142,7.2228
free_large,Giá trị (max Z2),18,124.9232,9.547548987995045,26.399,1.23043,1.9492,4.55373,151,7.1718
free_large,Giá trị (max Z2),19,125.5692,9.594893054395015,26.583,1.2557099999999999,1.9878,4.62475,125,7.2438
free_large,Giá trị (max Z2),20,125.5956,9.60186351518749,26.6616,1.23838,1.9644,4.61596,154,7.2784
free_large,Giá trị (max Z2),21,125.0888,9.531613908262948,26.3088,1.24135,1.9544,4.591069999999999,121,7.211
free_large,Giá trị (max Z2),22,124.72,9.51224228805773,26.4216,1.2432400000000001,1.967,4.5501,148,7.1264
free_large,Giá trị (max Z2),23,125.0104,9.514273111862114,26.3194,1.2442099999999998,1.9716,4.571390000000001,131,7.1666
free_large,Giá trị (max Z2),24,125.4628,9.556293460694052,26.4834,1.26512,1.9956,4.60965,143,7.1982
free_large,Giá trị (max Z2),25,125.3024,9.562538412758355,26.4454,1.22865,1.9434,4.5606599999999995,146,7.2006
free_large,Giá trị (max Z2),26,125.5716,9.570005641129582,26.5398,1.2607,1.9964,4.60565,164,7.208
free_large,Giá trị (max Z2),27,126.5632,9.679862505270583,26.7436,1.24526,1.9736,4.67238,137,7.3764
free_large,Giá trị (max Z2),28,125.3992,9.60858441154706,26.6512,1.25685,1.9882,4.61555,149,7.235
free_large,Giá trị (max Z2),29,125.6896,9.596741345762219,26.5806,1.27409,2.0178,4.639480000000001,125,7.235
case_minimart_n30,Hiện trạng,0,41.514,3.962835959382178,12.3144,0.71331,1.509,3.36082,73,5.8284
case_minimart_n30,Hiện trạng,1,41.3988,3.9497715290802415,12.2888,0.7212700000000001,1.5212,3.34855,73,5.7824
case_minimart_n30,Hiện trạng,2,41.4536,3.954481835864181,12.2436,0.71472,1.5042,3.37341,72,5.8612
case_minimart_n30,Hiện trạng,3,41.8012,4.016112940945164,12.4466,0.7262299999999999,1.5268,3.44005,72,5.9534
case_minimart_n30,Hiện trạng,4,41.43,3.9620078472913827,12.2904,0.72031,1.5264,3.34709,76,5.7914
case_minimart_n30,Hiện trạng,5,41.442,3.9576306333586317,12.2386,0.70332,1.483,3.3513100000000007,74,5.8282
case_minimart_n30,Hiện trạng,6,41.5756,3.9499254994389457,12.2404,0.69545,1.468,3.3418699999999997,77,5.8326
case_minimart_n30,Hiện trạng,7,41.7592,4.001241500140044,12.4278,0.71923,1.512,3.4130599999999998,78,5.9314
case_minimart_n30,Hiện trạng,8,41.6376,3.9926074706480215,12.2846,0.72133,1.5136,3.39143,79,5.8798
case_minimart_n30,Hiện trạng,9,41.5456,3.9832300190499375,12.3514,0.72439,1.5258,3.3929,74,5.8738
case_minimart_n30,Hiện trạng,10,41.484,3.955381822718985,12.2824,0.7154,1.5076,3.3709300000000004,75,5.8362
case_minimart_n30,Hiện trạng,11,41.4748,3.9772342058397427,12.3438,0.70581,1.4826,3.3760199999999996,70,5.8784
case_minimart_n30,Hiện trạng,12,41.8976,4.00525271510459,12.4162,0.7136600000000001,1.5074,3.42827,75,5.9682
case_minimart_n30,Hiện trạng,13,41.7172,3.977426685451012,12.3406,0.7129700000000001,1.5042,3.3888199999999995,67,5.901
case_minimart_n30,Hiện trạng,14,41.4136,3.9606972022033484,12.314,0.71706,1.511,3.3625799999999995,77,5.8164
case_minimart_n30,Hiện trạng,15,41.5536,3.965980961664666,12.3404,0.7128700000000001,1.5086,3.38173,77,5.8674
case_minimart_n30,Hiện trạng,16,41.5292,3.9539042273485503,12.2706,0.72073,1.5178,3.3644800000000004,70,5.8144
case_minimart_n30,Hiện trạng,17,41.6536,3.983314360258136,12.3952,0.71144,1.4992,3.3954699999999995,77,5.9078
case_minimart_n30,Hiện trạng,18,41.4036,3.9625923512760752,12.2716,0.7046,1.4868,3.3350199999999997,72,5.8064
case_minimart_n30,Hiện trạng,19,41.728,4.01326483247414,12.4226,0.7141200000000001,1.505,3.40677,78,5.9244
case_minimart_n30,Hiện trạng,20,41.4944,3.9569373910252783,12.251,0.7067899999999999,1.4856,3.3704300000000003,81,5.8598
case_minimart_n30,Hiện trạng,21,41.6208,3.9817737006508986,12.3492,0.72327,1.5244,3.37926,82,5.8524
case_minimart_n30,Hiện trạng,22,41.2172,3.930925733492567,12.199,0.69375,1.4606,3.3270699999999995,79,5.7932
case_minimart_n30,Hiện trạng,23,41.7064,4.017194086999472,12.4524,0.7074600000000001,1.4974,3.4071300000000004,78,5.9392
case_minimart_n30,Hiện trạng,24,41.5804,3.9690610602818968,12.3154,0.7285200000000001,1.5344,3.3883600000000005,71,5.8494
case_minimart_n30,Hiện trạng,25,41.7604,3.9937506747316873,12.3926,0.71449,1.504,3.392,68,5.895
case_minimart_n30,Hiện trạng,26,41.6524,4.003147983266722,12.417,0.7108899999999999,1.5014,3.4037599999999997,78,5.9218
case_minimart_n30,Hiện trạng,27,41.2772,3.9515141673552354,12.2648,0.71225,1.501,3.3581899999999996,75,5.817
case_minimart_n30,Hiện trạng,28,41.7604,4.001879630611981,12.4176,0.7166600000000001,1.5102,3.4021199999999996,73,5.9084
case_minimart_n30,Hiện trạng,29,41.7272,4.0087288905622955,12.4194,0.7166799999999999,1.5174,3.41664,82,5.9536
case_minimart_n30,Tiện lợi (min Z1),0,40.2348,3.5161271444924207,10.4908,0.4853200000000001,1.0372,3.1328300000000002,68,5.8284
case_minimart_n30,Tiện lợi (min Z1),1,40.2476,3.514375386578041,10.4874,0.4876400000000001,1.0468,3.11492,68,5.7824
case_minimart_n30,Tiện lợi (min Z1),2,40.3852,3.537331886004642,10.527,0.4831700000000001,1.0242,3.14186,71,5.8612
case_minimart_n30,Tiện lợi (min Z1),3,40.6704,3.5662210366645857,10.6646,0.48858999999999997,1.0366,3.20241,83,5.9534
case_minimart_n30,Tiện lợi (min Z1),4,40.1196,3.501824801501908,10.4464,0.47925,1.027,3.1060300000000005,74,5.7914
case_minimart_n30,Tiện lợi (min Z1),5,40.3264,3.5332482489296466,10.5334,0.48036,1.0272,3.12835,73,5.8282
case_minimart_n30,Tiện lợi (min Z1),6,40.1768,3.515610779726072,10.5244,0.4777799999999999,1.02,3.1242,65,5.8326
case_minimart_n30,Tiện lợi (min Z1),7,40.4788,3.566818457448049,10.6208,0.48044000000000003,1.0236,3.1742700000000004,66,5.9314
case_minimart_n30,Tiện lợi (min Z1),8,40.36,3.5593879584473513,10.5824,0.47691000000000006,1.0192,3.14701,70,5.8798
case_minimart_n30,Tiện lợi (min Z1),9,40.45,3.5539067880488613,10.5702,0.48413999999999996,1.0304,3.15265,67,5.8738
case_minimart_n30,Tiện lợi (min Z1),10,40.2828,3.5332066842630097,10.5458,0.484,1.036,3.1395299999999997,63,5.8362
case_minimart_n30,Tiện lợi (min Z1),11,40.3216,3.5243254644291504,10.5202,0.46751000000000004,1.0016,3.13772,62,5.8784
case_minimart_n30,Tiện lợi (min Z1),12,40.594,3.574167737466165,10.6332,0.4675,0.992,3.1821099999999998,68,5.9682
case_minimart_n30,Tiện lợi (min Z1),13,40.3964,3.546581370690647,10.575,0.47198,1.0116,3.14783,76,5.901
case_minimart_n30,Tiện lợi (min Z1),14,40.3236,3.5303108563130094,10.539,0.49105,1.0516,3.13657,66,5.8164
case_minimart_n30,Tiện lợi (min Z1),15,40.3796,3.5360150918280584,10.5538,0.4832200000000001,1.0288,3.15208,62,5.8674
case_minimart_n30,Tiện lợi (min Z1),16,40.0896,3.5044395453104387,10.464,0.4802,1.0226,3.12395,70,5.8144
case_minimart_n30,Tiện lợi (min Z1),17,40.4664,3.5444967197949597,10.5856,0.4812,1.0318,3.16523,69,5.9078
case_minimart_n30,Tiện lợi (min Z1),18,40.1932,3.5156564784211106,10.474,0.47441000000000005,1.0158,3.1048299999999998,65,5.8064
case_minimart_n30,Tiện lợi (min Z1),19,40.502,3.5657074848131174,10.641,0.4854,1.0328,3.17805,63,5.9244
case_minimart_n30,Tiện lợi (min Z1),20,40.358,3.5362741778459865,10.5718,0.48266000000000003,1.0224,3.1463,68,5.8598
case_minimart_n30,Tiện lợi (min Z1),21,40.2504,3.5386458981814752,10.5528,0.48145,1.027,3.1374400000000002,73,5.8524
case_minimart_n30,Tiện lợi (min Z1),22,40.188,3.508691418543314,10.4858,0.47379000000000004,1.0122,3.10711,60,5.7932
case_minimart_n30,Tiện lợi (min Z1),23,40.5924,3.577602723832255,10.6424,0.48657000000000006,1.0368,3.18624,69,5.9392
case_minimart_n30,Tiện lợi (min Z1),24,40.3748,3.5321804720391725,10.549,0.48918999999999996,1.0438,3.14903,63,5.8494
case_minimart_n30,Tiện lợi (min Z1),25,40.3236,3.548397111003178,10.5638,0.47831,1.0144,3.1558200000000003,67,5.895
case_minimart_n30,Tiện lợi (min Z1),26,40.5156,3.568760710915242,10.6302,0.47605,1.0186,3.1689199999999995,64,5.9218
case_minimart_n30,Tiện lợi (min Z1),27,40.172,3.510039147009971,10.4518,0.48207,1.0274,3.12801,64,5.817
case_minimart_n30,Tiện lợi (min Z1),28,40.5184,3.549328658004368,10.5726,0.46756000000000003,0.9976,3.15302,66,5.9084
case_minimart_n30,Tiện lợi (min Z1),29,40.5212,3.5551858887359384,10.5914,0.47505,1.0128,3.17501,62,5.9536
case_minimart_n30,Cân bằng (điểm gối),0,40.4116,3.900554847887207,11.9242,0.7489,1.5634,3.39641,66,5.8284
case_minimart_n30,Cân bằng (điểm gối),1,40.3964,3.893139926515418,11.8764,0.76739,1.604,3.3946699999999996,61,5.7824
case_minimart_n30,Cân bằng (điểm gối),2,40.5332,3.892738851371002,11.872,0.74693,1.5596,3.40562,68,5.8612
case_minimart_n30,Cân bằng (điểm gối),3,40.7228,3.9391375354375042,12.0416,0.75002,1.5708,3.4638399999999994,66,5.9534
case_minimart_n30,Cân bằng (điểm gối),4,40.4048,3.898630080862352,11.8884,0.76268,1.5886,3.3894599999999997,73,5.7914
case_minimart_n30,Cân bằng (điểm gối),5,40.5076,3.909771655534753,11.936,0.75608,1.5822,3.40407,64,5.8282
case_minimart_n30,Cân bằng (điểm gối),6,40.406,3.8955270894722447,11.8782,0.75325,1.5718,3.3996699999999995,63,5.8326
case_minimart_n30,Cân bằng (điểm gối),7,40.6784,3.939527244142488,12.005,0.7478,1.56,3.4416300000000004,72,5.9314
case_minimart_n30,Cân bằng (điểm gối),8,40.4732,3.9241052756699033,11.8954,0.7496,1.5726,3.4197,60,5.8798
case_minimart_n30,Cân bằng (điểm gối),9,40.4384,3.9123160188381445,11.9292,0.7676200000000001,1.6026,3.4361300000000004,69,5.8738
case_minimart_n30,Cân bằng (điểm gối),10,40.4276,3.887263824460581,11.9018,0.76618,1.595,3.4217100000000005,72,5.8362
case_minimart_n30,Cân bằng (điểm gối),11,40.4868,3.9101988091295907,11.919,0.7556400000000001,1.5774,3.42585,64,5.8784
case_minimart_n30,Cân bằng (điểm gối),12,40.7668,3.948364315123563,12.0092,0.75034,1.5682,3.46495,69,5.9682
case_minimart_n30,Cân bằng (điểm gối),13,40.6048,3.924205691126894,11.9446,0.74475,1.5572,3.4206,63,5.901
case_minimart_n30,Cân bằng (điểm gối),14,40.4016,3.897578398225527,11.9008,0.7409899999999999,1.5498,3.38651,57,5.8164
case_minimart_n30,Cân bằng (điểm gối),15,40.546,3.909614373987379,11.9238,0.7528600000000001,1.5758,3.4217199999999997,64,5.8674
case_minimart_n30,Cân bằng (điểm gối),16,40.2948,3.8823356680130447,11.8308,0.7590300000000001,1.5816,3.4027800000000004,66,5.8144
case_minimart_n30,Cân bằng (điểm gối),17,40.7804,3.928816923514546,11.9864,0.7660100000000001,1.599,3.45004,65,5.9078
case_minimart_n30,Cân bằng (điểm gối),18,40.404,3.8866977125541795,11.8754,0.7592899999999999,1.5836,3.38971,64,5.8064
case_minimart_n30,Cân bằng (điểm gối),19,40.756,3.936493233545576,12.0054,0.75552,1.5856,3.4481699999999997,62,5.9244
case_minimart_n30,Cân bằng (điểm gối),20,40.4744,3.8973019344442634,11.8912,0.7522800000000001,1.5686,3.4159200000000003,61,5.8598
case_minimart_n30,Cân bằng (điểm gối),21,40.5076,3.9205296987267757,11.9442,0.76111,1.5928,3.4171,64,5.8524
case_minimart_n30,Cân bằng (điểm gối),22,40.3228,3.8825104245550914,11.8288,0.75851,1.5786,3.39183,66,5.7932
case_minimart_n30,Cân bằng (điểm gối),23,40.6568,3.9295043588033165,11.9738,0.7440399999999999,1.5516,3.44371,65,5.9392
case_minimart_n30,Cân bằng (điểm gối),24,40.554,3.911028255602318,11.9336,0.7590600000000001,1.5826,3.4189,64,5.8494
case_minimart_n30,Cân bằng (điểm gối),25,40.5888,3.9292333445520993,11.966,0.75448,1.5824,3.4319900000000003,63,5.895
case_minimart_n30,Cân bằng (điểm gối),26,40.726,3.9331996320011777,12.0072,0.7500600000000001,1.5666,3.4429300000000005,65,5.9218
case_minimart_n30,Cân bằng (điểm gối),27,40.4432,3.9054662445835535,11.8978,0.7460600000000001,1.5556,3.392,70,5.817
case_minimart_n30,Cân bằng (điểm gối),28,40.7388,3.928120347185267,11.9744,0.75521,1.578,3.4406700000000003,67,5.9084
case_minimart_n30,Cân bằng (điểm gối),29,40.754,3.9571978208780476,12.01,0.7560399999999999,1.5794,3.456,67,5.9536
case_minimart_n30,Giá trị (max Z2),0,44.0252,4.180751270930114,12.7678,0.8560100000000003,1.7908,3.5035200000000004,81,5.8284
case_minimart_n30,Giá trị (max Z2),1,43.9412,4.1998184793437305,12.8204,0.8938099999999999,1.861,3.5210899999999996,88,5.7824
case_minimart_n30,Giá trị (max Z2),2,44.148,4.20134390811516,12.823,0.8680100000000001,1.8106,3.5267,75,5.8612
case_minimart_n30,Giá trị (max Z2),3,44.3384,4.248576510063646,12.927,0.8691,1.818,3.5829199999999997,80,5.9534
case_minimart_n30,Giá trị (max Z2),4,44.112,4.205770781865237,12.8618,0.86295,1.8002,3.48973,80,5.7914
case_minimart_n30,Giá trị (max Z2),5,44.1504,4.209890571547973,12.8778,0.8729,1.8168,3.52089,83,5.8282
case_minimart_n30,Giá trị (max Z2),6,44.156,4.208690958660636,12.8566,0.8813700000000001,1.8374,3.52779,78,5.8326
case_minimart_n30,Giá trị (max Z2),7,44.344,4.237068696261108,12.94,0.85992,1.8004,3.55375,75,5.9314
case_minimart_n30,Giá trị (max Z2),8,44.1588,4.221323781051381,12.8526,0.8640400000000001,1.8082,3.5341400000000007,82,5.8798
case_minimart_n30,Giá trị (max Z2),9,44.2796,4.226132720714489,12.9186,0.87431,1.8202,3.54282,81,5.8738
case_minimart_n30,Giá trị (max Z2),10,44.2248,4.210095239518297,12.8678,0.8733200000000001,1.8278,3.52885,76,5.8362
case_minimart_n30,Giá trị (max Z2),11,44.3096,4.240778551152722,12.9232,0.8792399999999999,1.841,3.54945,77,5.8784
case_minimart_n30,Giá trị (max Z2),12,44.3804,4.264569481475007,13.011,0.8749399999999999,1.8308,3.58955,84,5.9682
case_minimart_n30,Giá trị (max Z2),13,44.3704,4.2398656243363,12.9132,0.8778,1.8264,3.55365,79,5.901
case_minimart_n30,Giá trị (max Z2),14,44.036,4.190629123156854,12.8332,0.8824299999999999,1.8392,3.52795,77,5.8164
case_minimart_n30,Giá trị (max Z2),15,44.2852,4.222434592564663,12.9152,0.8798799999999999,1.8338,3.54874,88,5.8674
case_minimart_n30,Giá trị (max Z2),16,44.0768,4.192682337999533,12.8088,0.8751200000000001,1.829,3.5188699999999997,78,5.8144
case_minimart_n30,Giá trị (max Z2),17,44.306,4.222937330172446,12.903,0.8611400000000001,1.7958,3.5451700000000006,75,5.9078
case_minimart_n30,Giá trị (max Z2),18,44.0496,4.188196797022002,12.7976,0.8658600000000001,1.8026,3.4962800000000005,75,5.8064
case_minimart_n30,Giá trị (max Z2),19,44.3516,4.259044886092635,12.9642,0.87055,1.8146,3.5632,78,5.9244
case_minimart_n30,Giá trị (max Z2),20,44.132,4.215978179901331,12.8766,0.87398,1.8188,3.5376199999999995,86,5.8598
case_minimart_n30,Giá trị (max Z2),21,44.272,4.221814193864481,12.8484,0.8719900000000002,1.82,3.5279800000000003,81,5.8524
case_minimart_n30,Giá trị (max Z2),22,43.9584,4.170217156728745,12.7716,0.8669400000000002,1.8104,3.50026,78,5.7932
case_minimart_n30,Giá trị (max Z2),23,44.4456,4.251772546321506,12.9558,0.8708300000000001,1.809,3.5705,85,5.9392
case_minimart_n30,Giá trị (max Z2),24,44.1264,4.200442868638262,12.825,0.8723,1.8202,3.53214,81,5.8494
case_minimart_n30,Giá trị (max Z2),25,44.3008,4.227915743103374,12.9138,0.8665900000000002,1.8072,3.5441,83,5.895
case_minimart_n30,Giá trị (max Z2),26,44.4088,4.243428469973349,12.9782,0.88155,1.839,3.57442,85,5.9218
case_minimart_n30,Giá trị (max Z2),27,44.0656,4.192416218539981,12.79,0.86818,1.817,3.5141199999999997,83,5.817
case_minimart_n30,Giá trị (max Z2),28,44.336,4.219809840528749,12.8982,0.8710700000000001,1.8162,3.5565300000000004,76,5.9084
case_minimart_n30,Giá trị (max Z2),29,44.4836,4.241706075420776,12.9572,0.8669600000000001,1.8064,3.5669200000000005,85,5.9536
